{"texture_size":[64,64],"elements":[{"from":[-1.24264,0,3],"to":[0.75736,5,13],"rotation":{"angle":0,"axis":"y","origin":[8,2.5,8]},"faces":{"north":{"uv":[8,10.5,8.5,11.75],"texture":"#0"},"east":{"uv":[0,8,2.5,9.25],"texture":"#0"},"south":{"uv":[8.5,10.5,9,11.75],"texture":"#0"},"west":{"uv":[8,0,10.5,1.25],"texture":"#0"},"up":{"uv":[6.5,11.75,6,9.25],"texture":"#0"},"down":{"uv":[7,9.25,6.5,11.75],"texture":"#0"}}},{"from":[-2.06107,0.01,5.01],"to":[-0.08107,4.99,10.99],"rotation":{"angle":45,"axis":"y","origin":[8,2.5,8]},"faces":{"north":{"uv":[10.5,4.5,11,5.75],"texture":"#0"},"east":{"uv":[8,6.25,9.5,7.5],"texture":"#0"},"south":{"uv":[5,10.5,5.5,11.75],"texture":"#0"},"west":{"uv":[7.5,8,9,9.25],"texture":"#0"},"up":{"uv":[11,1.5,10.5,0],"texture":"#0"},"down":{"uv":[11,1.5,10.5,3],"texture":"#0"}}},{"from":[-2.06107,0.01,5.01],"to":[-0.08107,4.99,10.99],"rotation":{"angle":-45,"axis":"y","origin":[8,2.5,8]},"faces":{"north":{"uv":[5.5,10.5,6,11.75],"texture":"#0"},"east":{"uv":[9,7.5,10.5,8.75],"texture":"#0"},"south":{"uv":[10.5,7.25,11,8.5],"texture":"#0"},"west":{"uv":[9,8.75,10.5,10],"texture":"#0"},"up":{"uv":[3,12,2.5,10.5],"texture":"#0"},"down":{"uv":[3.5,10.5,3,12],"texture":"#0"}}},{"from":[3,0,-1.24264],"to":[13,5,0.75736],"rotation":{"angle":0,"axis":"y","origin":[8,2.5,8]},"faces":{"north":{"uv":[8,1.25,10.5,2.5],"texture":"#0"},"east":{"uv":[9.5,10.5,10,11.75],"texture":"#0"},"south":{"uv":[2.5,8,5,9.25],"texture":"#0"},"west":{"uv":[10.5,9.75,11,11],"texture":"#0"},"up":{"uv":[12,6.75,9.5,6.25],"texture":"#0"},"down":{"uv":[12,6.75,9.5,7.25],"texture":"#0"}}},{"from":[0,5.025,0],"to":[16,5.025,16],"rotation":{"angle":0,"axis":"y","origin":[6.5,2.5,9.24264]},"faces":{"north":{"uv":[0,0,4,0],"texture":"#0"},"east":{"uv":[0,0,4,0],"texture":"#0"},"south":{"uv":[0,0,4,0],"texture":"#0"},"west":{"uv":[0,0,4,0],"texture":"#0"},"up":{"uv":[4,4,0,0],"texture":"#0"},"down":{"uv":[4,4,0,8],"texture":"#0"}}},{"from":[0,0.1,0],"to":[16,0.1,16],"rotation":{"angle":0,"axis":"y","origin":[6.5,2.5,9.24264]},"faces":{"north":{"uv":[0,0,4,0],"texture":"#0"},"east":{"uv":[0,0,4,0],"texture":"#0"},"south":{"uv":[0,0,4,0],"texture":"#0"},"west":{"uv":[0,0,4,0],"texture":"#0"},"up":{"uv":[8,4,4,0],"texture":"#0"},"down":{"uv":[8,4,4,8],"texture":"#0"}}},{"from":[3,0,15.24264],"to":[13,5,17.24264],"rotation":{"angle":0,"axis":"y","origin":[8,2.5,8]},"faces":{"north":{"uv":[5,8,7.5,9.25],"texture":"#0"},"east":{"uv":[1,11,1.5,12.25],"texture":"#0"},"south":{"uv":[8,5,10.5,6.25],"texture":"#0"},"west":{"uv":[11,1.25,11.5,2.5],"texture":"#0"},"up":{"uv":[10.5,10.5,8,10],"texture":"#0"},"down":{"uv":[2.5,10.5,0,11],"texture":"#0"}}},{"from":[16.08107,0.01,5.01],"to":[18.06107,4.99,10.99],"rotation":{"angle":-45,"axis":"y","origin":[8,2.5,8]},"faces":{"north":{"uv":[11,0,11.5,1.25],"texture":"#0"},"east":{"uv":[3,9.25,4.5,10.5],"texture":"#0"},"south":{"uv":[0.5,11,1,12.25],"texture":"#0"},"west":{"uv":[4.5,9.25,6,10.5],"texture":"#0"},"up":{"uv":[4.5,12,4,10.5],"texture":"#0"},"down":{"uv":[5,10.5,4.5,12],"texture":"#0"}}},{"from":[15.24264,0,3],"to":[17.24264,5,13],"rotation":{"angle":0,"axis":"y","origin":[8,2.5,8]},"faces":{"north":{"uv":[10,10.5,10.5,11.75],"texture":"#0"},"east":{"uv":[8,2.5,10.5,3.75],"texture":"#0"},"south":{"uv":[0,11,0.5,12.25],"texture":"#0"},"west":{"uv":[8,3.75,10.5,5],"texture":"#0"},"up":{"uv":[7.5,11.75,7,9.25],"texture":"#0"},"down":{"uv":[8,9.25,7.5,11.75],"texture":"#0"}}},{"from":[16.08107,0.01,5.01],"to":[18.06107,4.99,10.99],"rotation":{"angle":45,"axis":"y","origin":[8,2.5,8]},"faces":{"north":{"uv":[10.5,8.5,11,9.75],"texture":"#0"},"east":{"uv":[0,9.25,1.5,10.5],"texture":"#0"},"south":{"uv":[9,10.5,9.5,11.75],"texture":"#0"},"west":{"uv":[1.5,9.25,3,10.5],"texture":"#0"},"up":{"uv":[11,4.5,10.5,3],"texture":"#0"},"down":{"uv":[4,10.5,3.5,12],"texture":"#0"}}},{"from":[4,-8,0],"to":[4,0,4],"rotation":{"angle":45,"axis":"y","origin":[3,-1,3]},"faces":{"north":{"uv":[0,0,0,2],"texture":"#0"},"east":{"uv":[11.75,1.5,12.75,3.5],"texture":"#0"},"south":{"uv":[0,0,0,2],"texture":"#0"},"west":{"uv":[12.75,1.5,11.75,3.5],"texture":"#0"},"up":{"uv":[0,1,0,0],"texture":"#0"},"down":{"uv":[0,0,0,1],"texture":"#0"}}},{"from":[2,-8,2],"to":[6,0,2],"rotation":{"angle":45,"axis":"y","origin":[3,-4,3]},"faces":{"north":{"uv":[11.75,1.5,12.75,3.5],"texture":"#0"},"east":{"uv":[0,0,0,2],"texture":"#0"},"south":{"uv":[12.75,1.5,11.75,3.5],"texture":"#0"},"west":{"uv":[0,0,0,2],"texture":"#0"},"up":{"uv":[0,1,0,0],"rotation":270,"texture":"#0"},"down":{"uv":[0,0,0,1],"rotation":90,"texture":"#0"}}},{"from":[13.70711,-6,3.12132],"to":[13.70711,2,7.12132],"rotation":{"angle":-22.5,"axis":"y","origin":[13.70711,-4,5.12132]},"faces":{"north":{"uv":[0,0,0,2],"texture":"#0"},"east":{"uv":[11.75,1.5,12.75,3.5],"texture":"#0"},"south":{"uv":[0,0,0,2],"texture":"#0"},"west":{"uv":[11.75,1.5,12.75,3.5],"texture":"#0"},"up":{"uv":[0,1,0,0],"texture":"#0"},"down":{"uv":[0,0,0,1],"texture":"#0"}}},{"from":[11.70711,-6,5.12132],"to":[15.70711,2,5.12132],"rotation":{"angle":-22.5,"axis":"y","origin":[13.70711,-4,5.12132]},"faces":{"north":{"uv":[11.75,1.5,12.75,3.5],"texture":"#0"},"east":{"uv":[0,0,0,2],"texture":"#0"},"south":{"uv":[11.75,1.5,12.75,3.5],"texture":"#0"},"west":{"uv":[0,0,0,2],"texture":"#0"},"up":{"uv":[0,0,0,1],"rotation":270,"texture":"#0"},"down":{"uv":[0,1,0,0],"rotation":90,"texture":"#0"}}},{"from":[12,-8,12],"to":[12,0,16],"rotation":{"angle":45,"axis":"y","origin":[13,-1,13]},"faces":{"north":{"uv":[0,0,0,2],"texture":"#0"},"east":{"uv":[12.75,1.5,11.75,3.5],"texture":"#0"},"south":{"uv":[0,0,0,2],"texture":"#0"},"west":{"uv":[11.75,1.5,12.75,3.5],"texture":"#0"},"up":{"uv":[0,0,0,1],"texture":"#0"},"down":{"uv":[0,1,0,0],"texture":"#0"}}},{"from":[10,-8,14],"to":[14,0,14],"rotation":{"angle":45,"axis":"y","origin":[13,-4,13]},"faces":{"north":{"uv":[12.75,1.5,11.75,3.5],"texture":"#0"},"east":{"uv":[0,0,0,2],"texture":"#0"},"south":{"uv":[11.75,1.5,12.75,3.5],"texture":"#0"},"west":{"uv":[0,0,0,2],"texture":"#0"},"up":{"uv":[0,0,0,1],"rotation":270,"texture":"#0"},"down":{"uv":[0,1,0,0],"rotation":90,"texture":"#0"}}},{"from":[2.29289,-6,8.87868],"to":[2.29289,2,12.87868],"rotation":{"angle":-22.5,"axis":"y","origin":[2.29289,-4,10.87868]},"faces":{"north":{"uv":[0,0,0,2],"texture":"#0"},"east":{"uv":[11.75,1.5,12.75,3.5],"texture":"#0"},"south":{"uv":[0,0,0,2],"texture":"#0"},"west":{"uv":[11.75,1.5,12.75,3.5],"texture":"#0"},"up":{"uv":[0,0,0,1],"texture":"#0"},"down":{"uv":[0,1,0,0],"texture":"#0"}}},{"from":[0.29289,-6,10.87868],"to":[4.29289,2,10.87868],"rotation":{"angle":-22.5,"axis":"y","origin":[2.29289,-4,10.87868]},"faces":{"north":{"uv":[11.75,1.5,12.75,3.5],"texture":"#0"},"east":{"uv":[0,0,0,2],"texture":"#0"},"south":{"uv":[11.75,1.5,12.75,3.5],"texture":"#0"},"west":{"uv":[0,0,0,2],"texture":"#0"},"up":{"uv":[0,1,0,0],"rotation":270,"texture":"#0"},"down":{"uv":[0,0,0,1],"rotation":90,"texture":"#0"}}}],"gui_light":"front","display":{"thirdperson_righthand":{"rotation":[68,15,0],"translation":[0,0,1.5],"scale":[0.5,0.5,0.5]},"thirdperson_lefthand":{"rotation":[68,15,0],"translation":[0,0,1.5],"scale":[0.5,0.5,0.5]},"firstperson_righthand":{"rotation":[0,10,0],"translation":[1,5.5,0],"scale":[0.4,0.4,0.4]},"firstperson_lefthand":{"rotation":[0,10,0],"translation":[1,5.5,0],"scale":[0.4,0.4,0.4]},"ground":{"rotation":[19,20,0],"translation":[0,5,0],"scale":[0.5,0.5,0.5]},"gui":{"rotation":[22.5,45,0],"translation":[0,4.25,0],"scale":[0.7,0.7,0.7]},"head":{"rotation":[6,180,0],"translation":[0,15.5,1],"scale":[1.8,1.8,1.8]},"fixed":{"translation":[0,2.5,2.5]}}}