{"texture_size":[64,64],"elements":[{"from":[3.5,-0.5,4.25],"to":[12.5,8.5,12.25],"rotation":{"angle":0,"axis":"y","origin":[6.5,0.5,2.25]},"faces":{"north":{"uv":[3.25,5.5,5.5,7.75],"texture":"#0"},"east":{"uv":[8.25,6.5,10.25,8.75],"texture":"#0"},"west":{"uv":[0,8.25,2,10.5],"texture":"#0"},"up":{"uv":[8.25,2,6,0],"texture":"#0"}}},{"from":[3,-0.25,3.75],"to":[13,2.75,10.75],"rotation":{"angle":-22.5,"axis":"x","origin":[8,1.25,10.25]},"faces":{"north":{"uv":[0,10.75,2.5,11.5],"texture":"#0"},"east":{"uv":[12.75,5,11,5.75],"texture":"#0"},"south":{"uv":[2.75,10.75,5.25,11.5],"texture":"#0"},"west":{"uv":[11,5,12.75,5.75],"texture":"#0"},"up":{"uv":[2.5,8.25,0,6.5],"texture":"#0"},"down":{"uv":[5.25,7.75,2.75,9.5],"texture":"#0"}}},{"from":[13,1.60195,10.97836],"to":[3,-1.39805,3.97836],"rotation":{"angle":-22.5,"axis":"x","origin":[8,0.10195,7.47836]},"faces":{"north":{"uv":[2.75,10.75,5.25,11.5],"rotation":180,"texture":"#0"},"east":{"uv":[12.75,5,11,5.75],"rotation":180,"texture":"#0"},"south":{"uv":[0,10.75,2.5,11.5],"rotation":180,"texture":"#0"},"west":{"uv":[11,5,12.75,5.75],"rotation":180,"texture":"#0"},"up":{"uv":[5.25,7.75,2.75,9.5],"texture":"#0"},"down":{"uv":[2.5,8.25,0,6.5],"texture":"#0"}}},{"from":[3,2.25,3.5],"to":[13,9.25,10.5],"rotation":{"angle":0,"axis":"y","origin":[14,5.25,17]},"faces":{"north":{"uv":[8.5,0,11,1.75],"texture":"#0"},"east":{"uv":[12.25,6.5,10.5,7.75],"texture":"#0"},"south":{"uv":[11.75,2.5,14.25,3.75],"texture":"#0"},"west":{"uv":[10.5,6.5,12.25,8.25],"texture":"#0"},"up":{"uv":[5.5,9.5,8,7.75],"texture":"#0"},"down":{"uv":[8.25,4.5,10.75,6.25],"texture":"#0"}}}],"gui_light":"front","display":{"thirdperson_righthand":{"rotation":[45,0,0],"translation":[0,1.5,2],"scale":[0.75,0.75,0.75]},"thirdperson_lefthand":{"rotation":[45,0,0],"translation":[0,1.5,2],"scale":[0.75,0.75,0.75]},"firstperson_righthand":{"rotation":[-10,110,0],"translation":[1,6,0],"scale":[0.55,0.55,0.55]},"firstperson_lefthand":{"rotation":[-10,110,0],"translation":[1,6,0],"scale":[0.55,0.55,0.55]},"ground":{"rotation":[60,0,0],"translation":[0,4,2],"scale":[0.75,0.75,0.75]},"gui":{"rotation":[22.5,135,0],"translation":[0.5,4.25,0],"scale":[0.95,0.95,0.95]},"head":{"translation":[0,5.75,-1.5],"scale":[1.7,1.7,1.7]},"fixed":{"translation":[0,9,-2],"scale":[2,2,2]}}}