{"texture_size":[64,64],"elements":[{"name":"cube inverted","from":[13.5,0,13.5],"to":[2.5,-9,2.5],"rotation":{"angle":0,"axis":"y","origin":[7,0,7]},"faces":{"north":{"uv":[13.25,16,16,13.75],"texture":"#0"},"east":{"uv":[7.75,16,10.5,13.75],"texture":"#0"},"south":{"uv":[10.5,16,13.25,13.75],"texture":"#0"},"west":{"uv":[10.5,16,7.75,13.75],"texture":"#0"}}},{"from":[2.5,-9,2.5],"to":[13.5,0,13.5],"rotation":{"angle":0,"axis":"y","origin":[7,0,7]},"faces":{"north":{"uv":[10.5,13.75,13.25,16],"texture":"#0"},"east":{"uv":[10.5,13.75,7.75,16],"texture":"#0"},"south":{"uv":[13.25,13.75,16,16],"texture":"#0"},"west":{"uv":[7.75,13.75,10.5,16],"texture":"#0"}}},{"from":[2,0,2],"to":[14,2,14],"rotation":{"angle":0,"axis":"y","origin":[7,0,7]},"faces":{"north":{"uv":[8,6,11,6.5],"texture":"#0"},"east":{"uv":[8,6,11,6.5],"texture":"#0"},"south":{"uv":[8,6,11,6.5],"texture":"#0"},"west":{"uv":[8,6,11,6.5],"texture":"#0"},"up":{"uv":[11,3,8,0],"texture":"#0"},"down":{"uv":[11,3,8,6],"texture":"#0"}}},{"from":[2.5,2,2.5],"to":[13.5,7,13.5],"rotation":{"angle":0,"axis":"y","origin":[7,0,7]},"faces":{"north":{"uv":[11,0,13.75,1.25],"texture":"#0"},"east":{"uv":[11,1.25,13.75,2.5],"texture":"#0"},"south":{"uv":[11,0,13.75,1.25],"texture":"#0"},"west":{"uv":[11,1.25,13.75,2.5],"texture":"#0"},"up":{"uv":[13.75,5.25,11,2.5],"texture":"#0"},"down":{"uv":[13.75,2.5,11,5.25],"texture":"#0"}}},{"from":[4,6,4],"to":[12,8,12],"rotation":{"angle":0,"axis":"y","origin":[7,0,7]},"faces":{"north":{"uv":[13.75,2,15.75,2.5],"texture":"#0"},"east":{"uv":[13.75,2,15.75,2.5],"texture":"#0"},"south":{"uv":[13.75,2,15.75,2.5],"texture":"#0"},"west":{"uv":[13.75,2,15.75,2.5],"texture":"#0"},"up":{"uv":[15.75,2,13.75,0],"texture":"#0"},"down":{"uv":[15.75,0,13.75,2],"texture":"#0"}}}],"gui_light":"front","display":{"thirdperson_righthand":{"rotation":[68,10,0],"translation":[0,3,2.5],"scale":[0.55,0.55,0.55]},"thirdperson_lefthand":{"rotation":[68,10,0],"translation":[0,3,2.5],"scale":[0.55,0.55,0.55]},"firstperson_righthand":{"translation":[1.5,5,0],"scale":[0.35,0.35,0.35]},"firstperson_lefthand":{"translation":[1.5,5,0],"scale":[0.35,0.35,0.35]},"ground":{"translation":[0,7,0],"scale":[0.6,0.6,0.6]},"gui":{"rotation":[21,132,0],"translation":[0,6,0],"scale":[0.72,0.72,0.72]},"head":{"translation":[-0.25,13.25,0],"scale":[1.61,1.61,1.61]},"fixed":{"rotation":[-90,0,0],"translation":[0,0,-25.5],"scale":[1.5,1.5,1.5]}}}