{"texture_size":[128,128],"elements":[{"from":[14.24,4.49,10.49],"to":[14.26,6.51,12.51],"rotation":{"angle":-22.5,"axis":"y","origin":[12.5,5,12]},"faces":{"north":{"uv":[1.375,6.875,1.375,7.125],"texture":"#0"},"east":{"uv":[7,10.5,7.25,10.75],"texture":"#0"},"south":{"uv":[1.5,6.875,1.5,7.125],"texture":"#0"},"west":{"uv":[10.5,8.25,10.75,8.5],"texture":"#0"},"up":{"uv":[2,9.375,2,9.125],"texture":"#0"},"down":{"uv":[2.125,9.125,2.125,9.375],"texture":"#0"}}},{"from":[13.99,7.49,9.49],"to":[14.01,9.51,14.51],"rotation":{"angle":-22.5,"axis":"y","origin":[12.5,5,12]},"faces":{"north":{"uv":[7.375,9.25,7.375,9.5],"texture":"#0"},"east":{"uv":[1.625,5.25,2.25,5.5],"texture":"#0"},"south":{"uv":[1.875,9.875,1.875,10.125],"texture":"#0"},"west":{"uv":[0.625,6.875,1.25,7.125],"texture":"#0"},"up":{"uv":[2.75,11.125,2.75,10.5],"texture":"#0"},"down":{"uv":[4.375,10.5,4.375,11.125],"texture":"#0"}}},{"from":[10.99,2.99,9.99],"to":[14.01,7.01,14.01],"rotation":{"angle":-22.5,"axis":"y","origin":[12.5,5,12]},"faces":{"north":{"uv":[5.625,8.625,6,9.125],"texture":"#0"},"east":{"uv":[5.875,4.875,6.375,5.375],"texture":"#0"},"south":{"uv":[9.75,1,10.125,1.5],"texture":"#0"},"west":{"uv":[3.375,9.375,3.875,9.875],"texture":"#0"},"up":{"uv":[10.125,2.125,9.75,1.625],"texture":"#0"},"down":{"uv":[2.375,9.75,2,10.25],"texture":"#0"}}},{"from":[10.99,2.99,1.99],"to":[14.01,7.01,6.01],"rotation":{"angle":22.5,"axis":"y","origin":[12.5,5,4]},"faces":{"north":{"uv":[4.625,9.75,5,10.25],"texture":"#0"},"east":{"uv":[4,9.375,4.5,9.875],"texture":"#0"},"south":{"uv":[5.125,9.75,5.5,10.25],"texture":"#0"},"west":{"uv":[7.375,9.625,7.875,10.125],"texture":"#0"},"up":{"uv":[6,10.25,5.625,9.75],"texture":"#0"},"down":{"uv":[6.5,9.75,6.125,10.25],"texture":"#0"}}},{"from":[13.99,-3.51,-0.51],"to":[14.01,5.51,1.51],"rotation":{"angle":22.5,"axis":"y","origin":[12.5,5,4]},"faces":{"north":{"uv":[4.5,10.5,4.5,11.625],"texture":"#0"},"east":{"uv":[6.625,9.25,6.875,10.375],"texture":"#0"},"south":{"uv":[8.875,10.5,8.875,11.625],"texture":"#0"},"west":{"uv":[7,9.25,7.25,10.375],"texture":"#0"},"up":{"uv":[9.5,10.375,9.5,10.125],"texture":"#0"},"down":{"uv":[9,10.5,9,10.75],"texture":"#0"}}},{"from":[12.99,-4.51,-0.51],"to":[15.01,-2.49,1.51],"rotation":{"angle":22.5,"axis":"y","origin":[12.5,5,4]},"faces":{"north":{"uv":[8.5,10.5,8.75,10.75],"texture":"#0"},"east":{"uv":[10.5,8.625,10.75,8.875],"texture":"#0"},"south":{"uv":[9.5,10.5,9.75,10.75],"texture":"#0"},"west":{"uv":[9.875,10.5,10.125,10.75],"texture":"#0"},"up":{"uv":[10.5,10.75,10.25,10.5],"texture":"#0"},"down":{"uv":[0.75,10.625,0.5,10.875],"texture":"#0"}}},{"from":[15.24,4.99,3.99],"to":[15.26,7.01,6.01],"rotation":{"angle":22.5,"axis":"y","origin":[12.5,5,4]},"faces":{"north":{"uv":[1.625,10.75,1.625,11],"texture":"#0"},"east":{"uv":[0.875,10.625,1.125,10.875],"texture":"#0"},"south":{"uv":[1.75,10.75,1.75,11],"texture":"#0"},"west":{"uv":[10.625,1,10.875,1.25],"texture":"#0"},"up":{"uv":[1.875,11,1.875,10.75],"texture":"#0"},"down":{"uv":[4.625,10.75,4.625,11],"texture":"#0"}}},{"from":[15.24,5.99,1.99],"to":[15.26,7.01,3.01],"rotation":{"angle":22.5,"axis":"y","origin":[12.5,5,4]},"faces":{"north":{"uv":[6.375,3.5,6.375,3.625],"texture":"#0"},"east":{"uv":[2.375,5.25,2.5,5.375],"texture":"#0"},"south":{"uv":[7.625,6.75,7.625,6.875],"texture":"#0"},"west":{"uv":[6.125,3.5,6.25,3.625],"texture":"#0"},"up":{"uv":[7.75,6.875,7.75,6.75],"texture":"#0"},"down":{"uv":[2,9.5,2,9.625],"texture":"#0"}}},{"from":[12.99,2.49,1.49],"to":[15.01,7.51,6.51],"rotation":{"angle":22.5,"axis":"y","origin":[12.5,5,4]},"faces":{"north":{"uv":[2.5,9.75,2.75,10.375],"texture":"#0"},"east":{"uv":[1.25,9.125,1.875,9.75],"texture":"#0"},"south":{"uv":[9.125,10.125,9.375,10.75],"texture":"#0"},"west":{"uv":[9.125,8.5,9.75,9.125],"texture":"#0"},"up":{"uv":[10.5,1.625,10.25,1],"texture":"#0"},"down":{"uv":[3.125,10.25,2.875,10.875],"texture":"#0"}}},{"from":[1.84987,5.7821,3],"to":[11.84987,11.7821,13],"rotation":{"angle":22.5,"axis":"z","origin":[6.84987,9.7821,8]},"faces":{"north":{"uv":[7.375,1,8.625,1.75],"texture":"#0"},"east":{"uv":[7.375,1.875,8.625,2.625],"texture":"#0"},"south":{"uv":[2,7.75,3.25,8.5],"texture":"#0"},"west":{"uv":[3.375,7.75,4.625,8.5],"texture":"#0"},"up":{"uv":[7.75,8.25,6.5,7],"texture":"#0"},"down":{"uv":[8.375,3.5,7.125,4.75],"texture":"#0"}}},{"from":[-3.15013,7.7821,-2],"to":[16.84987,7.7821,18],"rotation":{"angle":22.5,"axis":"z","origin":[6.84987,9.7821,8]},"faces":{"north":{"uv":[10.5,9,13,9],"texture":"#0"},"east":{"uv":[10.5,9.125,13,9.125],"texture":"#0"},"south":{"uv":[10.625,6.625,13.125,6.625],"texture":"#0"},"west":{"uv":[10.75,5.25,13.25,5.25],"texture":"#0"},"up":{"uv":[2.5,2.5,0,0],"texture":"#0"},"down":{"uv":[2.5,2.625,0,5.125],"texture":"#0"}}},{"from":[11.84987,7.7821,18],"to":[16.84987,9.7821,18],"rotation":{"angle":22.5,"axis":"z","origin":[6.84987,9.7821,8]},"faces":{"north":{"uv":[10.25,1.75,10.875,2],"texture":"#0"},"east":{"uv":[4.75,10.75,4.75,11],"texture":"#0"},"south":{"uv":[10.25,6.75,10.875,7],"texture":"#0"},"west":{"uv":[4.875,10.75,4.875,11],"texture":"#0"},"up":{"uv":[8,3.375,7.375,3.375],"texture":"#0"},"down":{"uv":[9.875,3.25,9.25,3.25],"texture":"#0"}}},{"from":[-3.15013,7.7821,18],"to":[1.84987,9.7821,18],"rotation":{"angle":22.5,"axis":"z","origin":[6.84987,9.7821,8]},"faces":{"north":{"uv":[10.25,7.125,10.875,7.375],"texture":"#0"},"east":{"uv":[5,10.75,5,11],"texture":"#0"},"south":{"uv":[10.25,7.5,10.875,7.75],"texture":"#0"},"west":{"uv":[5.125,10.75,5.125,11],"texture":"#0"},"up":{"uv":[5.875,10.75,5.25,10.75],"texture":"#0"},"down":{"uv":[11.375,5.375,10.75,5.375],"texture":"#0"}}},{"from":[-3.15013,7.7821,-2],"to":[1.84987,9.7821,-2],"rotation":{"angle":22.5,"axis":"z","origin":[6.84987,9.7821,8]},"faces":{"north":{"uv":[10.25,7.875,10.875,8.125],"texture":"#0"},"east":{"uv":[10.75,5.5,10.75,5.75],"texture":"#0"},"south":{"uv":[10.25,9.75,10.875,10],"texture":"#0"},"west":{"uv":[10.75,5.875,10.75,6.125],"texture":"#0"},"up":{"uv":[8,10.75,7.375,10.75],"texture":"#0"},"down":{"uv":[11.375,9.25,10.75,9.25],"texture":"#0"}}},{"from":[11.84987,7.7821,-2],"to":[16.84987,9.7821,-2],"rotation":{"angle":22.5,"axis":"z","origin":[6.84987,9.7821,8]},"faces":{"north":{"uv":[10.25,10.125,10.875,10.375],"texture":"#0"},"east":{"uv":[6,10.75,6,11],"texture":"#0"},"south":{"uv":[1.25,10.375,1.875,10.625],"texture":"#0"},"west":{"uv":[10.75,9.375,10.75,9.625],"texture":"#0"},"up":{"uv":[11.5,0,10.875,0],"texture":"#0"},"down":{"uv":[11.5,0.125,10.875,0.125],"texture":"#0"}}},{"from":[16.84987,7.7821,-2],"to":[16.84987,9.7821,3],"rotation":{"angle":22.5,"axis":"z","origin":[6.84987,9.7821,8]},"faces":{"north":{"uv":[0,10.875,0,11.125],"texture":"#0"},"east":{"uv":[10.375,2.75,11,3],"texture":"#0"},"south":{"uv":[0.125,10.875,0.125,11.125],"texture":"#0"},"west":{"uv":[10.375,3.125,11,3.375],"texture":"#0"},"up":{"uv":[0.25,11.5,0.25,10.875],"texture":"#0"},"down":{"uv":[10.875,0.25,10.875,0.875],"texture":"#0"}}},{"from":[16.84987,7.7821,13],"to":[16.84987,9.7821,18],"rotation":{"angle":22.5,"axis":"z","origin":[6.84987,9.7821,8]},"faces":{"north":{"uv":[0.375,10.875,0.375,11.125],"texture":"#0"},"east":{"uv":[10.375,3.5,11,3.75],"texture":"#0"},"south":{"uv":[2,10.875,2,11.125],"texture":"#0"},"west":{"uv":[10.375,3.875,11,4.125],"texture":"#0"},"up":{"uv":[2.125,11.5,2.125,10.875],"texture":"#0"},"down":{"uv":[2.25,10.875,2.25,11.5],"texture":"#0"}}},{"from":[-3.15013,7.7821,13],"to":[-3.15013,9.7821,18],"rotation":{"angle":22.5,"axis":"z","origin":[6.84987,9.7821,8]},"faces":{"north":{"uv":[2.375,10.875,2.375,11.125],"texture":"#0"},"east":{"uv":[10.375,4.25,11,4.5],"texture":"#0"},"south":{"uv":[2.5,10.875,2.5,11.125],"texture":"#0"},"west":{"uv":[4.625,10.375,5.25,10.625],"texture":"#0"},"up":{"uv":[2.625,11.5,2.625,10.875],"texture":"#0"},"down":{"uv":[3.25,10.875,3.25,11.5],"texture":"#0"}}},{"from":[-3.15013,7.7821,-2],"to":[-3.15013,9.7821,3],"rotation":{"angle":22.5,"axis":"z","origin":[6.84987,9.7821,8]},"faces":{"north":{"uv":[3.375,10.875,3.375,11.125],"texture":"#0"},"east":{"uv":[10.375,4.625,11,4.875],"texture":"#0"},"south":{"uv":[3.5,10.875,3.5,11.125],"texture":"#0"},"west":{"uv":[5.375,10.375,6,10.625],"texture":"#0"},"up":{"uv":[3.625,11.5,3.625,10.875],"texture":"#0"},"down":{"uv":[3.75,10.875,3.75,11.5],"texture":"#0"}}},{"from":[0.84987,7.789,2],"to":[12.84987,21.789,14],"rotation":{"angle":22.5,"axis":"z","origin":[6.84987,9.7821,8]},"faces":{"north":{"uv":[2.625,3.75,4.125,5.5],"texture":"#0"},"east":{"uv":[4.25,3.75,5.75,5.5],"texture":"#0"},"south":{"uv":[4.5,0,6,1.75],"texture":"#0"},"west":{"uv":[4.5,1.875,6,3.625],"texture":"#0"},"up":{"uv":[1.5,6.75,0,5.25],"texture":"#0"},"down":{"uv":[3.125,5.625,1.625,7.125],"texture":"#0"}}},{"from":[-0.15013,9.789,1],"to":[13.84987,13.789,15],"rotation":{"angle":22.5,"axis":"z","origin":[6.84987,9.7821,8]},"faces":{"north":{"uv":[7.375,2.75,9.125,3.25],"texture":"#0"},"east":{"uv":[8.5,3.375,10.25,3.875],"texture":"#0"},"south":{"uv":[8.5,4,10.25,4.5],"texture":"#0"},"west":{"uv":[8.5,4.625,10.25,5.125],"texture":"#0"},"up":{"uv":[4.375,1.75,2.625,0],"texture":"#0"},"down":{"uv":[4.375,1.875,2.625,3.625],"texture":"#0"}}},{"from":[2.99,1.99,2.99],"to":[13.01,8.01,13.01],"rotation":{"angle":0,"axis":"y","origin":[0,2,0]},"faces":{"north":{"uv":[4.75,7.75,6,8.5],"texture":"#0"},"east":{"uv":[7.875,6.75,9.125,7.5],"texture":"#0"},"south":{"uv":[7.875,7.625,9.125,8.375],"texture":"#0"},"west":{"uv":[6.125,8.375,7.375,9.125],"texture":"#0"},"up":{"uv":[8.375,6.125,7.125,4.875],"texture":"#0"},"down":{"uv":[1.875,7.25,0.625,8.5],"texture":"#0"}}},{"from":[1.99,-1.01,1.99],"to":[14.01,2.01,14.01],"rotation":{"angle":0,"axis":"y","origin":[0,2,0]},"faces":{"north":{"uv":[8.5,5.25,10,5.625],"texture":"#0"},"east":{"uv":[8.5,5.75,10,6.125],"texture":"#0"},"south":{"uv":[7.5,8.5,9,8.875],"texture":"#0"},"west":{"uv":[0.625,8.625,2.125,9],"texture":"#0"},"up":{"uv":[4.75,7.125,3.25,5.625],"texture":"#0"},"down":{"uv":[6.375,5.625,4.875,7.125],"texture":"#0"}}},{"from":[12.42934,-1.02,-6.9352],"to":[16.44934,2,20.0848],"rotation":{"angle":45,"axis":"y","origin":[12.93934,0.49,15.0748]},"faces":{"north":{"uv":[1.25,9.875,1.75,10.25],"texture":"#0"},"east":{"uv":[7.125,6.25,10.5,6.625],"texture":"#0"},"south":{"uv":[9.875,2.25,10.375,2.625],"texture":"#0"},"west":{"uv":[2,7.25,5.375,7.625],"texture":"#0"},"up":{"uv":[6.625,3.375,6.125,0],"texture":"#0"},"down":{"uv":[7,3.5,6.5,6.875],"texture":"#0"}}},{"from":[12.42934,-1.02,-4.0848],"to":[16.44934,2,22.9352],"rotation":{"angle":-45,"axis":"y","origin":[12.93934,0.49,0.9252]},"faces":{"north":{"uv":[9.875,8.25,10.375,8.625],"texture":"#0"},"east":{"uv":[7.375,0,10.75,0.375],"texture":"#0"},"south":{"uv":[9.875,8.75,10.375,9.125],"texture":"#0"},"west":{"uv":[7.375,0.5,10.75,0.875],"texture":"#0"},"up":{"uv":[7.25,3.375,6.75,0],"texture":"#0"},"down":{"uv":[0.5,6.875,0,10.25],"texture":"#0"}}},{"from":[14,-1.02,5.98],"to":[21.02,2,10],"rotation":{"angle":-22.5,"axis":"z","origin":[14.01,1.99,7.99]},"faces":{"north":{"uv":[5.5,7.25,6.375,7.625],"texture":"#0"},"east":{"uv":[3.375,10,3.875,10.375],"texture":"#0"},"south":{"uv":[4.625,9.25,5.5,9.625],"texture":"#0"},"west":{"uv":[4,10,4.5,10.375],"texture":"#0"},"up":{"uv":[5.5,9.125,4.625,8.625],"texture":"#0"},"down":{"uv":[9.625,1,8.75,1.5],"texture":"#0"}}},{"from":[-5,-1.02,5.98],"to":[2.02,2,10],"rotation":{"angle":22.5,"axis":"z","origin":[2.01,1.99,7.99]},"faces":{"north":{"uv":[5.625,9.25,6.5,9.625],"texture":"#0"},"east":{"uv":[8.5,10,9,10.375],"texture":"#0"},"south":{"uv":[9.25,6.75,10.125,7.125],"texture":"#0"},"west":{"uv":[9.625,10,10.125,10.375],"texture":"#0"},"up":{"uv":[9.625,2.125,8.75,1.625],"texture":"#0"},"down":{"uv":[8.375,9,7.5,9.5],"texture":"#0"}}},{"from":[6,-1.02,14],"to":[10.02,2,22.02],"rotation":{"angle":22.5,"axis":"x","origin":[8.01,1.99,14.01]},"faces":{"north":{"uv":[0.625,10.125,1.125,10.5],"texture":"#0"},"east":{"uv":[8.75,2.25,9.75,2.625],"texture":"#0"},"south":{"uv":[10.125,5.25,10.625,5.625],"texture":"#0"},"west":{"uv":[9.25,2.75,10.25,3.125],"texture":"#0"},"up":{"uv":[6.375,4.75,5.875,3.75],"texture":"#0"},"down":{"uv":[2.75,8.625,2.25,9.625],"texture":"#0"}}},{"from":[6.5,1.98,18],"to":[9.52,3,21.02],"rotation":{"angle":22.5,"axis":"x","origin":[8.01,1.99,14.01]},"faces":{"north":{"uv":[7.125,6.75,7.5,6.875],"texture":"#0"},"east":{"uv":[9.25,8.25,9.625,8.375],"texture":"#0"},"south":{"uv":[10.375,5,10.75,5.125],"texture":"#0"},"west":{"uv":[10.5,2.5,10.875,2.625],"texture":"#0"},"up":{"uv":[0.375,10.75,0,10.375],"texture":"#0"},"down":{"uv":[6.5,10.375,6.125,10.75],"texture":"#0"}}},{"from":[5.5,2.48,18.5],"to":[10.52,2.5,20.52],"rotation":{"angle":22.5,"axis":"x","origin":[8.01,1.99,14.01]},"faces":{"north":{"uv":[10.875,5,11.5,5],"texture":"#0"},"east":{"uv":[5.875,5.5,6.125,5.5],"texture":"#0"},"south":{"uv":[10.875,5.125,11.5,5.125],"texture":"#0"},"west":{"uv":[8.125,3.375,8.375,3.375],"texture":"#0"},"up":{"uv":[8,10.625,7.375,10.375],"texture":"#0"},"down":{"uv":[2.625,10.5,2,10.75],"texture":"#0"}}},{"from":[5.5,-1.52,18.5],"to":[10.52,-1.5,20.52],"rotation":{"angle":22.5,"axis":"x","origin":[8.01,1.99,14.01]},"faces":{"north":{"uv":[5.25,10.875,5.875,10.875],"texture":"#0"},"east":{"uv":[7.5,8.375,7.75,8.375],"texture":"#0"},"south":{"uv":[10.875,5.5,11.5,5.5],"texture":"#0"},"west":{"uv":[10,3.25,10.25,3.25],"texture":"#0"},"up":{"uv":[11.125,2.375,10.5,2.125],"texture":"#0"},"down":{"uv":[3.875,10.5,3.25,10.75],"texture":"#0"}}},{"from":[10.5,-1.52,18.5],"to":[10.52,2.5,20.52],"rotation":{"angle":22.5,"axis":"x","origin":[8.01,1.99,14.01]},"faces":{"north":{"uv":[3.875,10.875,3.875,11.375],"texture":"#0"},"east":{"uv":[6.125,7.75,6.375,8.25],"texture":"#0"},"south":{"uv":[10.875,5.625,10.875,6.125],"texture":"#0"},"west":{"uv":[8.125,10.375,8.375,10.875],"texture":"#0"},"up":{"uv":[6.125,11.125,6.125,10.875],"texture":"#0"},"down":{"uv":[6.25,10.875,6.25,11.125],"texture":"#0"}}},{"from":[5.5,-1.52,18.5],"to":[5.52,2.5,20.52],"rotation":{"angle":22.5,"axis":"x","origin":[8.01,1.99,14.01]},"faces":{"north":{"uv":[6.375,10.875,6.375,11.375],"texture":"#0"},"east":{"uv":[4,10.5,4.25,11],"texture":"#0"},"south":{"uv":[6.5,10.875,6.5,11.375],"texture":"#0"},"west":{"uv":[6.625,10.5,6.875,11],"texture":"#0"},"up":{"uv":[7,11.125,7,10.875],"texture":"#0"},"down":{"uv":[7.125,10.875,7.125,11.125],"texture":"#0"}}},{"from":[7,3.23,18.5],"to":[9.02,3.25,20.52],"rotation":{"angle":22.5,"axis":"x","origin":[8.01,1.99,14.01]},"faces":{"north":{"uv":[7.375,10.25,7.625,10.25],"texture":"#0"},"east":{"uv":[2,10.375,2.25,10.375],"texture":"#0"},"south":{"uv":[7.25,10.875,7.5,10.875],"texture":"#0"},"west":{"uv":[7.625,10.875,7.875,10.875],"texture":"#0"},"up":{"uv":[10.875,1.625,10.625,1.375],"texture":"#0"},"down":{"uv":[10.875,6.25,10.625,6.5],"texture":"#0"}}},{"from":[6,-1.02,-5],"to":[10.02,2,2.02],"rotation":{"angle":-22.5,"axis":"x","origin":[8.01,1.99,2.01]},"faces":{"north":{"uv":[10.125,5.75,10.625,6.125],"texture":"#0"},"east":{"uv":[9.25,7.25,10.125,7.625],"texture":"#0"},"south":{"uv":[10.125,9.25,10.625,9.625],"texture":"#0"},"west":{"uv":[9.25,7.75,10.125,8.125],"texture":"#0"},"up":{"uv":[9,9.875,8.5,9],"texture":"#0"},"down":{"uv":[1.125,9.125,0.625,10],"texture":"#0"}}},{"from":[13.24,2.99,6.99],"to":[13.26,5.01,9.01],"rotation":{"angle":-45,"axis":"x","origin":[14,4,8]},"faces":{"north":{"uv":[8,10.875,8,11.125],"texture":"#0"},"east":{"uv":[10.625,10.5,10.875,10.75],"texture":"#0"},"south":{"uv":[10.875,8.25,10.875,8.5],"texture":"#0"},"west":{"uv":[1.25,10.75,1.5,11],"texture":"#0"},"up":{"uv":[8.5,11.125,8.5,10.875],"texture":"#0"},"down":{"uv":[8.625,10.875,8.625,11.125],"texture":"#0"}}},{"from":[12.34987,9.289,5],"to":[15.34987,14.289,11],"rotation":{"angle":22.5,"axis":"z","origin":[6.84987,9.7821,8]},"faces":{"north":{"uv":[8,9.625,8.375,10.25],"texture":"#0"},"east":{"uv":[2.875,8.625,3.625,9.25],"texture":"#0"},"south":{"uv":[9.625,9.25,10,9.875],"texture":"#0"},"west":{"uv":[3.75,8.625,4.5,9.25],"texture":"#0"},"up":{"uv":[9.5,10,9.125,9.25],"texture":"#0"},"down":{"uv":[3.25,9.375,2.875,10.125],"texture":"#0"}}}],"display":{"thirdperson_righthand":{"rotation":[55,110,0],"translation":[0,2,-0.5],"scale":[0.4,0.4,0.4]},"thirdperson_lefthand":{"rotation":[55,-70,0],"translation":[0,2,-0.5],"scale":[0.4,0.4,0.4]},"firstperson_righthand":{"rotation":[0,-180,0],"translation":[1,3.5,0],"scale":[0.25,0.25,0.25]},"firstperson_lefthand":{"translation":[1,3.5,0],"scale":[0.25,0.25,0.25]},"ground":{"translation":[0,3,0],"scale":[0.4,0.4,0.4]},"gui":{"rotation":[22.5,-135,0],"scale":[0.46,0.46,0.46]},"head":{"rotation":[-6.25,90,0],"translation":[0,18.25,-1],"scale":[1.32422,1.32422,1.32422]},"fixed":{"rotation":[-90,90,0],"translation":[0,0,-13],"scale":[1.2,1.2,1.2]}}}