{"texture_size":[64,64],"elements":[{"from":[3.3,8.8,3.3],"to":[12.7,13.2,12.7],"rotation":{"angle":0,"axis":"y","origin":[3.5,-7,4.5]},"faces":{"north":{"uv":[0,4.5,2.25,5.5],"texture":"#0"},"east":{"uv":[4.5,0,6.75,1],"texture":"#0"},"south":{"uv":[4.5,1,6.75,2],"texture":"#0"},"west":{"uv":[4.5,2,6.75,3],"texture":"#0"},"up":{"uv":[2.25,2.25,0,0],"texture":"#0"},"down":{"uv":[2.25,2.25,0,4.5],"texture":"#0"}}},{"from":[3.5,8,3.5],"to":[12.5,9,12.5],"rotation":{"angle":0,"axis":"y","origin":[3.5,-7,4.5]},"faces":{"north":{"uv":[7,7,9.25,7.25],"texture":"#0"},"east":{"uv":[7.25,3,9.5,3.25],"texture":"#0"},"south":{"uv":[7.25,3.25,9.5,3.5],"texture":"#0"},"west":{"uv":[7.25,3.5,9.5,3.75],"texture":"#0"},"up":{"uv":[4.5,2.25,2.25,0],"texture":"#0"},"down":{"uv":[4.5,2.25,2.25,4.5],"texture":"#0"}}},{"from":[7,12.7,7],"to":[9,13.7,9],"rotation":{"angle":0,"axis":"y","origin":[4,-7,4]},"faces":{"north":{"uv":[4.5,4.25,5,4.5],"texture":"#0"},"east":{"uv":[1.5,5.5,2,5.75],"texture":"#0"},"south":{"uv":[6,4,6.5,4.25],"texture":"#0"},"west":{"uv":[7.75,6.75,8.25,7],"texture":"#0"},"up":{"uv":[1.25,8,0.75,7.5],"texture":"#0"},"down":{"uv":[7,7.5,6.5,8],"texture":"#0"}}},{"from":[1.08857,11.99716,5.5],"to":[7.08857,15.99716,10.5],"rotation":{"angle":-45,"axis":"z","origin":[2.03776,11.70754,8]},"faces":{"north":{"uv":[0,5.5,1.5,6.5],"texture":"#0"},"east":{"uv":[6,3,7.25,4],"texture":"#0"},"south":{"uv":[5.25,5.5,6.75,6.5],"texture":"#0"},"west":{"uv":[0,6.5,1.25,7.5],"texture":"#0"},"up":{"uv":[3.75,5.75,2.25,4.5],"texture":"#0"},"down":{"uv":[6,3,4.5,4.25],"texture":"#0"}}},{"from":[0.0854,9.55837,6.5],"to":[3.0854,15.55837,9.5],"rotation":{"angle":-22.5,"axis":"z","origin":[0.5854,12.20837,8]},"faces":{"north":{"uv":[6.75,0,7.5,1.5],"texture":"#0"},"east":{"uv":[1.25,6.75,2,8.25],"texture":"#0"},"south":{"uv":[6.75,1.5,7.5,3],"texture":"#0"},"west":{"uv":[2,6.75,2.75,8.25],"texture":"#0"},"up":{"uv":[5.25,6.5,4.5,5.75],"texture":"#0"},"down":{"uv":[7.75,7.25,7,8],"texture":"#0"}}},{"from":[-0.0146,7.45837,6.4],"to":[3.1854,10.65837,9.6],"rotation":{"angle":-22.5,"axis":"z","origin":[0.5854,12.20837,8]},"faces":{"north":{"uv":[0,7.5,0.75,8.25],"texture":"#0"},"east":{"uv":[7.5,0,8.25,0.75],"texture":"#0"},"south":{"uv":[7.5,0.75,8.25,1.5],"texture":"#0"},"west":{"uv":[7.5,1.5,8.25,2.25],"texture":"#0"},"up":{"uv":[8.25,3,7.5,2.25],"texture":"#0"},"down":{"uv":[8.25,3.75,7.5,4.5],"texture":"#0"}}},{"from":[8.91143,11.99716,5.5],"to":[14.91143,15.99716,10.5],"rotation":{"angle":45,"axis":"z","origin":[13.96224,11.70754,8]},"faces":{"north":{"uv":[1.5,5.75,3,6.75],"texture":"#0"},"east":{"uv":[4.5,6.5,5.75,7.5],"texture":"#0"},"south":{"uv":[3,5.75,4.5,6.75],"texture":"#0"},"west":{"uv":[5.75,6.5,7,7.5],"texture":"#0"},"up":{"uv":[5.25,5.75,3.75,4.5],"texture":"#0"},"down":{"uv":[6.75,4.25,5.25,5.5],"texture":"#0"}}},{"from":[12.9146,9.55837,6.5],"to":[15.9146,15.55837,9.5],"rotation":{"angle":22.5,"axis":"z","origin":[15.4146,12.20837,8]},"faces":{"north":{"uv":[2.75,6.75,3.5,8.25],"texture":"#0"},"east":{"uv":[3.5,6.75,4.25,8.25],"texture":"#0"},"south":{"uv":[6.75,4,7.5,5.5],"texture":"#0"},"west":{"uv":[7,5.5,7.75,7],"texture":"#0"},"up":{"uv":[8.5,8,7.75,7.25],"texture":"#0"},"down":{"uv":[7.25,8,6.5,8.75],"texture":"#0"}}},{"from":[12.8146,7.45837,6.4],"to":[16.0146,10.65837,9.6],"rotation":{"angle":22.5,"axis":"z","origin":[15.4146,12.20837,8]},"faces":{"north":{"uv":[4.25,7.5,5,8.25],"texture":"#0"},"east":{"uv":[7.5,4.5,8.25,5.25],"texture":"#0"},"south":{"uv":[5,7.5,5.75,8.25],"texture":"#0"},"west":{"uv":[5.75,7.5,6.5,8.25],"texture":"#0"},"up":{"uv":[8.5,6,7.75,5.25],"texture":"#0"},"down":{"uv":[8.5,6,7.75,6.75],"texture":"#0"}}}],"display":{"thirdperson_righthand":{"rotation":[0,32,0],"translation":[0,-0.25,0],"scale":[0.9,0.9,0.9]},"thirdperson_lefthand":{"rotation":[0,32,0],"translation":[0,-0.25,0],"scale":[0.9,0.9,0.9]},"firstperson_righthand":{"rotation":[0,-24,0],"translation":[2.25,-0.25,0],"scale":[0.9,0.9,0.9]},"firstperson_lefthand":{"rotation":[0,-24,0],"translation":[2.25,-0.25,0],"scale":[0.9,0.9,0.9]},"ground":{"rotation":[32,21,-4],"translation":[0,1,0],"scale":[0.6,0.6,0.6]},"gui":{"rotation":[22.5,-45,0],"translation":[0,-3,0],"scale":[0.9,0.9,0.9]},"head":{"rotation":[9,0,0],"scale":[1.84,1.84,1.84]},"fixed":{"translation":[0,-3,0]}}}