{
    "condition": "minecraft:any_of",
    "terms": [
      {
        "condition": "minecraft:entity_properties",
        "entity": "this",
        "predicate": {
          "equipment": {
            "mainhand": {
              "items": [
                "minecraft:diamond_sword"
              ],
              "nbt": "{cloud_sword:1b}"
            }
          }
        }
      },
      {
        "condition": "minecraft:entity_properties",
        "entity": "this",
        "predicate": {
          "equipment": {
            "offhand": {
              "items": [
                "minecraft:diamond_sword"
              ],
              "nbt": "{cloud_sword:1b}"
            }
          }
        }
      }
    ]
  }
  