{
    "condition": "minecraft:any_of",
    "terms": [
      {
        "condition": "minecraft:entity_properties",
        "entity": "this",
        "predicate": {
          "equipment": {
            "mainhand": {
              "enchantments": [
                {
                  "enchantment": "minecraft:flame"
                }
              ]
            }
          }
        }
      },
      {
        "condition": "minecraft:entity_properties",
        "entity": "this",
        "predicate": {
          "equipment": {
            "offhand": {
              "enchantments": [
                {
                  "enchantment": "minecraft:flame"
                }
              ]
            }
          }
        }
      }
    ]
  }
  