{
    "condition": "minecraft:any_of",
    "terms": [
      {
        "condition": "minecraft:entity_properties",
        "entity": "this",
        "predicate": {
          "equipment": {
            "mainhand": {
              "items": [
                "minecraft:crossbow"
              ],
              "nbt": "{sonic:1b}",
              "enchantments": [
                {
                  "enchantment": "minecraft:multishot"
                }
              ]
            }
          }
        }
      }
    ]
  }
  