{
  "criteria": {
    "requirement": {
      "trigger": "minecraft:player_killed_entity",
      "conditions": {
        "player": {
          "equipment": {
            "mainhand": {
              "items": [
                "minecraft:diamond_sword"
              ],
              "nbt": "{emerald_sword:1b}"
            }
          }
        }
      }
    }
  },
  "rewards": {
    "function": "vred:emerald_sword/emerald_get",
    "loot": [
      "vred:entities/emerald"
    ]
  }
}
