{
    "criteria": {
      "requirement": {
        "trigger": "minecraft:player_killed_entity",
        "conditions": {
          "player": {
            "equipment": {
              "mainhand": {
                "items": [
                  "minecraft:diamond_sword"
                ],
                "nbt": "{midas_sword:1b}"
              }
            }
          }
        }
      }
    },
    "rewards": {
      "function": "vred:midas_sword/mob",
      "loot": [
        "vred:entities/gold"
      ]
    }
  }
  