{"display":{"thirdperson_righthand":{"rotation":[0,20,0],"translation":[0,6,1.25],"scale":[0.8,0.8,0.8]},"thirdperson_lefthand":{"rotation":[0,20,0],"translation":[0,6,1.25],"scale":[0.8,0.8,0.8]},"firstperson_righthand":{"rotation":[0,11,0],"translation":[2.5,4.5,-1],"scale":[0.7,0.7,0.7]},"firstperson_lefthand":{"rotation":[0,11,0],"translation":[2.5,4.5,-1],"scale":[0.7,0.7,0.7]},"ground":{"rotation":[20,64,0],"translation":[0,3,0.75],"scale":[0.7,0.7,0.7]},"gui":{"rotation":[22.5,135,0],"translation":[1,0,0],"scale":[0.5,0.5,0.5]},"head":{"rotation":[3,0,0],"translation":[0,10.5,0.5],"scale":[1.85,1.85,1.85]},"fixed":{"translation":[0,3,0]}},"texture_size":[64,64],"textures":{"1":"civilization:item/wearable/propeller/big_propeller_hat_animation","2":"civilization:item/wearable/propeller/big_propeller_hat","particle":"civilization:item/wearable/propeller/big_propeller_hat_animation"},"elements":[{"from":[0,3,0],"to":[16,13,16],"rotation":{"angle":0,"axis":"y","origin":[14,2,2]},"faces":{"north":{"uv":[12,5,8,7.5],"texture":"#2"},"east":{"uv":[4,10.5,0,13],"texture":"#2"},"south":{"uv":[12,10,8,12.5],"texture":"#2"},"west":{"uv":[12,7.5,8,10],"texture":"#2"},"up":{"uv":[4,4,8,0],"texture":"#2"},"down":{"uv":[4,4,8,8],"texture":"#2"}}},{"from":[-0.1,2.9,-0.1],"to":[16.1,13.1,16.1],"rotation":{"angle":0,"axis":"y","origin":[2,2,2]},"faces":{"north":{"uv":[0,8,4,10.5],"texture":"#2"},"east":{"uv":[8,0,12,2.5],"texture":"#2"},"south":{"uv":[8,2.5,12,5],"texture":"#2"},"west":{"uv":[4,8,8,10.5],"texture":"#2"},"up":{"uv":[4,4,0,0],"texture":"#2"},"down":{"uv":[4,4,0,8],"texture":"#2"}}},{"from":[-8,14.8,-8],"to":[24,14.8,24],"rotation":{"angle":0,"axis":"y","origin":[2,2,2]},"faces":{"north":{"uv":[0,0,4,0],"texture":"#1"},"east":{"uv":[0,0,4,0],"texture":"#1"},"south":{"uv":[0,0,4,0],"texture":"#1"},"west":{"uv":[0,0,4,0],"texture":"#1"},"up":{"uv":[16,16,0,0],"texture":"#1"},"down":{"uv":[0,16,16,0],"texture":"#1"}}},{"from":[6,13,6],"to":[10,15,10],"rotation":{"angle":0,"axis":"y","origin":[2,2,2]},"faces":{"north":{"uv":[12,8,13,8.5],"texture":"#2"},"east":{"uv":[12,8.5,13,9],"texture":"#2"},"south":{"uv":[12,9,13,9.5],"texture":"#2"},"west":{"uv":[12,9.5,13,10],"texture":"#2"},"up":{"uv":[13,7,12,6],"texture":"#2"},"down":{"uv":[13,7,12,8],"texture":"#2"}}},{"from":[0,3,-8],"to":[16,7,0],"rotation":{"angle":0,"axis":"y","origin":[2,2,2]},"faces":{"north":{"uv":[12,2,16,3],"texture":"#2"},"east":{"uv":[12,4,14,5],"texture":"#2"},"south":{"uv":[12,3,16,4],"texture":"#2"},"west":{"uv":[12,5,14,6],"texture":"#2"},"up":{"uv":[8,12.5,4,10.5],"texture":"#2"},"down":{"uv":[16,0,12,2],"texture":"#2"}}}],"gui_light":"front"}