{"display":{"thirdperson_righthand":{"translation":[0,-2.5,-2.25],"scale":[0.8,0.8,0.8]},"thirdperson_lefthand":{"translation":[0,-2.5,-2.25],"scale":[0.8,0.8,0.8]},"firstperson_righthand":{"rotation":[0,26,0],"translation":[0,-0.75,0],"scale":[0.7,0.7,0.7]},"firstperson_lefthand":{"rotation":[0,26,0],"translation":[0,-0.75,0],"scale":[0.7,0.7,0.7]},"ground":{"rotation":[15,10,33],"translation":[0,4.5,0],"scale":[0.7,0.7,0.7]},"gui":{"rotation":[22.5,135,0],"translation":[-1,-2.75,0],"scale":[0.65,0.65,0.65]},"head":{"rotation":[8,0,0],"translation":[0,-0.25,-2.75],"scale":[1.84,1.84,1.84]},"fixed":{"translation":[-1.25,-6.75,-15.75],"scale":[4,4,4]}},"texture_size":[64,64],"textures":{"1":"civilization:item/wearable/dragon_hat","particle":"civilization:item/wearable/dragon_hat"},"elements":[{"from":[3.5,8.03817,6.40067],"to":[12.5,15.03817,15.40067],"rotation":{"angle":0,"axis":"y","origin":[9,13.30249,8.75]},"faces":{"north":{"uv":[4,0,6.25,1.75],"texture":"#1"},"east":{"uv":[4.5,1.75,6.75,3.5],"texture":"#1"},"south":{"uv":[4.5,3.5,6.75,5.25],"texture":"#1"},"west":{"uv":[0,5,2.25,6.75],"texture":"#1"},"up":{"uv":[2.25,5,0,2.75],"texture":"#1"},"down":{"uv":[4.5,2.75,2.25,5],"texture":"#1"}}},{"from":[3,6.46051,9.49418],"to":[13,11.46051,14.49418],"rotation":{"angle":-45,"axis":"x","origin":[8,8.92937,13.87919]},"faces":{"north":{"uv":[6.25,0,8.75,1.25],"texture":"#1"},"east":{"uv":[7.5,8.25,8.75,9.5],"texture":"#1"},"south":{"uv":[0,6.75,2.5,8],"texture":"#1"},"west":{"uv":[8.75,0,10,1.25],"texture":"#1"},"up":{"uv":[9.25,2.5,6.75,1.25],"texture":"#1"},"down":{"uv":[5,6.75,2.5,8],"texture":"#1"}}},{"from":[6,13.65705,8.01536],"to":[10,15.65705,12.01536],"rotation":{"angle":-22.5,"axis":"x","origin":[9,13.30249,8.75]},"faces":{"north":{"uv":[10.75,2.5,11.75,3],"texture":"#1"},"east":{"uv":[10.75,6.75,11.75,7.25],"texture":"#1"},"south":{"uv":[10.75,7.25,11.75,7.75],"texture":"#1"},"west":{"uv":[10.75,7.75,11.75,8.25],"texture":"#1"},"up":{"uv":[1,10.75,0,9.75],"texture":"#1"},"down":{"uv":[2,9.75,1,10.75],"texture":"#1"}}},{"from":[5.5,12.89168,9.86312],"to":[10.5,14.89168,13.86312],"rotation":{"angle":-22.5,"axis":"x","origin":[9,13.30249,8.75]},"faces":{"north":{"uv":[3,10.5,4.25,11],"texture":"#1"},"east":{"uv":[10.75,8.25,11.75,8.75],"texture":"#1"},"south":{"uv":[0,10.75,1.25,11.25],"texture":"#1"},"west":{"uv":[10.75,10.25,11.75,10.75],"texture":"#1"},"up":{"uv":[10.5,2.25,9.25,1.25],"texture":"#1"},"down":{"uv":[4.25,9.5,3,10.5],"texture":"#1"}}},{"from":[6,12.12632,11.71088],"to":[10,14.12632,15.71088],"rotation":{"angle":-22.5,"axis":"x","origin":[9,13.30249,8.75]},"faces":{"north":{"uv":[10.75,10.75,11.75,11.25],"texture":"#1"},"east":{"uv":[3,11,4,11.5],"texture":"#1"},"south":{"uv":[4,11,5,11.5],"texture":"#1"},"west":{"uv":[8.75,11,9.75,11.5],"texture":"#1"},"up":{"uv":[10.75,7.75,9.75,6.75],"texture":"#1"},"down":{"uv":[10.75,7.75,9.75,8.75],"texture":"#1"}}},{"from":[4.5,12.03817,12.40067],"to":[6.5,14.03817,22.40067],"rotation":{"angle":-22.5,"axis":"y","origin":[7,13.30249,8.75]},"faces":{"north":{"uv":[0,11.25,0.5,11.75],"texture":"#1"},"east":{"uv":[8.75,5.25,11.25,5.75],"texture":"#1"},"south":{"uv":[0.5,11.25,1,11.75],"texture":"#1"},"west":{"uv":[8.75,5.75,11.25,6.25],"texture":"#1"},"up":{"uv":[7,11.5,6.5,9],"texture":"#1"},"down":{"uv":[7.5,9,7,11.5],"texture":"#1"}}},{"from":[4.85482,8.93817,13.42411],"to":[5.85482,10.93817,20.42411],"rotation":{"angle":-22.5,"axis":"y","origin":[7,13.30249,8.75]},"faces":{"north":{"uv":[1,11.25,1.25,11.75],"texture":"#1"},"east":{"uv":[10,0.5,11.75,1],"texture":"#1"},"south":{"uv":[2,11.5,2.25,12],"texture":"#1"},"west":{"uv":[10.5,1,12.25,1.5],"texture":"#1"},"up":{"uv":[1.5,12.5,1.25,10.75],"texture":"#1"},"down":{"uv":[1.75,10.75,1.5,12.5],"texture":"#1"}}},{"from":[10.14518,8.93817,13.42411],"to":[11.14518,10.93817,20.42411],"rotation":{"angle":22.5,"axis":"y","origin":[9,13.30249,8.75]},"faces":{"north":{"uv":[2.25,11.5,2.5,12],"texture":"#1"},"east":{"uv":[10.5,1.5,12.25,2],"texture":"#1"},"south":{"uv":[3,11.5,3.25,12],"texture":"#1"},"west":{"uv":[10.5,2,12.25,2.5],"texture":"#1"},"up":{"uv":[2,12.5,1.75,10.75],"texture":"#1"},"down":{"uv":[7.75,11,7.5,12.75],"texture":"#1"}}},{"from":[9.5,12.03817,12.40067],"to":[11.5,14.03817,22.40067],"rotation":{"angle":22.5,"axis":"y","origin":[9,13.30249,8.75]},"faces":{"north":{"uv":[11.25,5.25,11.75,5.75],"texture":"#1"},"east":{"uv":[8.75,6.25,11.25,6.75],"texture":"#1"},"south":{"uv":[11.25,5.75,11.75,6.25],"texture":"#1"},"west":{"uv":[0,9.25,2.5,9.75],"texture":"#1"},"up":{"uv":[3,11.75,2.5,9.25],"texture":"#1"},"down":{"uv":[9.75,8.25,9.25,10.75],"texture":"#1"}}},{"from":[2.5,14.03817,5.40067],"to":[4.5,16.03817,12.40067],"rotation":{"angle":0,"axis":"y","origin":[9,13.30249,8.75]},"faces":{"north":{"uv":[4,1.75,4.5,2.25],"texture":"#1"},"east":{"uv":[9.75,8.75,11.5,9.25],"texture":"#1"},"south":{"uv":[4,2.25,4.5,2.75],"texture":"#1"},"west":{"uv":[9.75,9.25,11.5,9.75],"texture":"#1"},"up":{"uv":[8.75,11.25,8.25,9.5],"texture":"#1"},"down":{"uv":[2.5,9.75,2,11.5],"texture":"#1"}}},{"from":[11.5,14.03817,5.40067],"to":[13.5,16.03817,12.40067],"rotation":{"angle":0,"axis":"y","origin":[9,13.30249,8.75]},"faces":{"north":{"uv":[6.25,1.25,6.75,1.75],"texture":"#1"},"east":{"uv":[9.75,9.75,11.5,10.25],"texture":"#1"},"south":{"uv":[7.75,11,8.25,11.5],"texture":"#1"},"west":{"uv":[10,0,11.75,0.5],"texture":"#1"},"up":{"uv":[10.25,12,9.75,10.25],"texture":"#1"},"down":{"uv":[10.75,10.25,10.25,12],"texture":"#1"}}},{"from":[2.48,12.56512,12.38431],"to":[4.52,14.60512,23.42431],"rotation":{"angle":-22.5,"axis":"x","origin":[8,13.30249,8.75]},"faces":{"north":{"uv":[10.75,11.25,11.25,11.75],"texture":"#1"},"east":{"uv":[8.75,4.25,11.5,4.75],"texture":"#1"},"south":{"uv":[11.25,11.25,11.75,11.75],"texture":"#1"},"west":{"uv":[8.75,4.75,11.5,5.25],"texture":"#1"},"up":{"uv":[6,11.75,5.5,9],"texture":"#1"},"down":{"uv":[6.5,9,6,11.75],"texture":"#1"}}},{"from":[11.48,12.56512,12.38431],"to":[13.52,14.60512,23.42431],"rotation":{"angle":-22.5,"axis":"x","origin":[9,13.30249,8.75]},"faces":{"north":{"uv":[11.25,6.25,11.75,6.75],"texture":"#1"},"east":{"uv":[8.75,3.25,11.5,3.75],"texture":"#1"},"south":{"uv":[8.25,11.25,8.75,11.75],"texture":"#1"},"west":{"uv":[8.75,3.75,11.5,4.25],"texture":"#1"},"up":{"uv":[9.25,11,8.75,8.25],"texture":"#1"},"down":{"uv":[5.5,9,5,11.75],"texture":"#1"}}},{"from":[4,8.53817,0.40067],"to":[12,13.53817,6.40067],"rotation":{"angle":0,"axis":"y","origin":[9,13.30249,8.75]},"faces":{"north":{"uv":[5,6.75,7,8],"texture":"#1"},"east":{"uv":[0,8,1.5,9.25],"texture":"#1"},"south":{"uv":[6.75,5.5,8.75,6.75],"texture":"#1"},"west":{"uv":[1.5,8,3,9.25],"texture":"#1"},"up":{"uv":[8.75,4,6.75,2.5],"texture":"#1"},"down":{"uv":[8.75,4,6.75,5.5],"texture":"#1"}}},{"from":[4,7.39822,1.77893],"to":[12,10.39822,12.77893],"rotation":{"angle":-45,"axis":"x","origin":[8,8.92937,13.87919]},"faces":{"north":{"uv":[8.75,2.5,10.75,3.25],"texture":"#1"},"east":{"uv":[7,6.75,9.75,7.5],"texture":"#1"},"south":{"uv":[3,8.75,5,9.5],"texture":"#1"},"west":{"uv":[7,7.5,9.75,8.25],"texture":"#1"},"up":{"uv":[2,2.75,0,0],"texture":"#1"},"down":{"uv":[4,0,2,2.75],"texture":"#1"}}},{"from":[3.5,9.03817,-1.59933],"to":[12.5,15.03817,1.40067],"rotation":{"angle":22.5,"axis":"x","origin":[8,11.03817,-1.09933]},"faces":{"north":{"uv":[2.25,5,4.5,6.5],"texture":"#1"},"east":{"uv":[4.25,9.5,5,11],"texture":"#1"},"south":{"uv":[4.5,5.25,6.75,6.75],"texture":"#1"},"west":{"uv":[7.5,9.5,8.25,11],"texture":"#1"},"up":{"uv":[5.25,8.75,3,8],"texture":"#1"},"down":{"uv":[7.5,8.25,5.25,9],"texture":"#1"}}}],"gui_light":"front"}