{"display":{"thirdperson_righthand":{"rotation":[0,20,0],"translation":[0,-2,-1],"scale":[0.8,0.8,0.8]},"thirdperson_lefthand":{"rotation":[0,20,0],"translation":[0,-2,-1],"scale":[0.8,0.8,0.8]},"firstperson_righthand":{"rotation":[0,11,0],"translation":[2.5,-0.75,-0.75],"scale":[0.7,0.7,0.7]},"firstperson_lefthand":{"rotation":[0,11,0],"translation":[2.5,-0.75,-0.75],"scale":[0.7,0.7,0.7]},"ground":{"rotation":[20,64,0],"translation":[0,-2.25,0.75],"scale":[0.7,0.7,0.7]},"gui":{"rotation":[22.5,135,0],"translation":[-0.25,-4.75,0],"scale":[0.9,0.9,0.9]},"head":{"translation":[0,-7.25,0],"scale":[1.85,1.85,1.85]},"fixed":{"translation":[0,-4.25,0]}},"texture_size":[64,64],"textures":{"3":"civilization:item/wearable/frostbite/frostbite_helmet_animated","5":"civilization:item/wearable/frostbite/frostbite_helmet"},"elements":[{"from":[4,8,4],"to":[4,16,12],"rotation":{"angle":0,"axis":"y","origin":[7,1,8]},"faces":{"north":{"uv":[0,0,0,2],"texture":"#5"},"east":{"uv":[0,0,2,2],"texture":"#5"},"south":{"uv":[0,0,0,2],"texture":"#5"},"west":{"uv":[0,2,2,4],"texture":"#5"},"up":{"uv":[0,2,0,0],"texture":"#5"},"down":{"uv":[0,0,0,2],"texture":"#5"}}},{"from":[4,8,4],"to":[12,16,4],"rotation":{"angle":0,"axis":"y","origin":[7,1,8]},"faces":{"north":{"uv":[4,4,6,6],"texture":"#5"},"east":{"uv":[0,0,0,2],"texture":"#5"},"south":{"uv":[4,4,6,6],"texture":"#5"},"west":{"uv":[0,0,0,2],"texture":"#5"},"up":{"uv":[2,0,0,0],"texture":"#5"},"down":{"uv":[2,0,0,0],"texture":"#5"}}},{"from":[8,5,-1],"to":[8,8,3],"rotation":{"angle":-22.5,"axis":"x","origin":[8,12,-3]},"faces":{"north":{"uv":[0,0,4,3],"texture":"#3"},"east":{"uv":[4,0,0,3],"texture":"#3"},"south":{"uv":[0,0,4,3],"texture":"#3"},"west":{"uv":[0,0,4,3],"texture":"#3"},"up":{"uv":[0,0,4,3],"texture":"#3"},"down":{"uv":[0,0,4,3],"texture":"#3"}}},{"from":[4,8,4],"to":[12,8,5],"rotation":{"angle":0,"axis":"y","origin":[7,1,8]},"faces":{"north":{"uv":[0,0,2,0],"texture":"#5"},"east":{"uv":[0,0,0.25,0],"texture":"#5"},"south":{"uv":[0,0,2,0],"texture":"#5"},"west":{"uv":[0,0,0.25,0],"texture":"#5"},"up":{"uv":[11.5,5.75,9.5,5.5],"texture":"#5"},"down":{"uv":[11.5,8.75,9.5,9],"texture":"#5"}}},{"from":[4,16,4],"to":[12,16,12],"rotation":{"angle":0,"axis":"y","origin":[7,1,8]},"faces":{"north":{"uv":[0,0,2,0],"texture":"#5"},"east":{"uv":[0,0,2,0],"texture":"#5"},"south":{"uv":[0,0,2,0],"texture":"#5"},"west":{"uv":[0,0,2,0],"texture":"#5"},"up":{"uv":[4,6,2,4],"texture":"#5"},"down":{"uv":[6,2,4,4],"texture":"#5"}}},{"from":[4,8,12],"to":[12,16,12],"rotation":{"angle":0,"axis":"y","origin":[7,1,8]},"faces":{"north":{"uv":[0,4,2,6],"texture":"#5"},"east":{"uv":[0,0,0,2],"texture":"#5"},"south":{"uv":[4,0,6,2],"texture":"#5"},"west":{"uv":[0,0,0,2],"texture":"#5"},"up":{"uv":[2,0,0,0],"texture":"#5"},"down":{"uv":[2,0,0,0],"texture":"#5"}}},{"from":[12,8,4],"to":[12,16,12],"rotation":{"angle":0,"axis":"y","origin":[7,1,8]},"faces":{"north":{"uv":[0,0,0,2],"texture":"#5"},"east":{"uv":[2,0,4,2],"texture":"#5"},"south":{"uv":[0,0,0,2],"texture":"#5"},"west":{"uv":[2,2,4,4],"texture":"#5"},"up":{"uv":[0,2,0,0],"texture":"#5"},"down":{"uv":[0,0,0,2],"texture":"#5"}}},{"from":[3.75,7.75,3.75],"to":[12.25,16.25,12.25],"rotation":{"angle":0,"axis":"y","origin":[7,1,8]},"faces":{"north":{"uv":[6,0,8,2],"texture":"#5"},"east":{"uv":[2,6,4,8],"texture":"#5"},"south":{"uv":[6,2,8,4],"texture":"#5"},"west":{"uv":[4,6,6,8],"texture":"#5"},"up":{"uv":[8,6,6,4],"texture":"#5"},"down":{"uv":[8,6,6,8],"texture":"#5"}}},{"from":[3.71085,12.42225,2.99],"to":[5.73085,15.44225,6.01],"rotation":{"angle":22.5,"axis":"y","origin":[6.72085,14.93225,4.5]},"faces":{"north":{"uv":[5,10,5.5,10.75],"texture":"#5"},"east":{"uv":[9.75,0,10.5,0.75],"texture":"#5"},"south":{"uv":[5.5,10,6,10.75],"texture":"#5"},"west":{"uv":[1.5,9.75,2.25,10.5],"texture":"#5"},"up":{"uv":[10.5,6.5,10,5.75],"texture":"#5"},"down":{"uv":[6.5,10,6,10.75],"texture":"#5"}}},{"from":[3.71085,15.44225,2.99],"to":[5.73085,17.46225,5.01],"rotation":{"angle":22.5,"axis":"y","origin":[6.72085,17.95225,4.5]},"faces":{"north":{"uv":[10.5,9,11,9.5],"texture":"#5"},"east":{"uv":[10.5,9.5,11,10],"texture":"#5"},"south":{"uv":[10.5,10,11,10.5],"texture":"#5"},"west":{"uv":[10.5,10.5,11,11],"texture":"#5"},"up":{"uv":[11.25,1,10.75,0.5],"texture":"#5"},"down":{"uv":[11.25,1,10.75,1.5],"texture":"#5"}}},{"from":[6.71085,15.44225,2.99],"to":[8.73085,16.46225,5.01],"rotation":{"angle":22.5,"axis":"y","origin":[6.72085,17.95225,4.5]},"faces":{"north":{"uv":[9.25,10.75,9.75,11],"texture":"#5"},"east":{"uv":[9.75,10.75,10.25,11],"texture":"#5"},"south":{"uv":[0,11,0.5,11.25],"texture":"#5"},"west":{"uv":[11,0,11.5,0.25],"texture":"#5"},"up":{"uv":[11,4.25,10.5,3.75],"texture":"#5"},"down":{"uv":[4.75,10.5,4.25,11],"texture":"#5"}}},{"from":[7.26915,15.44225,2.99],"to":[9.28915,16.46225,5.01],"rotation":{"angle":-22.5,"axis":"y","origin":[9.27915,17.95225,4.5]},"faces":{"north":{"uv":[7.25,10.75,7.75,11],"texture":"#5"},"east":{"uv":[7.75,10.75,8.25,11],"texture":"#5"},"south":{"uv":[8.25,10.75,8.75,11],"texture":"#5"},"west":{"uv":[8.75,10.75,9.25,11],"texture":"#5"},"up":{"uv":[11,3.25,10.5,2.75],"texture":"#5"},"down":{"uv":[11,3.25,10.5,3.75],"texture":"#5"}}},{"from":[7.26915,12.42225,2.99],"to":[9.28915,15.44225,6.01],"rotation":{"angle":-22.5,"axis":"y","origin":[9.27915,14.93225,4.5]},"faces":{"north":{"uv":[3,10,3.5,10.75],"texture":"#5"},"east":{"uv":[3,9.25,3.75,10],"texture":"#5"},"south":{"uv":[10,3,10.5,3.75],"texture":"#5"},"west":{"uv":[5,9.25,5.75,10],"texture":"#5"},"up":{"uv":[4,10.75,3.5,10],"texture":"#5"},"down":{"uv":[10.5,3.75,10,4.5],"texture":"#5"}}},{"from":[6.71085,12.42225,2.99],"to":[8.73085,15.44225,6.01],"rotation":{"angle":22.5,"axis":"y","origin":[6.72085,14.93225,4.5]},"faces":{"north":{"uv":[8.75,10,9.25,10.75],"texture":"#5"},"east":{"uv":[10,0.75,10.75,1.5],"texture":"#5"},"south":{"uv":[10,9,10.5,9.75],"texture":"#5"},"west":{"uv":[10,1.5,10.75,2.25],"texture":"#5"},"up":{"uv":[9.75,10.75,9.25,10],"texture":"#5"},"down":{"uv":[10.25,10,9.75,10.75],"texture":"#5"}}},{"from":[7.72085,11.73225,3.5979],"to":[8.72085,12.73225,4.5979],"rotation":{"angle":22.5,"axis":"y","origin":[6.72085,14.23225,5.0979]},"faces":{"north":{"uv":[11,1.5,11.25,1.75],"texture":"#5"},"east":{"uv":[1.75,11,2,11.25],"texture":"#5"},"south":{"uv":[11,1.75,11.25,2],"texture":"#5"},"west":{"uv":[2,11,2.25,11.25],"texture":"#5"},"up":{"uv":[11.25,2.25,11,2],"texture":"#5"},"down":{"uv":[2.5,11,2.25,11.25],"texture":"#5"}}},{"from":[7.27915,11.73225,3.5979],"to":[8.27915,12.73225,4.5979],"rotation":{"angle":-22.5,"axis":"y","origin":[9.27915,14.23225,5.0979]},"faces":{"north":{"uv":[10,9.75,10.25,10],"texture":"#5"},"east":{"uv":[10.25,8.5,10.5,8.75],"texture":"#5"},"south":{"uv":[10.5,0.5,10.75,0.75],"texture":"#5"},"west":{"uv":[10.5,4.25,10.75,4.5],"texture":"#5"},"up":{"uv":[11.25,0.5,11,0.25],"texture":"#5"},"down":{"uv":[1.5,11,1.25,11.25],"texture":"#5"}}},{"from":[10.26915,12.42225,2.99],"to":[12.28915,15.44225,6.01],"rotation":{"angle":-22.5,"axis":"y","origin":[9.27915,14.93225,4.5]},"faces":{"north":{"uv":[10,6.5,10.5,7.25],"texture":"#5"},"east":{"uv":[9.75,2.25,10.5,3],"texture":"#5"},"south":{"uv":[7.25,10,7.75,10.75],"texture":"#5"},"west":{"uv":[4.25,9.75,5,10.5],"texture":"#5"},"up":{"uv":[8.25,10.75,7.75,10],"texture":"#5"},"down":{"uv":[8.75,10,8.25,10.75],"texture":"#5"}}},{"from":[9.26915,13.02225,3.49],"to":[10.28915,16.04225,5.51],"rotation":{"angle":-22.5,"axis":"y","origin":[9.27915,14.53225,4.5]},"faces":{"north":{"uv":[1.5,8.75,1.75,9.5],"texture":"#5"},"east":{"uv":[0,10.25,0.5,11],"texture":"#5"},"south":{"uv":[8.75,8,9,8.75],"texture":"#5"},"west":{"uv":[0.5,10.25,1,11],"texture":"#5"},"up":{"uv":[6.5,11.25,6.25,10.75],"texture":"#5"},"down":{"uv":[0.75,11,0.5,11.5],"texture":"#5"}}},{"from":[5.71085,13.02225,3.49],"to":[6.73085,16.04225,5.51],"rotation":{"angle":22.5,"axis":"y","origin":[6.72085,14.53225,4.5]},"faces":{"north":{"uv":[4.75,10.5,5,11.25],"texture":"#5"},"east":{"uv":[1,10.25,1.5,11],"texture":"#5"},"south":{"uv":[10.75,1.5,11,2.25],"texture":"#5"},"west":{"uv":[10.25,4.5,10.75,5.25],"texture":"#5"},"up":{"uv":[1,11.5,0.75,11],"texture":"#5"},"down":{"uv":[1.25,11,1,11.5],"texture":"#5"}}},{"from":[10.26915,15.44225,2.99],"to":[12.28915,17.46225,5.01],"rotation":{"angle":-22.5,"axis":"y","origin":[9.27915,17.95225,4.5]},"faces":{"north":{"uv":[10.5,5.75,11,6.25],"texture":"#5"},"east":{"uv":[10.5,6.25,11,6.75],"texture":"#5"},"south":{"uv":[10.5,6.75,11,7.25],"texture":"#5"},"west":{"uv":[10.5,7.25,11,7.75],"texture":"#5"},"up":{"uv":[11,8.25,10.5,7.75],"texture":"#5"},"down":{"uv":[11,8.25,10.5,8.75],"texture":"#5"}}},{"from":[9.981,9.16734,2.1765],"to":[12.001,10.18734,3.1965],"rotation":{"angle":-22.5,"axis":"x","origin":[3.491,13.67734,8.5865]},"faces":{"north":{"uv":[8.75,2.25,9.25,2.5],"texture":"#5"},"east":{"uv":[9.25,4.75,9.5,5],"texture":"#5"},"south":{"uv":[8.75,4.75,9.25,5],"texture":"#5"},"west":{"uv":[1.5,9.5,1.75,9.75],"texture":"#5"},"up":{"uv":[9.75,2.5,9.25,2.25],"texture":"#5"},"down":{"uv":[10,9,9.5,9.25],"texture":"#5"}}},{"from":[3.999,9.16734,2.1765],"to":[6.019,10.18734,3.1965],"rotation":{"angle":-22.5,"axis":"x","origin":[12.509,13.67734,8.5865]},"faces":{"north":{"uv":[10.25,5.25,10.75,5.5],"texture":"#5"},"east":{"uv":[9.75,3,10,3.25],"texture":"#5"},"south":{"uv":[5.25,10.75,5.75,11],"texture":"#5"},"west":{"uv":[10,4.5,10.25,4.75],"texture":"#5"},"up":{"uv":[11.25,5.5,10.75,5.25],"texture":"#5"},"down":{"uv":[6.25,10.75,5.75,11],"texture":"#5"}}},{"from":[2.99,14,7],"to":[3.99,16,12],"rotation":{"angle":-22.5,"axis":"x","origin":[3.5,13.5,9]},"faces":{"north":{"uv":[3.25,10.75,3.5,11.25],"texture":"#5"},"east":{"uv":[8.75,1.75,10,2.25],"texture":"#5"},"south":{"uv":[3.5,10.75,3.75,11.25],"texture":"#5"},"west":{"uv":[2.5,8.75,3.75,9.25],"texture":"#5"},"up":{"uv":[6.75,11.5,6.5,10.25],"texture":"#5"},"down":{"uv":[7,10.25,6.75,11.5],"texture":"#5"}}},{"from":[4.01,14.20342,5.9824],"to":[6.99,17.18342,11.9624],"rotation":{"angle":-22.5,"axis":"x","origin":[5.5,17.69342,9.4724]},"faces":{"north":{"uv":[8.5,9.25,9.25,10],"texture":"#5"},"east":{"uv":[5,8,6.5,8.75],"texture":"#5"},"south":{"uv":[9.25,9.25,10,10],"texture":"#5"},"west":{"uv":[8,5,9.5,5.75],"texture":"#5"},"up":{"uv":[8.75,7.25,8,5.75],"texture":"#5"},"down":{"uv":[7.25,8,6.5,9.5],"texture":"#5"}}},{"from":[6.5,15.97665,5.5],"to":[9.5,18.97665,12.5],"rotation":{"angle":-45,"axis":"x","origin":[8,17.47665,9]},"faces":{"north":{"uv":[5.75,9.25,6.5,10],"texture":"#5"},"east":{"uv":[0,8,1.75,8.75],"texture":"#5"},"south":{"uv":[7.75,9.25,8.5,10],"texture":"#5"},"west":{"uv":[8,0,9.75,0.75],"texture":"#5"},"up":{"uv":[8.75,2.5,8,0.75],"texture":"#5"},"down":{"uv":[2.5,8,1.75,9.75],"texture":"#5"}}},{"from":[6.5,15.35832,8.61601],"to":[9.5,18.35832,15.61601],"rotation":{"angle":-22.5,"axis":"x","origin":[8,15.06535,13.21403]},"faces":{"north":{"uv":[9.5,4.75,10.25,5.5],"texture":"#5"},"east":{"uv":[2.5,8,4.25,8.75],"texture":"#5"},"south":{"uv":[6.5,9.5,7.25,10.25],"texture":"#5"},"west":{"uv":[8,2.5,9.75,3.25],"texture":"#5"},"up":{"uv":[8.75,5,8,3.25],"texture":"#5"},"down":{"uv":[5,8,4.25,9.75],"texture":"#5"}}},{"from":[5.99,14.2294,8.15328],"to":[6.99,16.2294,13.15328],"rotation":{"angle":-22.5,"axis":"y","origin":[3.49,14.2294,8.65328]},"faces":{"north":{"uv":[3.75,10.75,4,11.25],"texture":"#5"},"east":{"uv":[8.75,3.25,10,3.75],"texture":"#5"},"south":{"uv":[10.75,4.25,11,4.75],"texture":"#5"},"west":{"uv":[8.75,3.75,10,4.25],"texture":"#5"},"up":{"uv":[7.25,11.5,7,10.25],"texture":"#5"},"down":{"uv":[10.5,7.25,10.25,8.5],"texture":"#5"}}},{"from":[9.01,14.2294,8.15328],"to":[10.01,16.2294,13.15328],"rotation":{"angle":22.5,"axis":"y","origin":[12.51,14.2294,8.65328]},"faces":{"north":{"uv":[10.75,4.75,11,5.25],"texture":"#5"},"east":{"uv":[8.75,4.25,10,4.75],"texture":"#5"},"south":{"uv":[5,10.75,5.25,11.25],"texture":"#5"},"west":{"uv":[5,8.75,6.25,9.25],"texture":"#5"},"up":{"uv":[10.5,11,10.25,9.75],"texture":"#5"},"down":{"uv":[1.75,10.5,1.5,11.75],"texture":"#5"}}},{"from":[10.77432,12.2294,8.49853],"to":[12.77432,14.2294,13.49853],"rotation":{"angle":-22.5,"axis":"y","origin":[12.07432,13.2294,10.99853]},"faces":{"north":{"uv":[10.5,0,11,0.5],"texture":"#5"},"east":{"uv":[8.75,5.75,10,6.25],"texture":"#5"},"south":{"uv":[1.75,10.5,2.25,11],"texture":"#5"},"west":{"uv":[8.75,6.25,10,6.75],"texture":"#5"},"up":{"uv":[4.25,10,3.75,8.75],"texture":"#5"},"down":{"uv":[7.75,8.75,7.25,10],"texture":"#5"}}},{"from":[3.22568,12.2294,8.49853],"to":[5.22568,14.2294,13.49853],"rotation":{"angle":22.5,"axis":"y","origin":[3.92568,13.2294,10.99853]},"faces":{"north":{"uv":[10.5,2.25,11,2.75],"texture":"#5"},"east":{"uv":[8.75,6.75,10,7.25],"texture":"#5"},"south":{"uv":[2.5,10.5,3,11],"texture":"#5"},"west":{"uv":[7.75,8.75,9,9.25],"texture":"#5"},"up":{"uv":[9.5,9.25,9,8],"texture":"#5"},"down":{"uv":[3,9.25,2.5,10.5],"texture":"#5"}}},{"from":[9.01,14.20342,5.9824],"to":[11.99,17.18342,11.9624],"rotation":{"angle":-22.5,"axis":"x","origin":[10.5,17.69342,9.4724]},"faces":{"north":{"uv":[9.5,7.25,10.25,8],"texture":"#5"},"east":{"uv":[7.25,8,8.75,8.75],"texture":"#5"},"south":{"uv":[9.5,8,10.25,8.75],"texture":"#5"},"west":{"uv":[8,7.25,9.5,8],"texture":"#5"},"up":{"uv":[0.75,10.25,0,8.75],"texture":"#5"},"down":{"uv":[1.5,8.75,0.75,10.25],"texture":"#5"}}},{"from":[12.01,14,7],"to":[13.01,16,12],"rotation":{"angle":-22.5,"axis":"x","origin":[12.5,13.5,9]},"faces":{"north":{"uv":[6.25,8.75,6.5,9.25],"texture":"#5"},"east":{"uv":[8.75,0.75,10,1.25],"texture":"#5"},"south":{"uv":[3,10.75,3.25,11.25],"texture":"#5"},"west":{"uv":[8.75,1.25,10,1.75],"texture":"#5"},"up":{"uv":[2.5,11,2.25,9.75],"texture":"#5"},"down":{"uv":[4.25,10,4,11.25],"texture":"#5"}}}],"gui_light":"front"}