{"display":{"thirdperson_righthand":{"rotation":[90,90,0],"translation":[0,-1.75,0],"scale":[0.9,0.9,0.9]},"thirdperson_lefthand":{"rotation":[90,90,0],"translation":[0,-1.75,0],"scale":[0.9,0.9,0.9]},"firstperson_righthand":{"translation":[0,3.25,0]},"firstperson_lefthand":{"translation":[0,3.25,0]},"ground":{"rotation":[20,64,0],"translation":[0,3,0.75],"scale":[0.7,0.7,0.7]},"gui":{"rotation":[22.5,135,0],"translation":[0,2,0]},"head":{"translation":[0,6,-0.75],"scale":[1.82,1.82,1.82]},"fixed":{"translation":[0,3,0]}},"texture_size":[32,32],"textures":{"1":"civilization:item/wearable/gamer_headphones_shiny","particle":"civilization:item/wearable/gamer_headphones_shiny"},"elements":[{"from":[2.5,2,6],"to":[5.5,6,10],"rotation":{"angle":0,"axis":"y","origin":[8.5,3,8.5]},"faces":{"north":{"uv":[0,6.5,1.5,8.5],"texture":"#1"},"east":{"uv":[3,1.5,5,3.5],"texture":"#1"},"south":{"uv":[7,0,8.5,2],"texture":"#1"},"west":{"uv":[3,3.5,5,5.5],"texture":"#1"},"up":{"uv":[8.5,4,7,2],"texture":"#1"},"down":{"uv":[3,7.5,1.5,9.5],"texture":"#1"}}},{"from":[3.5,1,3],"to":[3.5,2,6],"rotation":{"angle":-22.5,"axis":"x","origin":[2.5,4,4]},"faces":{"north":{"uv":[0,0,0,0.5],"texture":"#1"},"east":{"uv":[10,5.5,11.5,6],"texture":"#1"},"south":{"uv":[0,0,0,0.5],"texture":"#1"},"west":{"uv":[10,6,11.5,6.5],"texture":"#1"},"up":{"uv":[0,1.5,0,0],"texture":"#1"},"down":{"uv":[0,0,0,1.5],"texture":"#1"}}},{"from":[3.5,1,3],"to":[5.5,2,3],"rotation":{"angle":-22.5,"axis":"x","origin":[2.5,4,4]},"faces":{"north":{"uv":[2,4.5,3,5],"texture":"#1"},"east":{"uv":[0,0,0,0.5],"texture":"#1"},"south":{"uv":[2,5,3,5.5],"texture":"#1"},"west":{"uv":[0,0,0,0.5],"texture":"#1"},"up":{"uv":[1,0,0,0],"texture":"#1"},"down":{"uv":[1,0,0,0],"texture":"#1"}}},{"from":[4,6,6.5],"to":[5,9,9.5],"rotation":{"angle":0,"axis":"y","origin":[8.5,3,8.5]},"faces":{"north":{"uv":[6,0,6.5,1.5],"texture":"#1"},"east":{"uv":[7,4,8.5,5.5],"texture":"#1"},"south":{"uv":[6.5,0,7,1.5],"texture":"#1"},"west":{"uv":[8,5.5,9.5,7],"texture":"#1"},"up":{"uv":[10,6.5,9.5,5],"texture":"#1"},"down":{"uv":[8,9.5,7.5,11],"texture":"#1"}}},{"from":[5,8,6.5],"to":[11,9,9.5],"rotation":{"angle":0,"axis":"y","origin":[8.5,3,8.5]},"faces":{"north":{"uv":[9.5,3.5,12.5,4],"texture":"#1"},"east":{"uv":[9.5,6.5,11,7],"texture":"#1"},"south":{"uv":[9.5,4,12.5,4.5],"texture":"#1"},"west":{"uv":[0,10,1.5,10.5],"texture":"#1"},"up":{"uv":[3,1.5,0,0],"texture":"#1"},"down":{"uv":[3,1.5,0,3],"texture":"#1"}}},{"from":[4.95,7.95,6.45],"to":[11.05,9.05,9.55],"rotation":{"angle":0,"axis":"y","origin":[8,8.5,8]},"faces":{"north":{"uv":[4.5,9.5,7.5,10],"texture":"#1"},"east":{"uv":[5,10,6.5,10.5],"texture":"#1"},"south":{"uv":[9.5,4.5,12.5,5],"texture":"#1"},"west":{"uv":[10,5,11.5,5.5],"texture":"#1"},"up":{"uv":[3,4.5,0,3],"texture":"#1"},"down":{"uv":[6,0,3,1.5],"texture":"#1"}}},{"from":[2.95,1.95,5.95],"to":[5.05,6.05,10.05],"rotation":{"angle":0,"axis":"y","origin":[8.5,3,8.5]},"faces":{"north":{"uv":[8.5,1.5,9.5,3.5],"texture":"#1"},"east":{"uv":[0,4.5,2,6.5],"texture":"#1"},"south":{"uv":[8.5,3.5,9.5,5.5],"texture":"#1"},"west":{"uv":[5,1.5,7,3.5],"texture":"#1"},"up":{"uv":[10,9,9,7],"texture":"#1"},"down":{"uv":[10,9,9,11],"texture":"#1"}}},{"from":[11,6,6.5],"to":[12,9,9.5],"rotation":{"angle":0,"axis":"y","origin":[8.5,3,8.5]},"faces":{"north":{"uv":[8,9.5,8.5,11],"texture":"#1"},"east":{"uv":[0,8.5,1.5,10],"texture":"#1"},"south":{"uv":[8.5,9.5,9,11],"texture":"#1"},"west":{"uv":[8.5,0,10,1.5],"texture":"#1"},"up":{"uv":[10.5,1.5,10,0],"texture":"#1"},"down":{"uv":[5,10,4.5,11.5],"texture":"#1"}}},{"from":[10.95,1.95,5.95],"to":[13.05,6.05,10.05],"rotation":{"angle":0,"axis":"y","origin":[8.5,3,8.5]},"faces":{"north":{"uv":[1.5,9.5,2.5,11.5],"texture":"#1"},"east":{"uv":[4,5.5,6,7.5],"texture":"#1"},"south":{"uv":[9.5,1.5,10.5,3.5],"texture":"#1"},"west":{"uv":[6,5.5,8,7.5],"texture":"#1"},"up":{"uv":[3.5,11.5,2.5,9.5],"texture":"#1"},"down":{"uv":[4.5,9.5,3.5,11.5],"texture":"#1"}}},{"from":[10.5,2,6],"to":[13.5,6,10],"rotation":{"angle":0,"axis":"y","origin":[8.5,3,8.5]},"faces":{"north":{"uv":[3,7.5,4.5,9.5],"texture":"#1"},"east":{"uv":[5,3.5,7,5.5],"texture":"#1"},"south":{"uv":[4.5,7.5,6,9.5],"texture":"#1"},"west":{"uv":[2,5.5,4,7.5],"texture":"#1"},"up":{"uv":[7.5,9.5,6,7.5],"texture":"#1"},"down":{"uv":[9,7.5,7.5,9.5],"texture":"#1"}}}],"gui_light":"front"}