{"display":{"thirdperson_righthand":{"rotation":[0,20,0],"translation":[0,4.5,-1],"scale":[0.8,0.8,0.8]},"thirdperson_lefthand":{"rotation":[0,20,0],"translation":[0,4.5,-1],"scale":[0.8,0.8,0.8]},"firstperson_righthand":{"rotation":[0,11,0],"translation":[1.75,3.75,-0.75],"scale":[0.7,0.7,0.7]},"firstperson_lefthand":{"rotation":[0,11,0],"translation":[1.75,3.75,-0.75],"scale":[0.7,0.7,0.7]},"ground":{"rotation":[20,64,0],"translation":[0,3,0.75],"scale":[0.7,0.7,0.7]},"gui":{"rotation":[22.5,135,0],"translation":[0,1,0],"scale":[0.9,0.9,0.9]},"head":{"translation":[0,5.75,0.75],"scale":[1.82,1.82,1.82]}},"texture_size":[64,64],"textures":{"1":"civilization:item/wearable/jack_o_lantern_hat","particle":"civilization:item/wearable/jack_o_lantern_hat"},"elements":[{"from":[2,0.75,2],"to":[14,10.75,14],"rotation":{"angle":0,"axis":"y","origin":[8,6.75,8]},"faces":{"north":{"uv":[3,6,6,8.5],"texture":"#1"},"east":{"uv":[6,3,9,5.5],"texture":"#1"},"south":{"uv":[6,5.5,9,8],"texture":"#1"},"west":{"uv":[6,8,9,10.5],"texture":"#1"},"up":{"uv":[3,3,0,0],"texture":"#1"},"down":{"uv":[3,3,0,6],"texture":"#1"}}},{"from":[5.70711,10.75,8.08579],"to":[12.70711,14.75,8.08579],"rotation":{"angle":22.5,"axis":"y","origin":[8,6.75,8]},"faces":{"north":{"uv":[12,7,13.75,8],"texture":"#1"},"east":{"uv":[0,0,0,1],"texture":"#1"},"south":{"uv":[12,8,13.75,9],"texture":"#1"},"west":{"uv":[0,0,0,1],"texture":"#1"},"up":{"uv":[1.75,0,0,0],"texture":"#1"},"down":{"uv":[1.75,0,0,0],"texture":"#1"}}},{"from":[8,10.75,4.5],"to":[8,14.75,11.5],"rotation":{"angle":22.5,"axis":"y","origin":[8,6.75,8]},"faces":{"north":{"uv":[0,0,0,1],"texture":"#1"},"east":{"uv":[12,9,13.75,10],"texture":"#1"},"south":{"uv":[0,0,0,1],"texture":"#1"},"west":{"uv":[12,10,13.75,11],"texture":"#1"},"up":{"uv":[0,1.75,0,0],"texture":"#1"},"down":{"uv":[0,0,0,1.75],"texture":"#1"}}},{"from":[2,0.75,2],"to":[14,10.75,2],"rotation":{"angle":0,"axis":"y","origin":[8,6.75,8]},"faces":{"north":{"uv":[3,8.5,6,11],"texture":"#1"},"east":{"uv":[0,0,0,2.5],"texture":"#1"},"south":{"uv":[0,9,3,11.5],"texture":"#1"},"west":{"uv":[0,0,0,2.5],"texture":"#1"},"up":{"uv":[3,0,0,0],"texture":"#1"},"down":{"uv":[3,0,0,0],"texture":"#1"}}},{"from":[14,0.75,2],"to":[14,10.75,14],"rotation":{"angle":0,"axis":"y","origin":[8,6.75,8]},"faces":{"north":{"uv":[0,0,0,2.5],"texture":"#1"},"east":{"uv":[9,0,12,2.5],"texture":"#1"},"south":{"uv":[0,0,0,2.5],"texture":"#1"},"west":{"uv":[9,2.5,12,5],"texture":"#1"},"up":{"uv":[0,3,0,0],"texture":"#1"},"down":{"uv":[0,0,0,3],"texture":"#1"}}},{"from":[2,0.75,2],"to":[2,10.75,14],"rotation":{"angle":0,"axis":"y","origin":[8,6.75,8]},"faces":{"north":{"uv":[0,0,0,2.5],"texture":"#1"},"east":{"uv":[9,5,12,7.5],"texture":"#1"},"south":{"uv":[0,0,0,2.5],"texture":"#1"},"west":{"uv":[9,7.5,12,10],"texture":"#1"},"up":{"uv":[0,3,0,0],"texture":"#1"},"down":{"uv":[0,0,0,3],"texture":"#1"}}},{"from":[2,10.75,2],"to":[14,10.75,14],"rotation":{"angle":0,"axis":"y","origin":[8,6.75,8]},"faces":{"north":{"uv":[0,0,3,0],"texture":"#1"},"east":{"uv":[0,0,3,0],"texture":"#1"},"south":{"uv":[0,0,3,0],"texture":"#1"},"west":{"uv":[0,0,3,0],"texture":"#1"},"up":{"uv":[6,3,3,0],"texture":"#1"},"down":{"uv":[6,3,3,6],"texture":"#1"}}},{"from":[2,0.75,2],"to":[14,0.75,14],"rotation":{"angle":0,"axis":"y","origin":[8,6.75,8]},"faces":{"north":{"uv":[0,0,3,0],"texture":"#1"},"east":{"uv":[0,0,3,0],"texture":"#1"},"south":{"uv":[0,0,3,0],"texture":"#1"},"west":{"uv":[0,0,3,0],"texture":"#1"},"up":{"uv":[3,9,0,6],"texture":"#1"},"down":{"uv":[9,0,6,3],"texture":"#1"}}},{"from":[2,0.75,14],"to":[14,10.75,14],"rotation":{"angle":0,"axis":"y","origin":[8,6.75,8]},"faces":{"north":{"uv":[9,10,12,12.5],"texture":"#1"},"east":{"uv":[0,0,0,2.5],"texture":"#1"},"south":{"uv":[6,10.5,9,13],"texture":"#1"},"west":{"uv":[0,0,0,2.5],"texture":"#1"},"up":{"uv":[3,0,0,0],"texture":"#1"},"down":{"uv":[3,0,0,0],"texture":"#1"}}},{"from":[4.5,1.75,4.5],"to":[11.5,8.75,11.5],"rotation":{"angle":0,"axis":"y","origin":[8,6.75,8]},"faces":{"north":{"uv":[3,11,4.75,12.75],"texture":"#1"},"east":{"uv":[0,11.5,1.75,13.25],"texture":"#1"},"south":{"uv":[12,0,13.75,1.75],"texture":"#1"},"west":{"uv":[12,1.75,13.75,3.5],"texture":"#1"},"up":{"uv":[13.75,5.25,12,3.5],"texture":"#1"},"down":{"uv":[13.75,5.25,12,7],"texture":"#1"}}}],"gui_light":"front"}