{"display":{"thirdperson_righthand":{"translation":[0,6.5,0],"scale":[0.8,0.8,0.8]},"thirdperson_lefthand":{"translation":[0,6.5,0],"scale":[0.8,0.8,0.8]},"firstperson_righthand":{"translation":[1.75,4.5,0]},"firstperson_lefthand":{"translation":[1.75,4.5,0]},"ground":{"rotation":[9,5,4],"translation":[0,2.75,0],"scale":[0.6,0.6,0.6]},"gui":{"rotation":[22.5,45,0],"translation":[0,2.75,0],"scale":[0.9,0.9,0.9]},"head":{"rotation":[4.5,0,0],"translation":[0,14.5,1],"scale":[1.7,1.7,1.7]},"fixed":{"translation":[0,4.75,4.25]}},"texture_size":[64,64],"textures":{"3":"civilization:item/wearable/king_crown"},"elements":[{"from":[3,0,3],"to":[13,4,4],"rotation":{"angle":0,"axis":"y","origin":[8.5,1,7.5]},"faces":{"north":{"uv":[2.5,0,5,1],"texture":"#3"},"east":{"uv":[2.25,6,2.5,7],"texture":"#3"},"south":{"uv":[2.5,1,5,2],"texture":"#3"},"west":{"uv":[2.75,6.75,3,7.75],"texture":"#3"},"up":{"uv":[7.5,4.5,5,4.25],"texture":"#3"},"down":{"uv":[7.5,4.5,5,4.75],"texture":"#3"}}},{"from":[7,3.5,3],"to":[9,5.5,4],"rotation":{"angle":0,"axis":"y","origin":[8.5,1,7.5]},"faces":{"north":{"uv":[3,6.75,3.5,7.25],"texture":"#3"},"east":{"uv":[6,7.25,6.25,7.75],"texture":"#3"},"south":{"uv":[3.5,6.75,4,7.25],"texture":"#3"},"west":{"uv":[6.75,7.25,7,7.75],"texture":"#3"},"up":{"uv":[7.75,7,7.25,6.75],"texture":"#3"},"down":{"uv":[7.5,7.25,7,7.5],"texture":"#3"}}},{"from":[3,3.5,3],"to":[6,5.5,4],"rotation":{"angle":0,"axis":"y","origin":[8.5,1,7.5]},"faces":{"north":{"uv":[2.75,5.75,3.5,6.25],"texture":"#3"},"east":{"uv":[0,7.5,0.25,8],"texture":"#3"},"south":{"uv":[3.5,5.75,4.25,6.25],"texture":"#3"},"west":{"uv":[7.5,0,7.75,0.5],"texture":"#3"},"up":{"uv":[1.75,7.25,1,7],"texture":"#3"},"down":{"uv":[2.5,7,1.75,7.25],"texture":"#3"}}},{"from":[10,3.5,3],"to":[13,5.5,4],"rotation":{"angle":0,"axis":"y","origin":[8.5,1,7.5]},"faces":{"north":{"uv":[4.25,5.75,5,6.25],"texture":"#3"},"east":{"uv":[0.25,7.5,0.5,8],"texture":"#3"},"south":{"uv":[5.75,5.25,6.5,5.75],"texture":"#3"},"west":{"uv":[7.5,0.5,7.75,1],"texture":"#3"},"up":{"uv":[7.75,6,7,5.75],"texture":"#3"},"down":{"uv":[7.75,6,7,6.25],"texture":"#3"}}},{"from":[7,3.5,12],"to":[9,5.5,13],"rotation":{"angle":0,"axis":"y","origin":[8.5,1,7.5]},"faces":{"north":{"uv":[6.5,5.75,7,6.25],"texture":"#3"},"east":{"uv":[3.5,7.25,3.75,7.75],"texture":"#3"},"south":{"uv":[6.5,6.25,7,6.75],"texture":"#3"},"west":{"uv":[3.75,7.25,4,7.75],"texture":"#3"},"up":{"uv":[7.75,5.5,7.25,5.25],"texture":"#3"},"down":{"uv":[7.75,5.5,7.25,5.75],"texture":"#3"}}},{"from":[10,3.5,12],"to":[13,5.5,13],"rotation":{"angle":0,"axis":"y","origin":[8.5,1,7.5]},"faces":{"north":{"uv":[1.5,6.5,2.25,7],"texture":"#3"},"east":{"uv":[7.75,0.5,8,1],"texture":"#3"},"south":{"uv":[6.5,5.25,7.25,5.75],"texture":"#3"},"west":{"uv":[7.75,1,8,1.5],"texture":"#3"},"up":{"uv":[5.25,7.5,4.5,7.25],"texture":"#3"},"down":{"uv":[6,7.25,5.25,7.5],"texture":"#3"}}},{"from":[3,0,12],"to":[13,4,13],"rotation":{"angle":0,"axis":"y","origin":[8.5,1,7.5]},"faces":{"north":{"uv":[5,0,7.5,1],"texture":"#3"},"east":{"uv":[0.5,7,0.75,8],"texture":"#3"},"south":{"uv":[5,1,7.5,2],"texture":"#3"},"west":{"uv":[0.75,7,1,8],"texture":"#3"},"up":{"uv":[8.25,5,5.75,4.75],"texture":"#3"},"down":{"uv":[8.25,5,5.75,5.25],"texture":"#3"}}},{"from":[3,3.5,12],"to":[6,5.5,13],"rotation":{"angle":0,"axis":"y","origin":[8.5,1,7.5]},"faces":{"north":{"uv":[0,6.5,0.75,7],"texture":"#3"},"east":{"uv":[7.5,7.5,7.75,8],"texture":"#3"},"south":{"uv":[0.75,6.5,1.5,7],"texture":"#3"},"west":{"uv":[7.75,0,8,0.5],"texture":"#3"},"up":{"uv":[7.75,6.5,7,6.25],"texture":"#3"},"down":{"uv":[7.75,6.5,7,6.75],"texture":"#3"}}},{"from":[12,3.5,10],"to":[13,5.5,13],"rotation":{"angle":0,"axis":"y","origin":[12.5,3.25,8]},"faces":{"north":{"uv":[7.5,4,7.75,4.5],"texture":"#3"},"east":{"uv":[0.75,6,1.5,6.5],"texture":"#3"},"south":{"uv":[4.5,7.5,4.75,8],"texture":"#3"},"west":{"uv":[1.5,6,2.25,6.5],"texture":"#3"},"up":{"uv":[1.75,8,1.5,7.25],"texture":"#3"},"down":{"uv":[2,7.25,1.75,8],"texture":"#3"}}},{"from":[12,3.5,7],"to":[13,5.5,9],"rotation":{"angle":0,"axis":"y","origin":[12.5,3.25,8]},"faces":{"north":{"uv":[7.5,2,7.75,2.5],"texture":"#3"},"east":{"uv":[4.5,6.75,5,7.25],"texture":"#3"},"south":{"uv":[7.5,2.5,7.75,3],"texture":"#3"},"west":{"uv":[5.75,6.75,6.25,7.25],"texture":"#3"},"up":{"uv":[7.75,3.5,7.5,3],"texture":"#3"},"down":{"uv":[7.75,3.5,7.5,4],"texture":"#3"}}},{"from":[12,3.5,3],"to":[13,5.5,6],"rotation":{"angle":0,"axis":"y","origin":[12.5,3.25,8]},"faces":{"north":{"uv":[7.5,1,7.75,1.5],"texture":"#3"},"east":{"uv":[5.75,5.75,6.5,6.25],"texture":"#3"},"south":{"uv":[7.5,1.5,7.75,2],"texture":"#3"},"west":{"uv":[0,6,0.75,6.5],"texture":"#3"},"up":{"uv":[1.25,8,1,7.25],"texture":"#3"},"down":{"uv":[1.5,7.25,1.25,8],"texture":"#3"}}},{"from":[12,0,3],"to":[13,4,13],"rotation":{"angle":0,"axis":"y","origin":[12.5,3.25,8]},"faces":{"north":{"uv":[4,6.75,4.25,7.75],"texture":"#3"},"east":{"uv":[2.5,2,5,3],"texture":"#3"},"south":{"uv":[4.25,6.75,4.5,7.75],"texture":"#3"},"west":{"uv":[2.5,3,5,4],"texture":"#3"},"up":{"uv":[5.25,7.25,5,4.75],"texture":"#3"},"down":{"uv":[5.5,4.75,5.25,7.25],"texture":"#3"}}},{"from":[3,3.5,3],"to":[4,5.5,6],"rotation":{"angle":0,"axis":"y","origin":[12.5,3.25,8]},"faces":{"north":{"uv":[7.5,7,7.75,7.5],"texture":"#3"},"east":{"uv":[4.25,6.25,5,6.75],"texture":"#3"},"south":{"uv":[7.25,7.5,7.5,8],"texture":"#3"},"west":{"uv":[5.75,6.25,6.5,6.75],"texture":"#3"},"up":{"uv":[3.25,8,3,7.25],"texture":"#3"},"down":{"uv":[3.5,7.25,3.25,8],"texture":"#3"}}},{"from":[3,3.5,7],"to":[4,5.5,9],"rotation":{"angle":0,"axis":"y","origin":[12.5,3.25,8]},"faces":{"north":{"uv":[5.25,7.5,5.5,8],"texture":"#3"},"east":{"uv":[6.75,6.75,7.25,7.25],"texture":"#3"},"south":{"uv":[5.5,7.5,5.75,8],"texture":"#3"},"west":{"uv":[0,7,0.5,7.5],"texture":"#3"},"up":{"uv":[6,8,5.75,7.5],"texture":"#3"},"down":{"uv":[7.25,7.5,7,8],"texture":"#3"}}},{"from":[3,3.5,10],"to":[4,5.5,13],"rotation":{"angle":0,"axis":"y","origin":[12.5,3.25,8]},"faces":{"north":{"uv":[4.75,7.5,5,8],"texture":"#3"},"east":{"uv":[2.75,6.25,3.5,6.75],"texture":"#3"},"south":{"uv":[5,7.5,5.25,8],"texture":"#3"},"west":{"uv":[3.5,6.25,4.25,6.75],"texture":"#3"},"up":{"uv":[2.25,8,2,7.25],"texture":"#3"},"down":{"uv":[2.5,7.25,2.25,8],"texture":"#3"}}},{"from":[3,0,3],"to":[4,4,13],"rotation":{"angle":0,"axis":"y","origin":[12.5,3.25,8]},"faces":{"north":{"uv":[6.25,6.75,6.5,7.75],"texture":"#3"},"east":{"uv":[2.5,4,5,5],"texture":"#3"},"south":{"uv":[6.5,6.75,6.75,7.75],"texture":"#3"},"west":{"uv":[0,5,2.5,6],"texture":"#3"},"up":{"uv":[5.75,7.25,5.5,4.75],"texture":"#3"},"down":{"uv":[2.75,5.75,2.5,8.25],"texture":"#3"}}},{"from":[2.95,-0.05,2.95],"to":[13.05,3.05,13.05],"rotation":{"angle":0,"axis":"y","origin":[8.5,1.5,7.5]},"faces":{"north":{"uv":[5,2,7.5,2.75],"texture":"#3"},"east":{"uv":[2.5,5,5,5.75],"texture":"#3"},"south":{"uv":[5,2.75,7.5,3.5],"texture":"#3"},"west":{"uv":[5,3.5,7.5,4.25],"texture":"#3"},"up":{"uv":[2.5,2.5,0,0],"texture":"#3"},"down":{"uv":[2.5,2.5,0,5],"texture":"#3"}}}],"gui_light":"front"}