{"display":{"thirdperson_righthand":{"rotation":[0,20,0],"translation":[0,7.5,-1],"scale":[0.8,0.8,0.8]},"thirdperson_lefthand":{"rotation":[0,20,0],"translation":[0,7.5,-1],"scale":[0.8,0.8,0.8]},"firstperson_righthand":{"rotation":[0,11,0],"translation":[2.5,3.75,-2],"scale":[0.7,0.7,0.7]},"firstperson_lefthand":{"rotation":[0,11,0],"translation":[2.5,3.75,-2],"scale":[0.7,0.7,0.7]},"ground":{"rotation":[20,64,0],"translation":[0,6.25,0.75],"scale":[0.7,0.7,0.7]},"gui":{"rotation":[22.5,135,0],"translation":[0,5,0],"scale":[0.9,0.9,0.9]},"head":{"translation":[0,22,0],"scale":[1.82,1.82,1.82]},"fixed":{"translation":[0,4.5,0]}},"texture_size":[64,64],"textures":{"1":"civilization:item/wearable/king_frog","particle":"civilization:item/wearable/king_frog"},"elements":[{"from":[1,0,15],"to":[15,1,15],"rotation":{"angle":0,"axis":"y","origin":[7.99684,2.4861,8.02276]},"faces":{"north":{"uv":[12,2.75,15.5,3],"texture":"#1"},"east":{"uv":[12,3,15.5,3.25],"texture":"#1"},"south":{"uv":[12.25,8.75,15.75,9],"texture":"#1"},"west":{"uv":[12.5,1,16,1.25],"texture":"#1"},"up":{"uv":[3.5,3.5,0,0],"texture":"#1"},"down":{"uv":[3.5,3.5,0,7],"texture":"#1"}}},{"from":[15,0,1],"to":[15,1,15],"rotation":{"angle":0,"axis":"y","origin":[7.99684,2.4861,8.02276]},"faces":{"north":{"uv":[12,2.75,15.5,3],"texture":"#1"},"east":{"uv":[12,3,15.5,3.25],"texture":"#1"},"south":{"uv":[12.25,8.75,15.75,9],"texture":"#1"},"west":{"uv":[12.5,1,16,1.25],"texture":"#1"},"up":{"uv":[3.5,3.5,0,0],"texture":"#1"},"down":{"uv":[3.5,3.5,0,7],"texture":"#1"}}},{"from":[1,0,1],"to":[1,1,15],"rotation":{"angle":0,"axis":"y","origin":[7.99684,2.4861,8.02276]},"faces":{"north":{"uv":[12,2.75,15.5,3],"texture":"#1"},"east":{"uv":[12,3,15.5,3.25],"texture":"#1"},"south":{"uv":[12.25,8.75,15.75,9],"texture":"#1"},"west":{"uv":[12.5,1,16,1.25],"texture":"#1"},"up":{"uv":[3.5,3.5,0,0],"texture":"#1"},"down":{"uv":[3.5,3.5,0,7],"texture":"#1"}}},{"from":[1,0,1],"to":[15,1,1],"rotation":{"angle":0,"axis":"y","origin":[7.99684,2.4861,8.02276]},"faces":{"north":{"uv":[12,2.75,15.5,3],"texture":"#1"},"east":{"uv":[12,3,15.5,3.25],"texture":"#1"},"south":{"uv":[12.25,8.75,15.75,9],"texture":"#1"},"west":{"uv":[12.5,1,16,1.25],"texture":"#1"},"up":{"uv":[3.5,3.5,0,0],"texture":"#1"},"down":{"uv":[3.5,3.5,0,7],"texture":"#1"}}},{"from":[4,-6,4],"to":[12,0,12],"rotation":{"angle":0,"axis":"y","origin":[7.99684,2.4861,8.02276]},"faces":{"north":{"uv":[10.25,6,12.25,7.5],"texture":"#1"},"east":{"uv":[10.25,7.5,12.25,9],"texture":"#1"},"south":{"uv":[0,10.5,2,12],"texture":"#1"},"west":{"uv":[10.5,0,12.5,1.5],"texture":"#1"},"up":{"uv":[9,11.5,7,9.5],"texture":"#1"},"down":{"uv":[11,9.5,9,11.5],"texture":"#1"}}},{"from":[1,0,1],"to":[15,0,15],"rotation":{"angle":0,"axis":"y","origin":[7.99684,2.4861,8.02276]},"faces":{"north":{"uv":[0,0,3.5,0],"texture":"#1"},"east":{"uv":[0,0,3.5,0],"texture":"#1"},"south":{"uv":[0,0,3.5,0],"texture":"#1"},"west":{"uv":[0,0,3.5,0],"texture":"#1"},"up":{"uv":[7,3.5,3.5,0],"texture":"#1"},"down":{"uv":[7,3.5,3.5,7],"texture":"#1"}}},{"from":[5,2,4.65224],"to":[11,7,11.65224],"rotation":{"angle":22.5,"axis":"x","origin":[7,4.5,6.15224]},"faces":{"north":{"uv":[9.25,11.5,10.75,12.75],"texture":"#1"},"east":{"uv":[11.25,4.5,13,5.75],"texture":"#1"},"south":{"uv":[12,1.5,13.5,2.75],"texture":"#1"},"west":{"uv":[5.5,11.5,7.25,12.75],"texture":"#1"},"up":{"uv":[12,3.25,10.5,1.5],"texture":"#1"},"down":{"uv":[3.5,10.5,2,12.25],"texture":"#1"}}},{"from":[4.60679,0.60866,6.10177],"to":[6.60679,2.60866,9.10177],"rotation":{"angle":45,"axis":"y","origin":[7.75502,2.30866,9.75]},"faces":{"north":{"uv":[13.5,8.25,14,8.75],"texture":"#1"},"east":{"uv":[10.25,9,11,9.5],"texture":"#1"},"south":{"uv":[9,13.5,9.5,14],"texture":"#1"},"west":{"uv":[12.75,11.25,13.5,11.75],"texture":"#1"},"up":{"uv":[10.75,13.5,10.25,12.75],"texture":"#1"},"down":{"uv":[13,12.75,12.5,13.5],"texture":"#1"}}},{"from":[4.10679,1.60866,6.00177],"to":[7.10679,3.60866,6.00177],"rotation":{"angle":45,"axis":"y","origin":[7.75502,2.30866,9.75]},"faces":{"north":{"uv":[13,5.25,13.75,5.75],"texture":"#1"},"east":{"uv":[0,0,0,0.5],"texture":"#1"},"south":{"uv":[13,5.25,13.75,5.75],"texture":"#1"},"west":{"uv":[0,0,0,0.5],"texture":"#1"},"up":{"uv":[0.75,0,0,0],"texture":"#1"},"down":{"uv":[0.75,0,0,0],"texture":"#1"}}},{"from":[9.39321,0.60866,6.10177],"to":[11.39321,2.60866,9.10177],"rotation":{"angle":-45,"axis":"y","origin":[8.24498,2.30866,9.75]},"faces":{"north":{"uv":[13.5,10,14,10.5],"texture":"#1"},"east":{"uv":[5.75,13.5,6.5,14],"texture":"#1"},"south":{"uv":[13.5,10.5,14,11],"texture":"#1"},"west":{"uv":[13.5,7.75,14.25,8.25],"texture":"#1"},"up":{"uv":[7,14.25,6.5,13.5],"texture":"#1"},"down":{"uv":[9,13.5,8.5,14.25],"texture":"#1"}}},{"from":[8.89321,1.60866,6.00177],"to":[11.89321,3.60866,6.00177],"rotation":{"angle":-45,"axis":"y","origin":[8.24498,2.30866,9.75]},"faces":{"north":{"uv":[13.5,4.5,14.25,5],"texture":"#1"},"east":{"uv":[0,0,0,0.5],"texture":"#1"},"south":{"uv":[13,5.25,13.75,5.75],"texture":"#1"},"west":{"uv":[0,0,0,0.5],"texture":"#1"},"up":{"uv":[0.75,0,0,0],"texture":"#1"},"down":{"uv":[0.75,0,0,0],"texture":"#1"}}},{"from":[4.5,0.6,4.5],"to":[7.5,0.6,6.5],"rotation":{"angle":0,"axis":"y","origin":[7.75502,11.60866,8.61863]},"faces":{"north":{"uv":[0,0,0.75,0],"texture":"#1"},"east":{"uv":[0,0,0.5,0],"texture":"#1"},"south":{"uv":[0,0,0.75,0],"texture":"#1"},"west":{"uv":[0,0,0.5,0],"texture":"#1"},"up":{"uv":[14.25,2,13.5,1.5],"texture":"#1"},"down":{"uv":[14.25,2,13.5,2.5],"texture":"#1"}}},{"from":[8,0.6,4.5],"to":[11,0.6,6.5],"rotation":{"angle":0,"axis":"y","origin":[7.75502,11.60866,8.61863]},"faces":{"north":{"uv":[0,0,0.75,0],"texture":"#1"},"east":{"uv":[0,0,0.5,0],"texture":"#1"},"south":{"uv":[0,0,0.75,0],"texture":"#1"},"west":{"uv":[0,0,0.5,0],"texture":"#1"},"up":{"uv":[4.25,14,3.5,13.5],"texture":"#1"},"down":{"uv":[5,13.5,4.25,14],"texture":"#1"}}},{"from":[4.95502,0.61732,5.27388],"to":[6.95502,3.61732,7.27388],"rotation":{"angle":0,"axis":"y","origin":[7.75502,3.11732,5.17388]},"faces":{"north":{"uv":[0,13,0.5,13.75],"texture":"#1"},"east":{"uv":[0.5,13,1,13.75],"texture":"#1"},"south":{"uv":[1,13,1.5,13.75],"texture":"#1"},"west":{"uv":[1.5,13,2,13.75],"texture":"#1"},"up":{"uv":[14,9.5,13.5,9],"texture":"#1"},"down":{"uv":[10,13.5,9.5,14],"texture":"#1"}}},{"from":[8.55502,0.61732,5.27388],"to":[10.55502,3.61732,7.27388],"rotation":{"angle":0,"axis":"y","origin":[7.75502,3.11732,5.17388]},"faces":{"north":{"uv":[13,4.5,13.5,5.25],"texture":"#1"},"east":{"uv":[10.75,13,11.25,13.75],"texture":"#1"},"south":{"uv":[11.25,13,11.75,13.75],"texture":"#1"},"west":{"uv":[11.75,13,12.25,13.75],"texture":"#1"},"up":{"uv":[14,10,13.5,9.5],"texture":"#1"},"down":{"uv":[10.5,13.5,10,14],"texture":"#1"}}},{"from":[4.5,4,2.20052],"to":[11.5,8,8.20052],"rotation":{"angle":0,"axis":"y","origin":[7.99684,-7.5139,8.22328]},"faces":{"north":{"uv":[10.75,12,12.5,13],"texture":"#1"},"east":{"uv":[2,12.25,3.5,13.25],"texture":"#1"},"south":{"uv":[12.25,5.75,14,6.75],"texture":"#1"},"west":{"uv":[12.25,6.75,13.75,7.75],"texture":"#1"},"up":{"uv":[12.75,10.5,11,9],"texture":"#1"},"down":{"uv":[12.75,10.5,11,12],"texture":"#1"}}},{"from":[6.5,8,4.20052],"to":[9.5,11,7.20052],"rotation":{"angle":0,"axis":"y","origin":[7.99684,-7.5139,8.22328]},"faces":{"north":{"uv":[6.25,12.75,7,13.5],"texture":"#1"},"east":{"uv":[8.75,12.75,9.5,13.5],"texture":"#1"},"south":{"uv":[12.75,9,13.5,9.75],"texture":"#1"},"west":{"uv":[9.5,12.75,10.25,13.5],"texture":"#1"},"up":{"uv":[13.5,10.5,12.75,9.75],"texture":"#1"},"down":{"uv":[13.5,10.5,12.75,11.25],"texture":"#1"}}},{"from":[6.45,7.95,4.15052],"to":[9.55,9.05,7.25052],"rotation":{"angle":0,"axis":"y","origin":[7.99684,-7.5139,8.22328]},"faces":{"north":{"uv":[9.5,6.75,10.25,7],"texture":"#1"},"east":{"uv":[10.5,3.25,11.25,3.5],"texture":"#1"},"south":{"uv":[13.5,5,14.25,5.25],"texture":"#1"},"west":{"uv":[13.5,11,14.25,11.25],"texture":"#1"},"up":{"uv":[7.75,9.5,7,8.75],"texture":"#1"},"down":{"uv":[8.5,8.75,7.75,9.5],"texture":"#1"}}},{"from":[7.5,11,5.70052],"to":[8.5,12,5.70052],"rotation":{"angle":-45,"axis":"y","origin":[8,11.5,5.70052]},"faces":{"north":{"uv":[6.5,11.25,6.75,11.5],"texture":"#1"},"east":{"uv":[0,0,0,0.25],"texture":"#1"},"south":{"uv":[6.75,11.25,7,11.5],"texture":"#1"},"west":{"uv":[0,0,0,0.25],"texture":"#1"},"up":{"uv":[0.25,0,0,0],"texture":"#1"},"down":{"uv":[0.25,0,0,0],"texture":"#1"}}},{"from":[8,11,5.20052],"to":[8,12,6.20052],"rotation":{"angle":-45,"axis":"y","origin":[8,11.5,5.70052]},"faces":{"north":{"uv":[0,0,0,0.25],"texture":"#1"},"east":{"uv":[10.75,11.5,11,11.75],"texture":"#1"},"south":{"uv":[0,0,0,0.25],"texture":"#1"},"west":{"uv":[10.75,11.75,11,12],"texture":"#1"},"up":{"uv":[0,0.25,0,0],"texture":"#1"},"down":{"uv":[0,0,0,0.25],"texture":"#1"}}},{"from":[4,3,1.60052],"to":[12,7,6.60052],"rotation":{"angle":-22.5,"axis":"x","origin":[8,5.5,4.20052]},"faces":{"north":{"uv":[7.25,11.5,9.25,12.5],"texture":"#1"},"east":{"uv":[12.25,7.75,13.5,8.75],"texture":"#1"},"south":{"uv":[0,12,2,13],"texture":"#1"},"west":{"uv":[12.5,0,13.75,1],"texture":"#1"},"up":{"uv":[13.25,4.5,11.25,3.25],"texture":"#1"},"down":{"uv":[5.5,11.25,3.5,12.5],"texture":"#1"}}},{"from":[3.5,6,4.20052],"to":[5.5,9,7.20052],"rotation":{"angle":0,"axis":"y","origin":[8,7.5,5.70052]},"faces":{"north":{"uv":[13,12.75,13.5,13.5],"texture":"#1"},"east":{"uv":[9.5,6,10.25,6.75],"texture":"#1"},"south":{"uv":[2,13.25,2.5,14],"texture":"#1"},"west":{"uv":[7.25,12.5,8,13.25],"texture":"#1"},"up":{"uv":[3,14,2.5,13.25],"texture":"#1"},"down":{"uv":[3.5,13.25,3,14],"texture":"#1"}}},{"from":[10.5,6,4.20052],"to":[12.5,9,7.20052],"rotation":{"angle":0,"axis":"y","origin":[8,7.5,5.70052]},"faces":{"north":{"uv":[13.25,3.25,13.75,4],"texture":"#1"},"east":{"uv":[8,12.5,8.75,13.25],"texture":"#1"},"south":{"uv":[7,13.25,7.5,14],"texture":"#1"},"west":{"uv":[5.5,12.75,6.25,13.5],"texture":"#1"},"up":{"uv":[8,14,7.5,13.25],"texture":"#1"},"down":{"uv":[8.5,13.25,8,14],"texture":"#1"}}},{"from":[3,1.00343,-0.58833],"to":[13,1.00343,6.41167],"rotation":{"angle":22.5,"axis":"x","origin":[8,2.00343,3.91167]},"faces":{"north":{"uv":[0,0,2.5,0],"texture":"#1"},"east":{"uv":[0,0,1.75,0],"texture":"#1"},"south":{"uv":[0,0,2.5,0],"texture":"#1"},"west":{"uv":[0,0,1.75,0],"texture":"#1"},"up":{"uv":[6,8.75,3.5,7],"texture":"#1"},"down":{"uv":[9.5,3.5,7,5.25],"texture":"#1"}}},{"from":[3,1.00343,9.58833],"to":[13,1.00343,16.58833],"rotation":{"angle":-22.5,"axis":"x","origin":[8,2.00343,12.08833]},"faces":{"north":{"uv":[0,0,2.5,0],"texture":"#1"},"east":{"uv":[0,0,1.75,0],"texture":"#1"},"south":{"uv":[0,0,2.5,0],"texture":"#1"},"west":{"uv":[0,0,1.75,0],"texture":"#1"},"up":{"uv":[9.5,7,7,5.25],"texture":"#1"},"down":{"uv":[8.5,7,6,8.75],"texture":"#1"}}},{"from":[6,0.19687,6],"to":[10,1.19687,10],"rotation":{"angle":0,"axis":"y","origin":[7.5,0.69687,8]},"faces":{"north":{"uv":[5.5,11.25,6.5,11.5],"texture":"#1"},"east":{"uv":[11.25,5.75,12.25,6],"texture":"#1"},"south":{"uv":[12.75,11.75,13.75,12],"texture":"#1"},"west":{"uv":[13.5,2.5,14.5,2.75],"texture":"#1"},"up":{"uv":[4.5,13.5,3.5,12.5],"texture":"#1"},"down":{"uv":[5.5,12.5,4.5,13.5],"texture":"#1"}}},{"from":[-0.48423,-0.6023,3],"to":[6.51577,-0.6023,13],"rotation":{"angle":-22.5,"axis":"z","origin":[8,1.46224,8]},"faces":{"north":{"uv":[0,0,1.75,0],"texture":"#1"},"east":{"uv":[0,0,2.5,0],"texture":"#1"},"south":{"uv":[0,0,1.75,0],"texture":"#1"},"west":{"uv":[0,0,2.5,0],"texture":"#1"},"up":{"uv":[10.25,9.5,8.5,7],"texture":"#1"},"down":{"uv":[5.25,8.75,3.5,11.25],"texture":"#1"}}},{"from":[9.48423,-0.6023,3],"to":[16.48423,-0.6023,13],"rotation":{"angle":22.5,"axis":"z","origin":[8,1.46224,8]},"faces":{"north":{"uv":[0,0,1.75,0],"texture":"#1"},"east":{"uv":[0,0,2.5,0],"texture":"#1"},"south":{"uv":[0,0,1.75,0],"texture":"#1"},"west":{"uv":[0,0,2.5,0],"texture":"#1"},"up":{"uv":[7,11.25,5.25,8.75],"texture":"#1"},"down":{"uv":[11.25,3.5,9.5,6],"texture":"#1"}}}],"gui_light":"front"}