{"display":{"thirdperson_righthand":{"rotation":[0,25,0],"translation":[0,4,0]},"thirdperson_lefthand":{"rotation":[0,25,0],"translation":[0,4,0]},"firstperson_righthand":{"rotation":[0,-10,0],"translation":[4.25,0,0]},"firstperson_lefthand":{"rotation":[0,-10,0],"translation":[4.25,0,0]},"ground":{"rotation":[24,0,34],"translation":[0,1.75,0],"scale":[0.5,0.5,0.5]},"gui":{"rotation":[22.5,135,0],"translation":[0,1,0],"scale":[0.7,0.7,0.7]},"head":{"translation":[0,9,0],"scale":[1.86,1.86,1.86]}},"texture_size":[64,64],"textures":{"2":"civilization:item/wearable/krampus/krampus_animation","3":"civilization:item/wearable/krampus/krampus_head"},"elements":[{"from":[4,-1,4],"to":[12,9,12],"rotation":{"angle":0,"axis":"y","origin":[4,0,4]},"faces":{"north":{"uv":[2.25,0,4.25,2.5],"texture":"#3"},"east":{"uv":[2.25,2.5,4.25,5],"texture":"#3"},"south":{"uv":[4.25,0,6.25,2.5],"texture":"#3"},"west":{"uv":[4.25,2.5,6.25,5],"texture":"#3"},"up":{"uv":[2,6.5,0,4.5],"texture":"#3"},"down":{"uv":[4,5,2,7],"texture":"#3"}}},{"from":[10.01,-2.99,4.01],"to":[12.99,-0.01,7.99],"rotation":{"angle":-22.5,"axis":"z","origin":[15.5,0.5,8]},"faces":{"north":{"uv":[10.5,7,11.25,7.75],"texture":"#3"},"east":{"uv":[9.75,3.75,10.75,4.5],"texture":"#3"},"south":{"uv":[0,10.75,0.75,11.5],"texture":"#3"},"west":{"uv":[9.75,4.5,10.75,5.25],"texture":"#3"},"up":{"uv":[10.5,6.25,9.75,5.25],"texture":"#3"},"down":{"uv":[10.5,7,9.75,8],"texture":"#3"}}},{"from":[3.01,-2.99,4.01],"to":[5.99,-0.01,7.99],"rotation":{"angle":22.5,"axis":"z","origin":[0.5,0.5,8]},"faces":{"north":{"uv":[10.75,4.5,11.5,5.25],"texture":"#3"},"east":{"uv":[10.25,2.25,11.25,3],"texture":"#3"},"south":{"uv":[6,10.75,6.75,11.5],"texture":"#3"},"west":{"uv":[10.25,6.25,11.25,7],"texture":"#3"},"up":{"uv":[4.5,11.5,3.75,10.5],"texture":"#3"},"down":{"uv":[5.25,10.5,4.5,11.5],"texture":"#3"}}},{"from":[5.59579,-2.6007,4.01],"to":[9.57579,1.3793,6.99],"rotation":{"angle":-45,"axis":"z","origin":[6.58579,-1.6107,8]},"faces":{"north":{"uv":[6.25,4,7.25,5],"texture":"#3"},"east":{"uv":[5.25,10.5,6,11.5],"texture":"#3"},"south":{"uv":[9.25,9,10.25,10],"texture":"#3"},"west":{"uv":[10.5,5.25,11.25,6.25],"texture":"#3"},"up":{"uv":[11.5,0.75,10.5,0],"texture":"#3"},"down":{"uv":[11.5,3,10.5,3.75],"texture":"#3"}}},{"from":[3.47088,3.69297,4.01],"to":[6.45088,6.67297,12.99],"rotation":{"angle":22.5,"axis":"z","origin":[4.96088,5.18297,11.5]},"faces":{"north":{"uv":[2.25,10.75,3,11.5],"texture":"#3"},"east":{"uv":[8,6.25,10.25,7],"texture":"#3"},"south":{"uv":[10.75,3.75,11.5,4.5],"texture":"#3"},"west":{"uv":[8.25,0,10.5,0.75],"texture":"#3"},"up":{"uv":[9,3,8.25,0.75],"texture":"#3"},"down":{"uv":[0.75,8.5,0,10.75],"texture":"#3"}}},{"from":[9.54912,3.69297,4.01],"to":[12.52912,6.67297,12.99],"rotation":{"angle":-22.5,"axis":"z","origin":[11.03912,5.18297,11.5]},"faces":{"north":{"uv":[6.75,10.75,7.5,11.5],"texture":"#3"},"east":{"uv":[8.25,3,10.5,3.75],"texture":"#3"},"south":{"uv":[10.75,7.75,11.5,8.5],"texture":"#3"},"west":{"uv":[0.75,9,3,9.75],"texture":"#3"},"up":{"uv":[9.75,3,9,0.75],"texture":"#3"},"down":{"uv":[3.75,9,3,11.25],"texture":"#3"}}},{"from":[4.51,2.69297,4.82732],"to":[11.49,11.67297,13.80732],"rotation":{"angle":22.5,"axis":"x","origin":[8,5.18297,7.61732]},"faces":{"north":{"uv":[4,7,5.75,9.25],"texture":"#3"},"east":{"uv":[0,0,2.25,2.25],"texture":"#3"},"south":{"uv":[5.75,7,7.5,9.25],"texture":"#3"},"west":{"uv":[0,2.25,2.25,4.5],"texture":"#3"},"up":{"uv":[9.25,9.25,7.5,7],"texture":"#3"},"down":{"uv":[9.75,4,8,6.25],"texture":"#3"}}},{"from":[3.8,0,3.8],"to":[12.2,8.4,12.2],"rotation":{"angle":0,"axis":"y","origin":[4,0,4]},"faces":{"north":{"uv":[4,5,6,7],"texture":"#3"},"east":{"uv":[6,5,8,7],"texture":"#3"},"south":{"uv":[6.25,0,8.25,2],"texture":"#3"},"west":{"uv":[6.25,2,8.25,4],"texture":"#3"},"up":{"uv":[2,8.5,0,6.5],"texture":"#3"},"down":{"uv":[4,7,2,9],"texture":"#3"}}},{"from":[6.5,0.5,3],"to":[9.5,4.5,5],"rotation":{"angle":22.5,"axis":"x","origin":[8,3.5,3]},"faces":{"north":{"uv":[7.25,4,8,5],"texture":"#3"},"east":{"uv":[10.75,8.5,11.25,9.5],"texture":"#3"},"south":{"uv":[2.25,9.75,3,10.75],"texture":"#3"},"west":{"uv":[9.25,10.75,9.75,11.75],"texture":"#3"},"up":{"uv":[12,9,11.25,8.5],"texture":"#3"},"down":{"uv":[12,9,11.25,9.5],"texture":"#3"}}},{"from":[11,3.69344,6.5412],"to":[15,6.69344,8.5412],"rotation":{"angle":22.5,"axis":"z","origin":[15,3.19344,3.5412]},"faces":{"north":{"uv":[9.75,8,10.75,8.75],"texture":"#3"},"east":{"uv":[11.25,11,11.75,11.75],"texture":"#3"},"south":{"uv":[9.25,10,10.25,10.75],"texture":"#3"},"west":{"uv":[0,11.5,0.5,12.25],"texture":"#3"},"up":{"uv":[1.75,9,0.75,8.5],"texture":"#3"},"down":{"uv":[11.75,9.5,10.75,10],"texture":"#3"}}},{"from":[1,3.69344,6.5412],"to":[5,6.69344,8.5412],"rotation":{"angle":-22.5,"axis":"z","origin":[1,3.19344,3.5412]},"faces":{"north":{"uv":[10.25,0.75,11.25,1.5],"texture":"#3"},"east":{"uv":[11.5,0,12,0.75],"texture":"#3"},"south":{"uv":[10.25,1.5,11.25,2.25],"texture":"#3"},"west":{"uv":[2.25,11.5,2.75,12.25],"texture":"#3"},"up":{"uv":[11.75,10.5,10.75,10],"texture":"#3"},"down":{"uv":[11.75,10.5,10.75,11],"texture":"#3"}}},{"from":[7,10.5,2.5],"to":[9,12.5,4.5],"rotation":{"angle":0,"axis":"y","origin":[4.5,0,4.5]},"faces":{"north":{"uv":[11.5,7.75,12,8.25],"texture":"#3"},"east":{"uv":[11.75,2,12.25,2.5],"texture":"#3"},"south":{"uv":[11.75,5.25,12.25,5.75],"texture":"#3"},"west":{"uv":[11.75,5.75,12.25,6.25],"texture":"#3"},"up":{"uv":[12.25,6.75,11.75,6.25],"texture":"#3"},"down":{"uv":[12.25,6.75,11.75,7.25],"texture":"#3"}}},{"from":[7,10.5,2.5],"to":[9,12.5,4.5],"rotation":{"angle":0,"axis":"y","origin":[4.5,0,4.5]},"faces":{"north":{"uv":[11.75,11,12.25,11.5],"texture":"#3"},"east":{"uv":[11.25,11.75,11.75,12.25],"texture":"#3"},"south":{"uv":[11.75,11.5,12.25,12],"texture":"#3"},"west":{"uv":[12,0,12.5,0.5],"texture":"#3"},"up":{"uv":[12.5,1,12,0.5],"texture":"#3"},"down":{"uv":[12.5,1,12,1.5],"texture":"#3"}}},{"from":[4.0179,3,3.94987],"to":[7.0179,4,3.94987],"rotation":{"angle":0,"axis":"y","origin":[2.2179,-0.5,-2.15013]},"faces":{"north":{"uv":[12,7,15,8],"texture":"#2"},"east":{"uv":[12,7,15,8],"texture":"#2"},"south":{"uv":[12,7,15,8],"texture":"#2"},"west":{"uv":[12,7,15,8],"texture":"#2"},"up":{"uv":[12,7,15,8],"texture":"#2"},"down":{"uv":[12,7,15,8],"texture":"#2"}}},{"from":[8.9821,3,3.94987],"to":[11.9821,4,3.94987],"rotation":{"angle":0,"axis":"y","origin":[13.7821,-0.5,-2.15013]},"faces":{"north":{"uv":[15,7,12,8],"texture":"#2"},"east":{"uv":[15,7,12,8],"texture":"#2"},"south":{"uv":[15,7,12,8],"texture":"#2"},"west":{"uv":[15,7,12,8],"texture":"#2"},"up":{"uv":[15,7,12,8],"texture":"#2"},"down":{"uv":[15,7,12,8],"texture":"#2"}}},{"from":[2.66061,-1,3.73358],"to":[2.66061,4,10.73358],"rotation":{"angle":-22.5,"axis":"y","origin":[2.66061,1.5,7.23358]},"faces":{"north":{"uv":[0,0,7,5],"texture":"#2"},"east":{"uv":[7,0,0,5],"texture":"#2"},"south":{"uv":[0,0,7,5],"texture":"#2"},"west":{"uv":[0,0,7,5],"texture":"#2"},"up":{"uv":[0,0,7,5],"rotation":270,"texture":"#2"},"down":{"uv":[0,0,7,5],"rotation":90,"texture":"#2"}}},{"from":[13.33939,-1,3.73358],"to":[13.33939,4,10.73358],"rotation":{"angle":22.5,"axis":"y","origin":[13.33939,1.5,7.23358]},"faces":{"north":{"uv":[7,0,0,5],"texture":"#2"},"east":{"uv":[7,0,0,5],"texture":"#2"},"south":{"uv":[7,0,0,5],"texture":"#2"},"west":{"uv":[0,0,7,5],"texture":"#2"},"up":{"uv":[0,5,7,0],"rotation":270,"texture":"#2"},"down":{"uv":[0,5,7,0],"rotation":90,"texture":"#2"}}},{"from":[5.5,12,3.5],"to":[10.5,19,3.5],"rotation":{"angle":0,"axis":"y","origin":[4.5,0,4.5]},"faces":{"north":{"uv":[1,6,6,13],"texture":"#2"},"east":{"uv":[0,0,0,1.75],"texture":"#2"},"south":{"uv":[1,6,6,13],"texture":"#2"},"west":{"uv":[0,0,0,1.75],"texture":"#2"},"up":{"uv":[1.25,0,0,0],"texture":"#2"},"down":{"uv":[1.25,0,0,0],"texture":"#2"}}},{"from":[7,2.2,13.5],"to":[9,4.2,14.5],"rotation":{"angle":-22.5,"axis":"x","origin":[8,2.75,14]},"faces":{"north":{"uv":[8,11.75,8.5,12.25],"texture":"#3"},"east":{"uv":[2,4.5,2.25,5],"texture":"#3"},"south":{"uv":[8.5,11.75,9,12.25],"texture":"#3"},"west":{"uv":[1.75,8.5,2,9],"texture":"#3"},"up":{"uv":[10.25,3,9.75,2.75],"texture":"#3"},"down":{"uv":[10.25,8.75,9.75,9],"texture":"#3"}}},{"from":[6.5,-3.3,13],"to":[9.5,2.7,15],"rotation":{"angle":-22.5,"axis":"x","origin":[8,2.75,14]},"faces":{"north":{"uv":[6.25,9.25,7,10.75],"texture":"#3"},"east":{"uv":[10.25,8.75,10.75,10.25],"texture":"#3"},"south":{"uv":[7,9.25,7.75,10.75],"texture":"#3"},"west":{"uv":[10.25,10.25,10.75,11.75],"texture":"#3"},"up":{"uv":[12.25,3.25,11.5,2.75],"texture":"#3"},"down":{"uv":[12.25,3.25,11.5,3.75],"texture":"#3"}}},{"from":[5.14645,3.45081,3],"to":[10.14645,8.45081,4],"rotation":{"angle":45,"axis":"z","origin":[7.64645,6.45081,8]},"faces":{"north":{"uv":[3.75,9.25,5,10.5],"texture":"#3"},"east":{"uv":[0.75,11.75,1,13],"texture":"#3"},"south":{"uv":[5,9.25,6.25,10.5],"texture":"#3"},"west":{"uv":[11.75,0.75,12,2],"texture":"#3"},"up":{"uv":[9.5,4,8.25,3.75],"texture":"#3"},"down":{"uv":[12.75,5,11.5,5.25],"texture":"#3"}}},{"from":[4.01,6.01,2.90525],"to":[5.01,9.01,3.90525],"rotation":{"angle":-22.5,"axis":"x","origin":[6.8,10.53721,4.55394]},"faces":{"north":{"uv":[2,11.75,2.25,12.5],"texture":"#3"},"east":{"uv":[4,12,4.25,12.75],"texture":"#3"},"south":{"uv":[2.25,12.25,2.5,13],"texture":"#3"},"west":{"uv":[2.5,12.25,2.75,13],"texture":"#3"},"up":{"uv":[4,9.25,3.75,9],"texture":"#3"},"down":{"uv":[9.75,3.75,9.5,4],"texture":"#3"}}},{"from":[3.99,9.18677,2.87155],"to":[5.01,10.20677,5.89155],"rotation":{"angle":-45,"axis":"x","origin":[6.8,10.53721,5.55394]},"faces":{"north":{"uv":[6,10.5,6.25,10.75],"texture":"#3"},"east":{"uv":[12,9.25,12.75,9.5],"texture":"#3"},"south":{"uv":[10.5,7.75,10.75,8],"texture":"#3"},"west":{"uv":[12.25,2,13,2.25],"texture":"#3"},"up":{"uv":[12.5,3.5,12.25,2.75],"texture":"#3"},"down":{"uv":[3.25,12.25,3,13],"texture":"#3"}}},{"from":[3.99,9.92624,6.78779],"to":[4.99,14.92624,7.78779],"rotation":{"angle":22.5,"axis":"x","origin":[7.79,12.48839,7.0032]},"faces":{"north":{"uv":[9,11.25,9.25,12.5],"texture":"#3"},"east":{"uv":[0.5,11.5,0.75,12.75],"texture":"#3"},"south":{"uv":[2.75,11.5,3,12.75],"texture":"#3"},"west":{"uv":[7.25,11.5,7.5,12.75],"texture":"#3"},"up":{"uv":[11.5,3,11.25,2.75],"texture":"#3"},"down":{"uv":[3.75,11.25,3.5,11.5],"texture":"#3"}}},{"from":[10.5,6,1.91525],"to":[12.5,10,3.91525],"rotation":{"angle":-22.5,"axis":"x","origin":[9.2,10.53721,4.55394]},"faces":{"north":{"uv":[9.75,10.75,10.25,11.75],"texture":"#3"},"east":{"uv":[10.75,11,11.25,12],"texture":"#3"},"south":{"uv":[11.25,0.75,11.75,1.75],"texture":"#3"},"west":{"uv":[11.25,1.75,11.75,2.75],"texture":"#3"},"up":{"uv":[10.75,12.25,10.25,11.75],"texture":"#3"},"down":{"uv":[12.25,10.5,11.75,11],"texture":"#3"}}},{"from":[10.49,9.04068,1.90053],"to":[12.51,11.06068,4.92053],"rotation":{"angle":-45,"axis":"x","origin":[9.2,10.53721,4.55394]},"faces":{"north":{"uv":[9.75,11.75,10.25,12.25],"texture":"#3"},"east":{"uv":[3.5,11.5,4.25,12],"texture":"#3"},"south":{"uv":[11.75,10,12.25,10.5],"texture":"#3"},"west":{"uv":[11.5,3.75,12.25,4.25],"texture":"#3"},"up":{"uv":[4.75,12.25,4.25,11.5],"texture":"#3"},"down":{"uv":[12,4.25,11.5,5],"texture":"#3"}}},{"from":[10.51,10.05583,4.70547],"to":[12.51,18.05583,6.70547],"rotation":{"angle":22.5,"axis":"x","origin":[8.2,11.99368,5.49005]},"faces":{"north":{"uv":[9.25,7,9.75,9],"texture":"#3"},"east":{"uv":[7.75,9.25,8.25,11.25],"texture":"#3"},"south":{"uv":[8.25,9.25,8.75,11.25],"texture":"#3"},"west":{"uv":[8.75,9.25,9.25,11.25],"texture":"#3"},"up":{"uv":[9.75,12.25,9.25,11.75],"texture":"#3"},"down":{"uv":[12.25,9.5,11.75,10],"texture":"#3"}}},{"from":[3.5,6,1.91525],"to":[5.5,10,3.91525],"rotation":{"angle":-22.5,"axis":"x","origin":[6.8,10.53721,4.55394]},"faces":{"north":{"uv":[3,11.25,3.5,12.25],"texture":"#3"},"east":{"uv":[11.25,5.25,11.75,6.25],"texture":"#3"},"south":{"uv":[11.25,6.25,11.75,7.25],"texture":"#3"},"west":{"uv":[7.5,11.25,8,12.25],"texture":"#3"},"up":{"uv":[12.25,12.5,11.75,12],"texture":"#3"},"down":{"uv":[0.5,12.25,0,12.75],"texture":"#3"}}},{"from":[3.49,9.04068,1.90053],"to":[5.51,11.06068,4.92053],"rotation":{"angle":-45,"axis":"x","origin":[6.8,10.53721,4.55394]},"faces":{"north":{"uv":[12,8.75,12.5,9.25],"texture":"#3"},"east":{"uv":[4.75,11.5,5.5,12],"texture":"#3"},"south":{"uv":[10.75,12,11.25,12.5],"texture":"#3"},"west":{"uv":[5.5,11.5,6.25,12],"texture":"#3"},"up":{"uv":[6.75,12.25,6.25,11.5],"texture":"#3"},"down":{"uv":[7.25,11.5,6.75,12.25],"texture":"#3"}}},{"from":[3.49,10.05583,4.70547],"to":[5.49,18.05583,6.70547],"rotation":{"angle":22.5,"axis":"x","origin":[7.8,11.99368,5.49005]},"faces":{"north":{"uv":[0.75,9.75,1.25,11.75],"texture":"#3"},"east":{"uv":[9.75,0.75,10.25,2.75],"texture":"#3"},"south":{"uv":[1.25,9.75,1.75,11.75],"texture":"#3"},"west":{"uv":[1.75,9.75,2.25,11.75],"texture":"#3"},"up":{"uv":[12.5,8.25,12,7.75],"texture":"#3"},"down":{"uv":[12.5,8.25,12,8.75],"texture":"#3"}}},{"from":[11.01,9.92624,6.78779],"to":[12.01,14.92624,7.78779],"rotation":{"angle":22.5,"axis":"x","origin":[8.21,12.48839,7.0032]},"faces":{"north":{"uv":[1,11.75,1.25,13],"texture":"#3"},"east":{"uv":[1.25,11.75,1.5,13],"texture":"#3"},"south":{"uv":[1.5,11.75,1.75,13],"texture":"#3"},"west":{"uv":[1.75,11.75,2,13],"texture":"#3"},"up":{"uv":[4.75,12.5,4.5,12.25],"texture":"#3"},"down":{"uv":[12.5,5.25,12.25,5.5],"texture":"#3"}}},{"from":[10.99,9.18677,2.87155],"to":[12.01,10.20677,5.89155],"rotation":{"angle":-45,"axis":"x","origin":[9.2,10.53721,5.55394]},"faces":{"north":{"uv":[11.5,8.25,11.75,8.5],"texture":"#3"},"east":{"uv":[12.25,2.25,13,2.5],"texture":"#3"},"south":{"uv":[11.75,8.25,12,8.5],"texture":"#3"},"west":{"uv":[12.25,3.5,13,3.75],"texture":"#3"},"up":{"uv":[3.5,13,3.25,12.25],"texture":"#3"},"down":{"uv":[4.5,12.25,4.25,13],"texture":"#3"}}},{"name":"cube_outline","from":[9.2,12.7,4.7],"to":[6.8,10.3,2.3],"rotation":{"angle":0,"axis":"y","origin":[4.5,0,4.5]},"faces":{"north":{"uv":[12,1.5,12.5,2],"texture":"#3"},"east":{"uv":[3.5,12,4,12.5],"texture":"#3"},"south":{"uv":[12,4.25,12.5,4.75],"texture":"#3"},"west":{"uv":[4.75,12,5.25,12.5],"texture":"#3"},"up":{"uv":[5.75,12.5,5.25,12],"texture":"#3"},"down":{"uv":[6.25,12,5.75,12.5],"texture":"#3"}}}],"gui_light":"front"}