{"display":{"thirdperson_righthand":{"rotation":[0,20,0],"translation":[0,-0.75,-1],"scale":[0.8,0.8,0.8]},"thirdperson_lefthand":{"rotation":[0,20,0],"translation":[0,-0.75,-1],"scale":[0.8,0.8,0.8]},"firstperson_righthand":{"rotation":[0,11,0],"translation":[1.75,0,-0.25],"scale":[0.7,0.7,0.7]},"firstperson_lefthand":{"rotation":[0,11,0],"translation":[1.75,0,-0.25],"scale":[0.7,0.7,0.7]},"ground":{"rotation":[20,64,0],"translation":[-2,-3.25,0.75],"scale":[0.9,0.9,0.9]},"gui":{"rotation":[22.5,135,0],"translation":[-1.25,-3,0],"scale":[1.2,1.2,1.2]},"head":{"translation":[0,-4.75,-5.5],"scale":[1.84,1.84,1.84]},"fixed":{"translation":[0,-2.75,0],"scale":[1.3,1.3,1.3]}},"textures":{"0":"civilization:item/wearable/meme_sunglasses","particle":"civilization:item/wearable/meme_sunglasses"},"elements":[{"from":[4,9,7],"to":[12,11,7],"rotation":{"angle":0,"axis":"y","origin":[8,1,8]},"faces":{"north":{"uv":[0,0,8,2],"texture":"#0"},"east":{"uv":[0,0,0,2],"texture":"#0"},"south":{"uv":[0,2,8,4],"texture":"#0"},"west":{"uv":[0,0,0,2],"texture":"#0"},"up":{"uv":[8,0,0,0],"texture":"#0"},"down":{"uv":[8,0,0,0],"texture":"#0"}}},{"from":[4,9,7],"to":[4,11,14],"rotation":{"angle":0,"axis":"y","origin":[8,1,8]},"faces":{"north":{"uv":[0,0,0,2],"texture":"#0"},"east":{"uv":[0,4,7,6],"texture":"#0"},"south":{"uv":[0,0,0,2],"texture":"#0"},"west":{"uv":[0,6,7,8],"texture":"#0"},"up":{"uv":[0,7,0,0],"texture":"#0"},"down":{"uv":[0,0,0,7],"texture":"#0"}}},{"from":[12,9,7],"to":[12,11,14],"rotation":{"angle":0,"axis":"y","origin":[8,1,8]},"faces":{"north":{"uv":[0,0,0,2],"texture":"#0"},"east":{"uv":[7,4,14,6],"texture":"#0"},"south":{"uv":[0,0,0,2],"texture":"#0"},"west":{"uv":[7,6,14,8],"texture":"#0"},"up":{"uv":[0,7,0,0],"texture":"#0"},"down":{"uv":[0,0,0,7],"texture":"#0"}}}],"gui_light":"front"}