{"display":{"thirdperson_righthand":{"rotation":[0,42,0],"translation":[0,2,0],"scale":[0.8,0.8,0.8]},"thirdperson_lefthand":{"rotation":[0,42,0],"translation":[0,2,0],"scale":[0.8,0.8,0.8]},"firstperson_righthand":{"rotation":[0,37,0],"translation":[1,1.25,0],"scale":[0.8,0.8,0.8]},"firstperson_lefthand":{"rotation":[0,37,0],"translation":[1,1.25,0],"scale":[0.8,0.8,0.8]},"ground":{"rotation":[34,30,0],"translation":[0,3,0],"scale":[0.7,0.7,0.7]},"gui":{"rotation":[22.5,135,0],"translation":[0,1.5,0],"scale":[0.8,0.8,0.8]},"head":{"translation":[0,7.5,0],"scale":[1.84,1.84,1.84]},"fixed":{"translation":[0,3.25,1.5]}},"texture_size":[64,64],"textures":{"2":"civilization:item/wearable/nutcracker_head"},"elements":[{"from":[2.55357,1.02731,5],"to":[6.55357,8.02731,11],"rotation":{"angle":-22.5,"axis":"z","origin":[3.95357,5.02731,8]},"faces":{"north":{"uv":[9.5,6,10.5,7.75],"texture":"#2"},"east":{"uv":[6,8,7.5,9.75],"texture":"#2"},"south":{"uv":[9,9.5,10,11.25],"texture":"#2"},"west":{"uv":[8,6,9.5,7.75],"texture":"#2"},"up":{"uv":[9,11.25,8,9.75],"texture":"#2"},"down":{"uv":[1,10,0,11.5],"texture":"#2"}}},{"from":[9.44643,1.02731,5],"to":[13.44643,8.02731,11],"rotation":{"angle":22.5,"axis":"z","origin":[12.04643,5.02731,8]},"faces":{"north":{"uv":[6,9.75,7,11.5],"texture":"#2"},"east":{"uv":[7.5,8,9,9.75],"texture":"#2"},"south":{"uv":[7,9.75,8,11.5],"texture":"#2"},"west":{"uv":[9,7.75,10.5,9.5],"texture":"#2"},"up":{"uv":[11,1.5,10,0],"texture":"#2"},"down":{"uv":[2,10,1,11.5],"texture":"#2"}}},{"from":[4,0,4],"to":[12,16,12],"rotation":{"angle":0,"axis":"y","origin":[8,1,8]},"faces":{"north":{"uv":[0,0,2,4],"texture":"#2"},"east":{"uv":[2,0,4,4],"texture":"#2"},"south":{"uv":[0,4,2,8],"texture":"#2"},"west":{"uv":[4,0,6,4],"texture":"#2"},"up":{"uv":[4,6,2,4],"texture":"#2"},"down":{"uv":[6,4,4,6],"texture":"#2"}}},{"from":[3.8,7.8,3.8],"to":[12.2,16.2,12.2],"rotation":{"angle":0,"axis":"y","origin":[8,1,8]},"faces":{"north":{"uv":[6,0,8,2],"texture":"#2"},"east":{"uv":[2,6,4,8],"texture":"#2"},"south":{"uv":[6,2,8,4],"texture":"#2"},"west":{"uv":[4,6,6,8],"texture":"#2"},"up":{"uv":[8,6,6,4],"texture":"#2"},"down":{"uv":[8,6,6,8],"texture":"#2"}}},{"from":[3.8,-0.2,3.8],"to":[12.2,8.2,12.2],"rotation":{"angle":0,"axis":"y","origin":[8,1,8]},"faces":{"north":{"uv":[0,8,2,10],"texture":"#2"},"east":{"uv":[8,0,10,2],"texture":"#2"},"south":{"uv":[2,8,4,10],"texture":"#2"},"west":{"uv":[8,2,10,4],"texture":"#2"},"up":{"uv":[6,10,4,8],"texture":"#2"},"down":{"uv":[10,4,8,6],"texture":"#2"}}},{"from":[3.57322,7,1.91612],"to":[8.57322,8,3.91612],"rotation":{"angle":22.5,"axis":"y","origin":[8,7.5,3.3]},"faces":{"north":{"uv":[10.5,11,11.75,11.25],"texture":"#2"},"east":{"uv":[8,7.75,8.5,8],"texture":"#2"},"south":{"uv":[11,10.5,12.25,10.75],"texture":"#2"},"west":{"uv":[8.5,7.75,9,8],"texture":"#2"},"up":{"uv":[11.75,6.25,10.5,5.75],"texture":"#2"},"down":{"uv":[11.75,6.25,10.5,6.75],"texture":"#2"}}},{"from":[7.42678,7,1.91612],"to":[12.42678,8,3.91612],"rotation":{"angle":-22.5,"axis":"y","origin":[8,7.5,3.3]},"faces":{"north":{"uv":[11,10.75,12.25,11],"texture":"#2"},"east":{"uv":[10,5.75,10.5,6],"texture":"#2"},"south":{"uv":[11.25,7.75,12.5,8],"texture":"#2"},"west":{"uv":[3,10.75,3.5,11],"texture":"#2"},"up":{"uv":[11.75,7.25,10.5,6.75],"texture":"#2"},"down":{"uv":[11.75,7.25,10.5,7.75],"texture":"#2"}}},{"from":[4.5,-1.57758,3.06445],"to":[11.5,1.42242,6.06445],"rotation":{"angle":22.5,"axis":"x","origin":[8,0.86502,4.17587]},"faces":{"north":{"uv":[10,1.5,11.75,2.25],"texture":"#2"},"east":{"uv":[5.25,10,6,10.75],"texture":"#2"},"south":{"uv":[2,10,3.75,10.75],"texture":"#2"},"west":{"uv":[10.5,7.75,11.25,8.5],"texture":"#2"},"up":{"uv":[11.75,3,10,2.25],"texture":"#2"},"down":{"uv":[11.75,3,10,3.75],"texture":"#2"}}},{"from":[2,0.44651,2.86892],"to":[8,2.44651,4.86892],"rotation":{"angle":22.5,"axis":"z","origin":[5,1.84651,4.36892]},"faces":{"north":{"uv":[3.75,10,5.25,10.5],"texture":"#2"},"east":{"uv":[8,11.25,8.5,11.75],"texture":"#2"},"south":{"uv":[10,3.75,11.5,4.25],"texture":"#2"},"west":{"uv":[11.25,8,11.75,8.5],"texture":"#2"},"up":{"uv":[11.5,4.75,10,4.25],"texture":"#2"},"down":{"uv":[11.5,4.75,10,5.25],"texture":"#2"}}},{"from":[8.49184,5.2465,2.86892],"to":[12.49184,7.2465,4.86892],"rotation":{"angle":22.5,"axis":"z","origin":[10.99184,6.7465,3.86892]},"faces":{"north":{"uv":[10.5,8.5,11.5,9],"texture":"#2"},"east":{"uv":[9.5,11.25,10,11.75],"texture":"#2"},"south":{"uv":[10.5,9,11.5,9.5],"texture":"#2"},"west":{"uv":[10.5,11.25,11,11.75],"texture":"#2"},"up":{"uv":[11,11,10,10.5],"texture":"#2"},"down":{"uv":[3,10.75,2,11.25],"texture":"#2"}}},{"from":[3.27876,5.09322,2.86892],"to":[7.27876,7.09322,4.86892],"rotation":{"angle":-22.5,"axis":"z","origin":[5.27876,6.09322,3.86892]},"faces":{"north":{"uv":[11,0,12,0.5],"texture":"#2"},"east":{"uv":[11,11.25,11.5,11.75],"texture":"#2"},"south":{"uv":[11,0.5,12,1],"texture":"#2"},"west":{"uv":[0,11.5,0.5,12],"texture":"#2"},"up":{"uv":[12,1.5,11,1],"texture":"#2"},"down":{"uv":[4,11,3,11.5],"texture":"#2"}}},{"from":[8,0.44651,2.86892],"to":[14,2.44651,4.86892],"rotation":{"angle":-22.5,"axis":"z","origin":[11,1.84651,4.36892]},"faces":{"north":{"uv":[10,5.25,11.5,5.75],"texture":"#2"},"east":{"uv":[8.5,11.25,9,11.75],"texture":"#2"},"south":{"uv":[10,9.5,11.5,10],"texture":"#2"},"west":{"uv":[9,11.25,9.5,11.75],"texture":"#2"},"up":{"uv":[11.5,10.5,10,10],"texture":"#2"},"down":{"uv":[5.25,10.5,3.75,11],"texture":"#2"}}},{"from":[7,2,2],"to":[9,5,4],"rotation":{"angle":22.5,"axis":"x","origin":[8,3.5,3]},"faces":{"north":{"uv":[5.25,10.75,5.75,11.5],"texture":"#2"},"east":{"uv":[4,11,4.5,11.75],"texture":"#2"},"south":{"uv":[4.5,11,5,11.75],"texture":"#2"},"west":{"uv":[10,11,10.5,11.75],"texture":"#2"},"up":{"uv":[2.5,11.75,2,11.25],"texture":"#2"},"down":{"uv":[3,11.25,2.5,11.75],"texture":"#2"}}}],"gui_light":"front"}