{"display":{"thirdperson_righthand":{"rotation":[0,20,0],"translation":[-1.5,2,-2.25],"scale":[0.8,0.8,0.8]},"thirdperson_lefthand":{"rotation":[0,20,0],"translation":[-1.5,2,-2.25],"scale":[0.8,0.8,0.8]},"firstperson_righthand":{"rotation":[0,11,0],"translation":[1.75,1.75,-1.25],"scale":[0.7,0.7,0.7]},"firstperson_lefthand":{"rotation":[0,11,0],"translation":[1.75,1.75,-1.25],"scale":[0.7,0.7,0.7]},"ground":{"rotation":[20,64,0],"translation":[0,0.5,0],"scale":[0.7,0.7,0.7]},"gui":{"rotation":[22.5,135,0],"translation":[-1.25,-1,0],"scale":[0.9,0.9,0.9]},"head":{"rotation":[3,0,0],"translation":[0,7.5,-4.25],"scale":[1.84,1.84,1.84]},"fixed":{"translation":[0,-0.25,0]}},"texture_size":[32,32],"textures":{"1":"civilization:item/wearable/panda_hat","particle":"civilization:item/wearable/panda_hat"},"elements":[{"from":[4,5,6.4],"to":[12,11,14.4],"rotation":{"angle":0,"axis":"y","origin":[4,1,10.4]},"faces":{"north":{"uv":[4,0,8,3],"texture":"#1"},"east":{"uv":[4,3,8,6],"texture":"#1"},"south":{"uv":[4,6,8,9],"texture":"#1"},"west":{"uv":[0,8,4,11],"texture":"#1"},"up":{"uv":[4,4,0,0],"texture":"#1"},"down":{"uv":[4,4,0,8],"texture":"#1"}}},{"from":[5.5,5.6,7.4],"to":[11.5,11.6,7.4],"rotation":{"angle":0,"axis":"y","origin":[4,1,10.4]},"faces":{"north":{"uv":[8,0,11,3],"texture":"#1"},"east":{"uv":[0,0,0,3],"texture":"#1"},"south":{"uv":[8,3,11,6],"texture":"#1"},"west":{"uv":[0,0,0,3],"texture":"#1"},"up":{"uv":[3,0,0,0],"texture":"#1"},"down":{"uv":[3,0,0,0],"texture":"#1"}}},{"from":[7,6,14.4],"to":[9,9,16.4],"rotation":{"angle":0,"axis":"y","origin":[4,1,10.4]},"faces":{"north":{"uv":[0,11.5,1,13],"texture":"#1"},"east":{"uv":[1,11.5,2,13],"texture":"#1"},"south":{"uv":[2,11.5,3,13],"texture":"#1"},"west":{"uv":[3,11.5,4,13],"texture":"#1"},"up":{"uv":[12.5,13.5,11.5,12.5],"texture":"#1"},"down":{"uv":[13.5,12.5,12.5,13.5],"texture":"#1"}}},{"from":[10.76777,9.23223,7.4],"to":[13.76777,12.23223,9.4],"rotation":{"angle":-22.5,"axis":"z","origin":[12.26777,10.73223,8.4]},"faces":{"north":{"uv":[8,8,9.5,9.5],"texture":"#1"},"east":{"uv":[11,1,12,2.5],"texture":"#1"},"south":{"uv":[4,9,5.5,10.5],"texture":"#1"},"west":{"uv":[11,2.5,12,4],"texture":"#1"},"up":{"uv":[5.5,12,4,11],"texture":"#1"},"down":{"uv":[12.5,4,11,5],"texture":"#1"}}},{"from":[2.23223,9.23223,7.4],"to":[5.23223,12.23223,9.4],"rotation":{"angle":22.5,"axis":"z","origin":[3.73223,10.73223,8.4]},"faces":{"north":{"uv":[5.5,9,7,10.5],"texture":"#1"},"east":{"uv":[11,5,12,6.5],"texture":"#1"},"south":{"uv":[7,9.5,8.5,11],"texture":"#1"},"west":{"uv":[5.5,11,6.5,12.5],"texture":"#1"},"up":{"uv":[8,12,6.5,11],"texture":"#1"},"down":{"uv":[12.5,6.5,11,7.5],"texture":"#1"}}},{"from":[3.17157,3.92893,7.4],"to":[5.17157,6.92893,9.4],"rotation":{"angle":-22.5,"axis":"z","origin":[2.67157,5.42893,8.4]},"faces":{"north":{"uv":[8,11,9,12.5],"texture":"#1"},"east":{"uv":[9,11,10,12.5],"texture":"#1"},"south":{"uv":[10,11,11,12.5],"texture":"#1"},"west":{"uv":[11,11,12,12.5],"texture":"#1"},"up":{"uv":[13.5,5,12.5,4],"texture":"#1"},"down":{"uv":[11.5,12.5,10.5,13.5],"texture":"#1"}}},{"from":[10.82843,3.92893,7.4],"to":[12.82843,6.92893,9.4],"rotation":{"angle":22.5,"axis":"z","origin":[13.32843,5.42893,8.4]},"faces":{"north":{"uv":[12,1,13,2.5],"texture":"#1"},"east":{"uv":[12,2.5,13,4],"texture":"#1"},"south":{"uv":[4,12,5,13.5],"texture":"#1"},"west":{"uv":[12,5,13,6.5],"texture":"#1"},"up":{"uv":[1,14,0,13],"texture":"#1"},"down":{"uv":[2,13,1,14],"texture":"#1"}}},{"from":[10.82843,3.92893,11.4],"to":[12.82843,6.92893,13.4],"rotation":{"angle":22.5,"axis":"z","origin":[13.32843,5.42893,12.4]},"faces":{"north":{"uv":[7.5,12.5,8.5,14],"texture":"#1"},"east":{"uv":[8.5,12.5,9.5,14],"texture":"#1"},"south":{"uv":[9.5,12.5,10.5,14],"texture":"#1"},"west":{"uv":[12.5,9.5,13.5,11],"texture":"#1"},"up":{"uv":[14,3,13,2],"texture":"#1"},"down":{"uv":[4,13,3,14],"texture":"#1"}}},{"from":[3.17157,3.92893,11.4],"to":[5.17157,6.92893,13.4],"rotation":{"angle":-22.5,"axis":"z","origin":[2.67157,5.42893,12.4]},"faces":{"north":{"uv":[6.5,12,7.5,13.5],"texture":"#1"},"east":{"uv":[12,11,13,12.5],"texture":"#1"},"south":{"uv":[5,12.5,6,14],"texture":"#1"},"west":{"uv":[12.5,6.5,13.5,8],"texture":"#1"},"up":{"uv":[14,2,13,1],"texture":"#1"},"down":{"uv":[3,13,2,14],"texture":"#1"}}},{"from":[5,5,5.4],"to":[11,7,6.4],"rotation":{"angle":0,"axis":"y","origin":[8.5,6.5,5.9]},"faces":{"north":{"uv":[8,6,11,7],"texture":"#1"},"east":{"uv":[6,12.5,6.5,13.5],"texture":"#1"},"south":{"uv":[8,7,11,8],"texture":"#1"},"west":{"uv":[13,3,13.5,4],"texture":"#1"},"up":{"uv":[7,11,4,10.5],"texture":"#1"},"down":{"uv":[14,0.5,11,1],"texture":"#1"}}},{"from":[4,4.7,5.5],"to":[12,5.7,6.5],"rotation":{"angle":0,"axis":"y","origin":[8.5,6.5,5.9]},"faces":{"north":{"uv":[9.5,8,13.5,8.5],"texture":"#1"},"east":{"uv":[5,12,5.5,12.5],"texture":"#1"},"south":{"uv":[8.5,9.5,12.5,10],"texture":"#1"},"west":{"uv":[7.5,12,8,12.5],"texture":"#1"},"up":{"uv":[13.5,9,9.5,8.5],"texture":"#1"},"down":{"uv":[13.5,9,9.5,9.5],"texture":"#1"}}},{"from":[5,3.7,6.1],"to":[7,4.7,6.1],"rotation":{"angle":22.5,"axis":"z","origin":[5,3.2,5.5]},"faces":{"north":{"uv":[7,9,8,9.5],"texture":"#1"},"east":{"uv":[0,0,0,0.5],"texture":"#1"},"south":{"uv":[11,7.5,12,8],"texture":"#1"},"west":{"uv":[0,0,0,0.5],"texture":"#1"},"up":{"uv":[1,0,0,0],"texture":"#1"},"down":{"uv":[1,0,0,0],"texture":"#1"}}},{"from":[3.95,4.65,5.45],"to":[12.05,5.75,6.55],"rotation":{"angle":0,"axis":"y","origin":[8.5,6.5,5.9]},"faces":{"north":{"uv":[8.5,10,12.5,10.5],"texture":"#1"},"east":{"uv":[12,7.5,12.5,8],"texture":"#1"},"south":{"uv":[8.5,10.5,12.5,11],"texture":"#1"},"west":{"uv":[13,5,13.5,5.5],"texture":"#1"},"up":{"uv":[4,11.5,0,11],"texture":"#1"},"down":{"uv":[15,0,11,0.5],"texture":"#1"}}}],"gui_light":"front"}