{"display":{"thirdperson_righthand":{"rotation":[0,20,0],"translation":[0,-2,-1],"scale":[0.8,0.8,0.8]},"thirdperson_lefthand":{"rotation":[0,20,0],"translation":[0,-2,-1],"scale":[0.8,0.8,0.8]},"firstperson_righthand":{"rotation":[0,11,0],"translation":[2.5,-3.25,-2],"scale":[0.7,0.7,0.7]},"firstperson_lefthand":{"rotation":[0,11,0],"translation":[2.5,-3.25,-2],"scale":[0.7,0.7,0.7]},"ground":{"rotation":[20,64,0],"translation":[0,0.5,0.75],"scale":[0.7,0.7,0.7]},"gui":{"rotation":[22.5,135,0],"translation":[0.25,-2.5,0],"scale":[0.8,0.8,0.8]},"head":{"translation":[0,-10.25,0.5],"scale":[1.84,1.84,1.84]},"fixed":{"translation":[0,-4.5,3.5]}},"texture_size":[64,64],"textures":{"1":"civilization:item/wearable/pharaoh_hat"},"elements":[{"from":[4.16678,14.99,3.66679],"to":[12.18678,18.01,11.68679],"rotation":{"angle":0,"axis":"y","origin":[8.17678,13.86523,6.67679]},"faces":{"north":{"uv":[4,5,6,5.75],"texture":"#1"},"east":{"uv":[0,5.75,2,6.5],"texture":"#1"},"south":{"uv":[2,5.75,4,6.5],"texture":"#1"},"west":{"uv":[4,5.75,6,6.5],"texture":"#1"},"up":{"uv":[2,2,0,0],"texture":"#1"},"down":{"uv":[2,2,0,4],"texture":"#1"}}},{"from":[3.17678,3.4197,3.0668],"to":[5.17678,14.4197,4.0668],"rotation":{"angle":0,"axis":"y","origin":[8.17678,9.9197,2.0668]},"faces":{"north":{"uv":[0,6.5,0.5,9.25],"texture":"#1"},"east":{"uv":[6,7,6.25,9.75],"texture":"#1"},"south":{"uv":[0.5,6.5,1,9.25],"texture":"#1"},"west":{"uv":[6.25,7,6.5,9.75],"texture":"#1"},"up":{"uv":[8,4,7.5,3.75],"texture":"#1"},"down":{"uv":[8.75,2,8.25,2.25],"texture":"#1"}}},{"from":[3.62678,13.95,2.62679],"to":[4.72678,17.05,5.72679],"rotation":{"angle":0,"axis":"y","origin":[8.17678,13.86523,6.67679]},"faces":{"north":{"uv":[8,2.75,8.25,3.5],"texture":"#1"},"east":{"uv":[6.75,2,7.5,2.75],"texture":"#1"},"south":{"uv":[8,3.5,8.25,4.25],"texture":"#1"},"west":{"uv":[6.75,2.75,7.5,3.5],"texture":"#1"},"up":{"uv":[8.25,5,8,4.25],"texture":"#1"},"down":{"uv":[8.25,5,8,5.75],"texture":"#1"}}},{"from":[11.27322,13.95,2.62679],"to":[12.37322,17.05,5.72679],"rotation":{"angle":0,"axis":"y","origin":[7.82322,13.86523,6.67679]},"faces":{"north":{"uv":[8,7.25,8.25,8],"texture":"#1"},"east":{"uv":[7,7,7.75,7.75],"texture":"#1"},"south":{"uv":[8,8,8.25,8.75],"texture":"#1"},"west":{"uv":[7.5,0,8.25,0.75],"texture":"#1"},"up":{"uv":[8.5,0.75,8.25,0],"texture":"#1"},"down":{"uv":[8.5,1.25,8.25,2],"texture":"#1"}}},{"from":[10.82322,3.4197,3.0668],"to":[12.82322,14.4197,4.0668],"rotation":{"angle":0,"axis":"y","origin":[7.82322,9.9197,2.0668]},"faces":{"north":{"uv":[1,6.5,1.5,9.25],"texture":"#1"},"east":{"uv":[6.5,7,6.75,9.75],"texture":"#1"},"south":{"uv":[1.5,6.5,2,9.25],"texture":"#1"},"west":{"uv":[6.75,7,7,9.75],"texture":"#1"},"up":{"uv":[8.75,2.5,8.25,2.25],"texture":"#1"},"down":{"uv":[8.75,2.5,8.25,2.75],"texture":"#1"}}},{"from":[4.17678,9.73046,10.3217],"to":[12.17678,17.73046,13.3217],"rotation":{"angle":-22.5,"axis":"x","origin":[8.17678,13.73046,11.8217]},"faces":{"north":{"uv":[2,0,4,2],"texture":"#1"},"east":{"uv":[6,0,6.75,2],"texture":"#1"},"south":{"uv":[2,2,4,4],"texture":"#1"},"west":{"uv":[6,2,6.75,4],"texture":"#1"},"up":{"uv":[8,4.75,6,4],"texture":"#1"},"down":{"uv":[8,4.75,6,5.5],"texture":"#1"}}},{"from":[6.67678,16,2.67679],"to":[9.67678,20,4.67679],"rotation":{"angle":0,"axis":"y","origin":[8.17678,10.86523,5.67679]},"faces":{"north":{"uv":[6.75,0,7.5,1],"texture":"#1"},"east":{"uv":[7.5,2.75,8,3.75],"texture":"#1"},"south":{"uv":[6.75,1,7.5,2],"texture":"#1"},"west":{"uv":[7,7.75,7.5,8.75],"texture":"#1"},"up":{"uv":[7.5,4,6.75,3.5],"texture":"#1"},"down":{"uv":[8.75,0.75,8,1.25],"texture":"#1"}}},{"from":[2.53186,10.73046,3.67679],"to":[4.53186,17.73046,11.67679],"rotation":{"angle":-22.5,"axis":"z","origin":[4.03186,13.73046,6.67679]},"faces":{"north":{"uv":[4,6.5,4.5,8.25],"texture":"#1"},"east":{"uv":[0,4,2,5.75],"texture":"#1"},"south":{"uv":[4.5,6.5,5,8.25],"texture":"#1"},"west":{"uv":[4,0,6,1.75],"texture":"#1"},"up":{"uv":[2.5,8.5,2,6.5],"texture":"#1"},"down":{"uv":[3,6.5,2.5,8.5],"texture":"#1"}}},{"from":[2.57992,8.9318,3.68679],"to":[3.55992,11.9118,11.66679],"rotation":{"angle":-45,"axis":"z","origin":[3.56992,11.9218,7.67679]},"faces":{"north":{"uv":[8,1.25,8.25,2],"texture":"#1"},"east":{"uv":[4,3.5,6,4.25],"texture":"#1"},"south":{"uv":[8,2,8.25,2.75],"texture":"#1"},"west":{"uv":[4,4.25,6,5],"texture":"#1"},"up":{"uv":[7.75,2.75,7.5,0.75],"texture":"#1"},"down":{"uv":[8,0.75,7.75,2.75],"texture":"#1"}}},{"from":[11.46814,10.73046,3.67679],"to":[13.46814,17.73046,11.67679],"rotation":{"angle":22.5,"axis":"z","origin":[11.96814,13.73046,6.67679]},"faces":{"north":{"uv":[5,6.5,5.5,8.25],"texture":"#1"},"east":{"uv":[4,1.75,6,3.5],"texture":"#1"},"south":{"uv":[5.5,6.5,6,8.25],"texture":"#1"},"west":{"uv":[2,4,4,5.75],"texture":"#1"},"up":{"uv":[3.5,8.5,3,6.5],"texture":"#1"},"down":{"uv":[4,6.5,3.5,8.5],"texture":"#1"}}},{"from":[12.44008,8.9318,3.68679],"to":[13.42008,11.9118,11.66679],"rotation":{"angle":45,"axis":"z","origin":[12.43008,11.9218,7.67679]},"faces":{"north":{"uv":[8,5.75,8.25,6.5],"texture":"#1"},"east":{"uv":[6,5.5,8,6.25],"texture":"#1"},"south":{"uv":[8,6.5,8.25,7.25],"texture":"#1"},"west":{"uv":[6,6.25,8,7],"texture":"#1"},"up":{"uv":[8,9,7.75,7],"texture":"#1"},"down":{"uv":[7.75,7.75,7.5,9.75],"texture":"#1"}}}],"gui_light":"front"}