{"display":{"thirdperson_righthand":{"rotation":[0,17,0],"translation":[0.5,0,0],"scale":[0.7,0.7,0.7]},"thirdperson_lefthand":{"rotation":[0,17,0],"translation":[0.5,0,0],"scale":[0.7,0.7,0.7]},"firstperson_righthand":{"rotation":[0,120,0],"translation":[0,1.75,0],"scale":[0.8,0.8,0.8]},"firstperson_lefthand":{"rotation":[0,120,0],"translation":[0,1.75,0],"scale":[0.8,0.8,0.8]},"ground":{"rotation":[13,-36,0],"translation":[0,-2.5,0],"scale":[0.6,0.6,0.6]},"gui":{"rotation":[22.5,135,0],"translation":[0,-4,0],"scale":[0.9,0.9,0.9]},"head":{"rotation":[7,0,0],"translation":[0,0.5,-0.25],"scale":[1.85,1.85,1.85]},"fixed":{"translation":[0,-2.75,0]}},"texture_size":[64,64],"textures":{"1":"civilization:item/wearable/pirate_hat_shiny","particle":"civilization:item/wearable/pirate_hat_shiny"},"elements":[{"from":[3.5,10,3.5],"to":[12.5,13,12.5],"rotation":{"angle":0,"axis":"y","origin":[8.5,-2,4.5]},"faces":{"north":{"uv":[0,5.25,2.25,6],"texture":"#1"},"east":{"uv":[5.25,0,7.5,0.75],"texture":"#1"},"south":{"uv":[5.25,0.75,7.5,1.5],"texture":"#1"},"west":{"uv":[5.25,1.5,7.5,2.25],"texture":"#1"},"up":{"uv":[2.25,2.25,0,0],"texture":"#1"},"down":{"uv":[2.25,2.25,0,4.5],"texture":"#1"}}},{"from":[9.97508,8.52075,3.51],"to":[13.95508,10.50075,12.49],"rotation":{"angle":-22.5,"axis":"z","origin":[13.96508,7.51075,8]},"faces":{"north":{"uv":[7.5,3.75,8.5,4.25],"texture":"#1"},"east":{"uv":[0,6.75,2.25,7.25],"texture":"#1"},"south":{"uv":[0,7.75,1,8.25],"texture":"#1"},"west":{"uv":[3.75,6.75,6,7.25],"texture":"#1"},"up":{"uv":[3.25,6.25,2.25,4],"texture":"#1"},"down":{"uv":[4.25,4,3.25,6.25],"texture":"#1"}}},{"from":[2.04492,8.52075,3.51],"to":[6.02492,10.50075,12.49],"rotation":{"angle":22.5,"axis":"z","origin":[2.03492,7.51075,8]},"faces":{"north":{"uv":[1,7.75,2,8.25],"texture":"#1"},"east":{"uv":[0,7.25,2.25,7.75],"texture":"#1"},"south":{"uv":[7.75,1.5,8.75,2],"texture":"#1"},"west":{"uv":[3.75,7.25,6,7.75],"texture":"#1"},"up":{"uv":[5.25,2.25,4.25,0],"texture":"#1"},"down":{"uv":[5.25,2.25,4.25,4.5],"texture":"#1"}}},{"from":[14.48372,7.82911,3.5],"to":[15.48372,10.82911,12.5],"rotation":{"angle":-45,"axis":"z","origin":[15.38372,9.62911,8]},"faces":{"north":{"uv":[8.25,0.25,8.5,1],"texture":"#1"},"east":{"uv":[0,6,2.25,6.75],"texture":"#1"},"south":{"uv":[0.75,8.25,1,9],"texture":"#1"},"west":{"uv":[4.25,6,6.5,6.75],"texture":"#1"},"up":{"uv":[7.75,3.75,7.5,1.5],"texture":"#1"},"down":{"uv":[6.75,7.5,6.5,9.75],"texture":"#1"}}},{"from":[0.51628,7.82911,3.5],"to":[1.51628,10.82911,12.5],"rotation":{"angle":45,"axis":"z","origin":[0.61628,9.62911,8]},"faces":{"north":{"uv":[8.5,0.25,8.25,1],"texture":"#1"},"east":{"uv":[6.5,6,4.25,6.75],"texture":"#1"},"south":{"uv":[1,8.25,0.75,9],"texture":"#1"},"west":{"uv":[2.25,6,0,6.75],"texture":"#1"},"up":{"uv":[7.5,3.75,7.75,1.5],"texture":"#1"},"down":{"uv":[6.5,7.5,6.75,9.75],"texture":"#1"}}},{"from":[12.8,12,7.5],"to":[12.8,18,10.5],"rotation":{"angle":22.5,"axis":"x","origin":[12.8,18,5]},"faces":{"north":{"uv":[0,0,0,1.5],"texture":"#1"},"east":{"uv":[2.25,6.25,3,7.75],"texture":"#1"},"south":{"uv":[0,0,0,1.5],"texture":"#1"},"west":{"uv":[3,6.25,3.75,7.75],"texture":"#1"},"up":{"uv":[0,0.75,0,0],"texture":"#1"},"down":{"uv":[0,0,0,0.75],"texture":"#1"}}},{"from":[14.4,9.15643,4.7409],"to":[14.4,15.15643,7.7409],"rotation":{"angle":-45,"axis":"z","origin":[12.8,13.15643,6.2409]},"faces":{"north":{"uv":[0,0,0,1.5],"texture":"#1"},"east":{"uv":[6.5,4.5,7.25,6],"texture":"#1"},"south":{"uv":[0,0,0,1.5],"texture":"#1"},"west":{"uv":[6.5,6,7.25,7.5],"texture":"#1"},"up":{"uv":[0,0.75,0,0],"texture":"#1"},"down":{"uv":[0,0,0,0.75],"texture":"#1"}}},{"from":[6,10.5,2.7],"to":[10,13.5,3.7],"rotation":{"angle":0,"axis":"y","origin":[8.5,1.5,4.7]},"faces":{"north":{"uv":[7.25,6.5,8.25,7.25],"texture":"#1"},"east":{"uv":[7.5,8,7.75,8.75],"texture":"#1"},"south":{"uv":[7.25,7.25,8.25,8],"texture":"#1"},"west":{"uv":[7.75,8,8,8.75],"texture":"#1"},"up":{"uv":[8.5,4.5,7.5,4.25],"texture":"#1"},"down":{"uv":[8.75,3.25,7.75,3.5],"texture":"#1"}}},{"from":[3.7,10.5,3.2],"to":[12.7,13.5,3.2],"rotation":{"angle":-45,"axis":"z","origin":[8,12,2.7]},"faces":{"north":{"uv":[5.25,2.25,7.5,3],"texture":"#1"},"east":{"uv":[0,0,0,0.75],"texture":"#1"},"south":{"uv":[5.25,3,7.5,3.75],"texture":"#1"},"west":{"uv":[0,0,0,0.75],"texture":"#1"},"up":{"uv":[2.25,0,0,0],"texture":"#1"},"down":{"uv":[2.25,0,0,0],"texture":"#1"}}},{"from":[3.3,10.5,3.2],"to":[12.3,13.5,3.2],"rotation":{"angle":45,"axis":"z","origin":[8,12,2.7]},"faces":{"north":{"uv":[5.25,3.75,7.5,4.5],"texture":"#1"},"east":{"uv":[0,0,0,0.75],"texture":"#1"},"south":{"uv":[4.25,5.25,6.5,6],"texture":"#1"},"west":{"uv":[0,0,0,0.75],"texture":"#1"},"up":{"uv":[2.25,0,0,0],"texture":"#1"},"down":{"uv":[2.25,0,0,0],"texture":"#1"}}},{"from":[6.5,9.4,2.8],"to":[9.5,10.4,3.8],"rotation":{"angle":-22.5,"axis":"x","origin":[8,10,3.2]},"faces":{"north":{"uv":[7.75,3.5,8.5,3.75],"texture":"#1"},"east":{"uv":[8.25,1.25,8.5,1.5],"texture":"#1"},"south":{"uv":[8,8,8.75,8.25],"texture":"#1"},"west":{"uv":[1.5,8.25,1.75,8.5],"texture":"#1"},"up":{"uv":[0.75,8.5,0,8.25],"texture":"#1"},"down":{"uv":[9,0,8.25,0.25],"texture":"#1"}}},{"from":[3.95,7.95,3.95],"to":[12.05,10.05,12.05],"rotation":{"angle":0,"axis":"y","origin":[8.5,1,8.5]},"faces":{"north":{"uv":[7.25,4.5,9.25,5],"texture":"#1"},"east":{"uv":[7.25,5,9.25,5.5],"texture":"#1"},"south":{"uv":[7.25,5.5,9.25,6],"texture":"#1"},"west":{"uv":[7.25,6,9.25,6.5],"texture":"#1"},"up":{"uv":[4.25,2,2.25,0],"texture":"#1"},"down":{"uv":[4.25,2,2.25,4],"texture":"#1"}}},{"from":[6.5,7.2,11.4],"to":[9.5,10.2,13.4],"rotation":{"angle":-22.5,"axis":"x","origin":[8,8.5,12.4]},"faces":{"north":{"uv":[7.5,0,8.25,0.75],"texture":"#1"},"east":{"uv":[6.75,7.5,7.25,8.25],"texture":"#1"},"south":{"uv":[7.5,0.75,8.25,1.5],"texture":"#1"},"west":{"uv":[2,7.75,2.5,8.5],"texture":"#1"},"up":{"uv":[8.5,2.5,7.75,2],"texture":"#1"},"down":{"uv":[3.25,7.75,2.5,8.25],"texture":"#1"}}},{"from":[5.9,5.88478,11.82074],"to":[7.9,8.88478,12.82074],"rotation":{"angle":-22.5,"axis":"z","origin":[7.5,7.38478,12.32074]},"faces":{"north":{"uv":[7.75,2.5,8.25,3.25],"texture":"#1"},"east":{"uv":[5.25,7.75,5.5,8.5],"texture":"#1"},"south":{"uv":[3.25,7.75,3.75,8.5],"texture":"#1"},"west":{"uv":[5.5,7.75,5.75,8.5],"texture":"#1"},"up":{"uv":[4.25,6.5,3.75,6.25],"texture":"#1"},"down":{"uv":[4.25,6.5,3.75,6.75],"texture":"#1"}}},{"from":[8.1,6.38478,11.82074],"to":[10.1,9.38478,12.82074],"rotation":{"angle":22.5,"axis":"z","origin":[8.5,7.38478,12.32074]},"faces":{"north":{"uv":[3.75,7.75,4.25,8.5],"texture":"#1"},"east":{"uv":[5.75,7.75,6,8.5],"texture":"#1"},"south":{"uv":[4.25,7.75,4.75,8.5],"texture":"#1"},"west":{"uv":[7.25,8,7.5,8.75],"texture":"#1"},"up":{"uv":[1.5,8.5,1,8.25],"texture":"#1"},"down":{"uv":[8.75,1,8.25,1.25],"texture":"#1"}}}],"gui_light":"front"}