{"display":{"thirdperson_righthand":{"rotation":[0,20,0],"translation":[0,4.25,-1],"scale":[0.8,0.8,0.8]},"thirdperson_lefthand":{"rotation":[0,20,0],"translation":[0,4.25,-1],"scale":[0.8,0.8,0.8]},"firstperson_righthand":{"rotation":[0,11,0],"translation":[2.5,3.75,-2],"scale":[0.7,0.7,0.7]},"firstperson_lefthand":{"rotation":[0,11,0],"translation":[2.5,3.75,-2],"scale":[0.7,0.7,0.7]},"ground":{"rotation":[20,64,0],"translation":[0,3.75,-0.5],"scale":[0.7,0.7,0.7]},"gui":{"rotation":[22.5,135,0],"translation":[-1.25,0,0],"scale":[0.73,0.73,0.73]},"head":{"translation":[0,7.5,-5.5],"scale":[1.85,1.85,1.85]}},"texture_size":[64,64],"textures":{"1":"civilization:item/wearable/plague_doctor_mask_shiny","particle":"civilization:item/wearable/plague_doctor_mask_shiny"},"elements":[{"from":[4,7,7],"to":[12,16,15],"rotation":{"angle":0,"axis":"y","origin":[8,12.5,11]},"faces":{"north":{"uv":[0,7,2,9.25],"texture":"#1"},"east":{"uv":[7,0,9,2.25],"texture":"#1"},"south":{"uv":[2,7,4,9.25],"texture":"#1"},"west":{"uv":[7,2.25,9,4.5],"texture":"#1"},"up":{"uv":[6,9,4,7],"texture":"#1"},"down":{"uv":[9,4.5,7,6.5],"texture":"#1"}}},{"from":[1,7.9,4],"to":[15,7.9,18],"rotation":{"angle":0,"axis":"y","origin":[8,12.5,11]},"faces":{"north":{"uv":[0,0,3.5,0],"texture":"#1"},"east":{"uv":[0,0,3.5,0],"texture":"#1"},"south":{"uv":[0,0,3.5,0],"texture":"#1"},"west":{"uv":[0,0,3.5,0],"texture":"#1"},"up":{"uv":[3.5,3.5,0,0],"texture":"#1"},"down":{"uv":[3.5,3.5,0,7],"texture":"#1"}}},{"from":[1,7.1,4],"to":[15,7.1,18],"rotation":{"angle":0,"axis":"y","origin":[8,12.5,11]},"faces":{"north":{"uv":[0,0,3.5,0],"texture":"#1"},"east":{"uv":[0,0,3.5,0],"texture":"#1"},"south":{"uv":[0,0,3.5,0],"texture":"#1"},"west":{"uv":[0,0,3.5,0],"texture":"#1"},"up":{"uv":[7,3.5,3.5,0],"texture":"#1"},"down":{"uv":[7,3.5,3.5,7],"texture":"#1"}}},{"from":[4,1,7],"to":[12,8,15],"rotation":{"angle":0,"axis":"y","origin":[8,13.5,11]},"faces":{"north":{"uv":[9,4,11,5.75],"texture":"#1"},"east":{"uv":[6,9,8,10.75],"texture":"#1"},"south":{"uv":[0,9.25,2,11],"texture":"#1"},"west":{"uv":[2,9.25,4,11],"texture":"#1"},"up":{"uv":[8,9,6,7],"texture":"#1"},"down":{"uv":[10,6.5,8,8.5],"texture":"#1"}}},{"from":[3.98,-0.02,6.98],"to":[12.02,2.02,9.02],"rotation":{"angle":0,"axis":"y","origin":[8,13.5,11]},"faces":{"north":{"uv":[12,2,14,2.5],"texture":"#1"},"east":{"uv":[13,7.75,13.5,8.25],"texture":"#1"},"south":{"uv":[12,2.5,14,3],"texture":"#1"},"west":{"uv":[8.75,13,9.25,13.5],"texture":"#1"},"up":{"uv":[14,4,12,3.5],"texture":"#1"},"down":{"uv":[6,12,4,12.5],"texture":"#1"}}},{"from":[2.56926,-1.1928,7],"to":[2.56926,0.8072,15],"rotation":{"angle":-22.5,"axis":"z","origin":[3.76926,-2.6928,11.5]},"faces":{"north":{"uv":[0,0,0,0.5],"texture":"#1"},"east":{"uv":[10,11.25,12,11.75],"texture":"#1"},"south":{"uv":[0,0,0,0.5],"texture":"#1"},"west":{"uv":[3,11.5,5,12],"texture":"#1"},"up":{"uv":[0,2,0,0],"texture":"#1"},"down":{"uv":[0,0,0,2],"texture":"#1"}}},{"from":[13.43074,-1.1928,7],"to":[13.43074,0.8072,15],"rotation":{"angle":22.5,"axis":"z","origin":[12.23074,-2.6928,11]},"faces":{"north":{"uv":[0,0,0,0.5],"texture":"#1"},"east":{"uv":[8,11.75,10,12.25],"texture":"#1"},"south":{"uv":[0,0,0,0.5],"texture":"#1"},"west":{"uv":[10,11.75,12,12.25],"texture":"#1"},"up":{"uv":[0,2,0,0],"texture":"#1"},"down":{"uv":[0,0,0,2],"texture":"#1"}}},{"from":[4,-2.60106,15.04907],"to":[12,-0.60106,15.04907],"rotation":{"angle":-22.5,"axis":"x","origin":[8,0.07612,11]},"faces":{"north":{"uv":[0,12,2,12.5],"texture":"#1"},"east":{"uv":[0,0,0,0.5],"texture":"#1"},"south":{"uv":[12,0,14,0.5],"texture":"#1"},"west":{"uv":[0,0,0,0.5],"texture":"#1"},"up":{"uv":[2,0,0,0],"texture":"#1"},"down":{"uv":[2,0,0,0],"texture":"#1"}}},{"from":[6.5,0,3],"to":[9.5,3,8],"rotation":{"angle":-22.5,"axis":"x","origin":[8,2.25,4.75]},"faces":{"north":{"uv":[12,8.5,12.75,9.25],"texture":"#1"},"east":{"uv":[12,4,13.25,4.75],"texture":"#1"},"south":{"uv":[12,9.25,12.75,10],"texture":"#1"},"west":{"uv":[12,4.75,13.25,5.5],"texture":"#1"},"up":{"uv":[12.75,6.75,12,5.5],"texture":"#1"},"down":{"uv":[6.75,12,6,13.25],"texture":"#1"}}},{"from":[6.5,-1,3],"to":[9.5,0,5],"rotation":{"angle":-22.5,"axis":"x","origin":[8,2.25,4.75]},"faces":{"north":{"uv":[13,8.25,13.75,8.5],"texture":"#1"},"east":{"uv":[12,13,12.5,13.25],"texture":"#1"},"south":{"uv":[9.25,13,10,13.25],"texture":"#1"},"west":{"uv":[13,12,13.5,12.25],"texture":"#1"},"up":{"uv":[3.75,13,3,12.5],"texture":"#1"},"down":{"uv":[4.5,12.5,3.75,13],"texture":"#1"}}},{"from":[3.95,2.95,8.95],"to":[12.05,5.05,15.05],"rotation":{"angle":0,"axis":"y","origin":[8,11.5,11]},"faces":{"north":{"uv":[3,11,5,11.5],"texture":"#1"},"east":{"uv":[12,6.75,13.5,7.25],"texture":"#1"},"south":{"uv":[11,3,13,3.5],"texture":"#1"},"west":{"uv":[12,7.25,13.5,7.75],"texture":"#1"},"up":{"uv":[12,7.25,10,5.75],"texture":"#1"},"down":{"uv":[12,7.25,10,8.75],"texture":"#1"}}},{"from":[3.95,7.95,6.95],"to":[12.05,10.05,15.05],"rotation":{"angle":0,"axis":"y","origin":[8,12.5,11]},"faces":{"north":{"uv":[12,0.5,14,1],"texture":"#1"},"east":{"uv":[12,1,14,1.5],"texture":"#1"},"south":{"uv":[12,1.5,14,2],"texture":"#1"},"west":{"uv":[2,12,4,12.5],"texture":"#1"},"up":{"uv":[10,10.5,8,8.5],"texture":"#1"},"down":{"uv":[11,0,9,2],"texture":"#1"}}},{"from":[3.9,10.9,6.9],"to":[12.1,16.1,15.1],"rotation":{"angle":0,"axis":"y","origin":[8,12.5,11]},"faces":{"north":{"uv":[10,8.75,12,10],"texture":"#1"},"east":{"uv":[10,10,12,11.25],"texture":"#1"},"south":{"uv":[8,10.5,10,11.75],"texture":"#1"},"west":{"uv":[6,10.75,8,12],"texture":"#1"},"up":{"uv":[11,4,9,2],"texture":"#1"},"down":{"uv":[6,9,4,11],"texture":"#1"}}},{"from":[6.95,2.95,6.95],"to":[9.05,5.05,8.05],"rotation":{"angle":0,"axis":"y","origin":[8,11.5,11]},"faces":{"north":{"uv":[13,3,13.5,3.5],"texture":"#1"},"east":{"uv":[10,13,10.25,13.5],"texture":"#1"},"south":{"uv":[4,13,4.5,13.5],"texture":"#1"},"west":{"uv":[10.25,13,10.5,13.5],"texture":"#1"},"up":{"uv":[11,13.25,10.5,13],"texture":"#1"},"down":{"uv":[11.5,13,11,13.25],"texture":"#1"}}},{"from":[0.75736,7,8],"to":[1.75736,8,14],"rotation":{"angle":-22.5,"axis":"y","origin":[8,7.5,11]},"faces":{"north":{"uv":[7.75,12,8,12.25],"texture":"#1"},"east":{"uv":[4.5,12.5,6,12.75],"texture":"#1"},"south":{"uv":[11.5,13,11.75,13.25],"texture":"#1"},"west":{"uv":[12.5,10,14,10.25],"texture":"#1"},"up":{"uv":[12,13.75,11.75,12.25],"texture":"#1"},"down":{"uv":[12.75,10.25,12.5,11.75],"texture":"#1"}}},{"from":[0.75736,7,8],"to":[1.75736,8,14],"rotation":{"angle":22.5,"axis":"y","origin":[8,7.5,11]},"faces":{"north":{"uv":[13,12.25,13.25,12.5],"texture":"#1"},"east":{"uv":[12.5,11.75,14,12],"texture":"#1"},"south":{"uv":[12.5,13,12.75,13.25],"texture":"#1"},"west":{"uv":[12,12.5,13.5,12.75],"texture":"#1"},"up":{"uv":[4.75,14.25,4.5,12.75],"texture":"#1"},"down":{"uv":[5,12.75,4.75,14.25],"texture":"#1"}}},{"from":[5,7,17.24264],"to":[11,8,18.24264],"rotation":{"angle":-22.5,"axis":"y","origin":[8,7.5,11]},"faces":{"north":{"uv":[12.75,6.5,14.25,6.75],"texture":"#1"},"east":{"uv":[2,13.25,2.25,13.5],"texture":"#1"},"south":{"uv":[12.75,8.5,14.25,8.75],"texture":"#1"},"west":{"uv":[2.25,13.25,2.5,13.5],"texture":"#1"},"up":{"uv":[10.25,13,8.75,12.75],"texture":"#1"},"down":{"uv":[14.25,8.75,12.75,9],"texture":"#1"}}},{"from":[5,7,17.24264],"to":[11,8,18.24264],"rotation":{"angle":22.5,"axis":"y","origin":[8,7.5,11]},"faces":{"north":{"uv":[12.75,5.5,14.25,5.75],"texture":"#1"},"east":{"uv":[12.75,13,13,13.25],"texture":"#1"},"south":{"uv":[12.75,5.75,14.25,6],"texture":"#1"},"west":{"uv":[13,13,13.25,13.25],"texture":"#1"},"up":{"uv":[14.25,6.25,12.75,6],"texture":"#1"},"down":{"uv":[14.25,6.25,12.75,6.5],"texture":"#1"}}},{"from":[5,7,3.75736],"to":[11,8,4.75736],"rotation":{"angle":22.5,"axis":"y","origin":[8,7.5,11]},"faces":{"north":{"uv":[12.75,11,14.25,11.25],"texture":"#1"},"east":{"uv":[13.25,4,13.5,4.25],"texture":"#1"},"south":{"uv":[12.75,11.25,14.25,11.5],"texture":"#1"},"west":{"uv":[13.25,4.25,13.5,4.5],"texture":"#1"},"up":{"uv":[14.25,11.75,12.75,11.5],"texture":"#1"},"down":{"uv":[13.5,12.75,12,13],"texture":"#1"}}},{"from":[5,7,3.75736],"to":[11,8,4.75736],"rotation":{"angle":-22.5,"axis":"y","origin":[8,7.5,11]},"faces":{"north":{"uv":[10.25,12.75,11.75,13],"texture":"#1"},"east":{"uv":[3.5,13.25,3.75,13.5],"texture":"#1"},"south":{"uv":[12.75,10.25,14.25,10.5],"texture":"#1"},"west":{"uv":[3.75,13.25,4,13.5],"texture":"#1"},"up":{"uv":[14.25,10.75,12.75,10.5],"texture":"#1"},"down":{"uv":[14.25,10.75,12.75,11],"texture":"#1"}}},{"from":[14.24264,7,8],"to":[15.24264,8,14],"rotation":{"angle":22.5,"axis":"y","origin":[8,7.5,11]},"faces":{"north":{"uv":[3,13.25,3.25,13.5],"texture":"#1"},"east":{"uv":[12.75,9.5,14.25,9.75],"texture":"#1"},"south":{"uv":[3.25,13.25,3.5,13.5],"texture":"#1"},"west":{"uv":[12.75,9.75,14.25,10],"texture":"#1"},"up":{"uv":[5.75,14.25,5.5,12.75],"texture":"#1"},"down":{"uv":[6,12.75,5.75,14.25],"texture":"#1"}}},{"from":[14.24264,7,8],"to":[15.24264,8,14],"rotation":{"angle":-22.5,"axis":"y","origin":[8,7.5,11]},"faces":{"north":{"uv":[2.5,13.25,2.75,13.5],"texture":"#1"},"east":{"uv":[12.75,9,14.25,9.25],"texture":"#1"},"south":{"uv":[2.75,13.25,3,13.5],"texture":"#1"},"west":{"uv":[12.75,9.25,14.25,9.5],"texture":"#1"},"up":{"uv":[5.25,14.25,5,12.75],"texture":"#1"},"down":{"uv":[5.5,12.75,5.25,14.25],"texture":"#1"}}},{"from":[3.5,2,6.3],"to":[7.5,6,8.3],"rotation":{"angle":22.5,"axis":"y","origin":[6,4,7.9]},"faces":{"north":{"uv":[2,11,3,12],"texture":"#1"},"east":{"uv":[12,10,12.5,11],"texture":"#1"},"south":{"uv":[11,2,12,3],"texture":"#1"},"west":{"uv":[12,11,12.5,12],"texture":"#1"},"up":{"uv":[8,7,7,6.5],"texture":"#1"},"down":{"uv":[13,12,12,12.5],"texture":"#1"}}},{"from":[6,7.5,6],"to":[10,10.5,8],"rotation":{"angle":22.5,"axis":"x","origin":[8,9,6.5]},"faces":{"north":{"uv":[9,5.75,10,6.5],"texture":"#1"},"east":{"uv":[6.75,12.75,7.25,13.5],"texture":"#1"},"south":{"uv":[5,11,6,11.75],"texture":"#1"},"west":{"uv":[7.25,12.75,7.75,13.5],"texture":"#1"},"up":{"uv":[11.75,12.75,10.75,12.25],"texture":"#1"},"down":{"uv":[1,12.5,0,13],"texture":"#1"}}},{"from":[6,2.6,14],"to":[10,5.6,16],"rotation":{"angle":0,"axis":"y","origin":[8,9,9.5]},"faces":{"north":{"uv":[6.75,12,7.75,12.75],"texture":"#1"},"east":{"uv":[0,13,0.5,13.75],"texture":"#1"},"south":{"uv":[12,7.75,13,8.5],"texture":"#1"},"west":{"uv":[0.5,13,1,13.75],"texture":"#1"},"up":{"uv":[2,13,1,12.5],"texture":"#1"},"down":{"uv":[3,12.5,2,13],"texture":"#1"}}},{"from":[8.5,2,6.3],"to":[12.5,6,8.3],"rotation":{"angle":-22.5,"axis":"y","origin":[10,4,7.9]},"faces":{"north":{"uv":[11,3.5,12,4.5],"texture":"#1"},"east":{"uv":[7.75,12.25,8.25,13.25],"texture":"#1"},"south":{"uv":[11,4.5,12,5.5],"texture":"#1"},"west":{"uv":[8.25,12.25,8.75,13.25],"texture":"#1"},"up":{"uv":[9.75,12.75,8.75,12.25],"texture":"#1"},"down":{"uv":[10.75,12.25,9.75,12.75],"texture":"#1"}}},{"from":[3.46,1.96,6.26],"to":[7.54,6.04,7.34],"rotation":{"angle":22.5,"axis":"y","origin":[6,4,7.9]},"faces":{"north":{"uv":[0,11,1,12],"texture":"#1"},"east":{"uv":[1,13,1.25,14],"texture":"#1"},"south":{"uv":[11,0,12,1],"texture":"#1"},"west":{"uv":[1.25,13,1.5,14],"texture":"#1"},"up":{"uv":[12,5.75,11,5.5],"texture":"#1"},"down":{"uv":[6,11.75,5,12],"texture":"#1"}}},{"from":[8.46,1.96,6.26],"to":[12.54,6.04,7.34],"rotation":{"angle":-22.5,"axis":"y","origin":[10,4,7.9]},"faces":{"north":{"uv":[1,11,2,12],"texture":"#1"},"east":{"uv":[1.5,13,1.75,14],"texture":"#1"},"south":{"uv":[11,1,12,2],"texture":"#1"},"west":{"uv":[1.75,13,2,14],"texture":"#1"},"up":{"uv":[3,13.25,2,13],"texture":"#1"},"down":{"uv":[4,13,3,13.25],"texture":"#1"}}}],"gui_light":"front"}