{"display":{"thirdperson_righthand":{"translation":[-5.5,2.75,0],"scale":[1.05,1.05,1.05]},"thirdperson_lefthand":{"translation":[-5.5,2.75,0],"scale":[1.05,1.05,1.05]},"firstperson_righthand":{"translation":[2.75,1.5,0]},"firstperson_lefthand":{"translation":[2.75,1.5,0]},"ground":{"rotation":[19,0,20],"translation":[0,4.25,0],"scale":[0.7,0.7,0.7]},"gui":{"rotation":[22.5,135,0],"translation":[0,1.75,0],"scale":[0.9,0.9,0.9]},"head":{"translation":[0,7.25,0],"scale":[1.84,1.84,1.84]}},"texture_size":[32,32],"textures":{"1":"civilization:item/wearable/present_hat"},"elements":[{"from":[4,0,4],"to":[12,8,4],"rotation":{"angle":0,"axis":"y","origin":[8,4,8]},"faces":{"north":{"uv":[0,0,4,4],"texture":"#1"},"east":{"uv":[0,4,4,8],"texture":"#1"},"south":{"uv":[4,0,0,4],"texture":"#1"},"west":{"uv":[4,4,8,8],"texture":"#1"},"up":{"uv":[4,12,0,8],"texture":"#1"},"down":{"uv":[12,0,8,4],"texture":"#1"}}},{"from":[4,8,4],"to":[12,8,12],"rotation":{"angle":0,"axis":"y","origin":[8,4,8]},"faces":{"north":{"uv":[0,0,4,4],"texture":"#1"},"east":{"uv":[0,4,4,8],"texture":"#1"},"south":{"uv":[4,0,8,4],"texture":"#1"},"west":{"uv":[4,4,8,8],"texture":"#1"},"up":{"uv":[4,12,0,8],"texture":"#1"},"down":{"uv":[4,12,0,8],"texture":"#1"}}},{"from":[4,0,4],"to":[12,0,12],"rotation":{"angle":0,"axis":"y","origin":[8,4,8]},"faces":{"north":{"uv":[0,0,4,4],"texture":"#1"},"east":{"uv":[0,4,4,8],"texture":"#1"},"south":{"uv":[4,0,8,4],"texture":"#1"},"west":{"uv":[4,4,8,8],"texture":"#1"},"up":{"uv":[12,0,8,4],"texture":"#1"},"down":{"uv":[12,0,8,4],"texture":"#1"}}},{"from":[4,0,12],"to":[12,8,12],"rotation":{"angle":0,"axis":"y","origin":[8,4,8]},"faces":{"north":{"uv":[4,0,8,4],"texture":"#1"},"east":{"uv":[0,4,4,8],"texture":"#1"},"south":{"uv":[4,0,8,4],"texture":"#1"},"west":{"uv":[4,4,8,8],"texture":"#1"},"up":{"uv":[4,12,0,8],"texture":"#1"},"down":{"uv":[12,0,8,4],"texture":"#1"}}},{"from":[12,0,4],"to":[12,8,12],"rotation":{"angle":0,"axis":"y","origin":[8,4,8]},"faces":{"north":{"uv":[0,0,4,4],"texture":"#1"},"east":{"uv":[0,4,4,8],"texture":"#1"},"south":{"uv":[4,0,8,4],"texture":"#1"},"west":{"uv":[4,4,8,8],"texture":"#1"},"up":{"uv":[4,12,0,8],"texture":"#1"},"down":{"uv":[12,0,8,4],"texture":"#1"}}},{"from":[4,0,4],"to":[4,8,12],"rotation":{"angle":0,"axis":"y","origin":[8,4,8]},"faces":{"north":{"uv":[0,0,4,4],"texture":"#1"},"east":{"uv":[0,4,4,8],"texture":"#1"},"south":{"uv":[4,0,8,4],"texture":"#1"},"west":{"uv":[4,4,8,8],"texture":"#1"},"up":{"uv":[4,12,0,8],"texture":"#1"},"down":{"uv":[12,0,8,4],"texture":"#1"}}},{"from":[6.5,8,6.5],"to":[9.5,10,9.5],"rotation":{"angle":0,"axis":"y","origin":[3.5,-5,4.5]},"faces":{"north":{"uv":[14.5,5.5,16,6.5],"texture":"#1"},"east":{"uv":[14.5,6.5,16,7.5],"texture":"#1"},"south":{"uv":[14.5,7.5,16,8.5],"texture":"#1"},"west":{"uv":[14.5,8.5,16,9.5],"texture":"#1"},"up":{"uv":[12,14.5,10.5,13],"texture":"#1"},"down":{"uv":[14.5,11.5,13,13],"texture":"#1"}}},{"from":[2.07782,6.77782,7.5],"to":[5.07782,9.77782,8.5],"rotation":{"angle":22.5,"axis":"z","origin":[6.07782,10.27782,8]},"faces":{"north":{"uv":[12,13,13.5,14.5],"texture":"#1"},"east":{"uv":[11.5,14.5,12,16],"texture":"#1"},"south":{"uv":[8,13.5,9.5,15],"texture":"#1"},"west":{"uv":[12,14.5,12.5,16],"texture":"#1"},"up":{"uv":[14,15,12.5,14.5],"texture":"#1"},"down":{"uv":[16,12.5,14.5,13],"texture":"#1"}}},{"from":[1.52973,6.14843,7.5],"to":[3.52973,7.14843,8.5],"rotation":{"angle":-22.5,"axis":"z","origin":[2.02973,5.34843,8]},"faces":{"north":{"uv":[12,11.5,13,12],"texture":"#1"},"east":{"uv":[9,15.5,9.5,16],"texture":"#1"},"south":{"uv":[9.5,15,10.5,15.5],"texture":"#1"},"west":{"uv":[9.5,15.5,10,16],"texture":"#1"},"up":{"uv":[16,13.5,15,13],"texture":"#1"},"down":{"uv":[16,13.5,15,14],"texture":"#1"}}},{"from":[10.92218,6.77782,7.5],"to":[13.92218,9.77782,8.5],"rotation":{"angle":-22.5,"axis":"z","origin":[9.92218,10.27782,8]},"faces":{"north":{"uv":[13.5,13,12,14.5],"texture":"#1"},"east":{"uv":[12.5,14.5,12,16],"texture":"#1"},"south":{"uv":[9.5,13.5,8,15],"texture":"#1"},"west":{"uv":[12,14.5,11.5,16],"texture":"#1"},"up":{"uv":[12.5,15,14,14.5],"texture":"#1"},"down":{"uv":[14.5,12.5,16,13],"texture":"#1"}}},{"from":[12.47027,6.14843,7.5],"to":[14.47027,7.14843,8.5],"rotation":{"angle":22.5,"axis":"z","origin":[13.97027,5.34843,8]},"faces":{"north":{"uv":[13,11.5,12,12],"texture":"#1"},"east":{"uv":[10,15.5,9.5,16],"texture":"#1"},"south":{"uv":[10.5,15,9.5,15.5],"texture":"#1"},"west":{"uv":[9.5,15.5,9,16],"texture":"#1"},"up":{"uv":[15,13.5,16,13],"texture":"#1"},"down":{"uv":[15,13.5,16,14],"texture":"#1"}}},{"from":[8.5,9.1,7],"to":[13.5,12.1,9],"rotation":{"angle":45,"axis":"z","origin":[11.5,9.5,8.5]},"faces":{"north":{"uv":[12,4,14.5,5.5],"texture":"#1"},"east":{"uv":[9.5,13.5,10.5,15],"texture":"#1"},"south":{"uv":[12,5.5,14.5,7],"texture":"#1"},"west":{"uv":[14.5,9.5,15.5,11],"texture":"#1"},"up":{"uv":[14.5,9.5,12,8.5],"texture":"#1"},"down":{"uv":[14.5,9.5,12,10.5],"texture":"#1"}}},{"from":[2.5,9.1,7],"to":[7.5,12.1,9],"rotation":{"angle":-45,"axis":"z","origin":[4.5,9.5,8.5]},"faces":{"north":{"uv":[12,7,14.5,8.5],"texture":"#1"},"east":{"uv":[10.5,14.5,11.5,16],"texture":"#1"},"south":{"uv":[8,12,10.5,13.5],"texture":"#1"},"west":{"uv":[14.5,11,15.5,12.5],"texture":"#1"},"up":{"uv":[13,13,10.5,12],"texture":"#1"},"down":{"uv":[14.5,10.5,12,11.5],"texture":"#1"}}},{"from":[3.8,-0.2,3.8],"to":[12.2,8.2,12.2],"rotation":{"angle":0,"axis":"y","origin":[8,4,8]},"faces":{"north":{"uv":[4,8,8,12],"texture":"#1"},"east":{"uv":[8,4,12,8],"texture":"#1"},"south":{"uv":[8,8,12,12],"texture":"#1"},"west":{"uv":[0,12,4,16],"texture":"#1"},"up":{"uv":[16,4,12,0],"texture":"#1"},"down":{"uv":[8,12,4,16],"texture":"#1"}}}],"gui_light":"front"}