{"display":{"thirdperson_righthand":{"rotation":[0,20,0],"translation":[0,6,1.25],"scale":[0.8,0.8,0.8]},"thirdperson_lefthand":{"rotation":[0,20,0],"translation":[0,6,1.25],"scale":[0.8,0.8,0.8]},"firstperson_righthand":{"rotation":[0,11,0],"translation":[2.5,4.5,-1],"scale":[0.7,0.7,0.7]},"firstperson_lefthand":{"rotation":[0,11,0],"translation":[2.5,4.5,-1],"scale":[0.7,0.7,0.7]},"ground":{"rotation":[20,64,0],"translation":[0,3,0.75],"scale":[0.7,0.7,0.7]},"gui":{"rotation":[22.5,135,0],"translation":[1,3.75,0],"scale":[0.9,0.9,0.9]},"head":{"rotation":[3,0,0],"translation":[0,15.25,0.5],"scale":[1.85,1.85,1.85]},"fixed":{"translation":[0,3,0]}},"texture_size":[32,32],"textures":{"0":"civilization:item/wearable/propeller/propeller_hat_shiny","1":"civilization:item/wearable/propeller/propeller_shiny","particle":"civilization:item/wearable/propeller/propeller_hat_shiny"},"elements":[{"from":[4,0,4],"to":[12,5,12],"rotation":{"angle":0,"axis":"y","origin":[5,1,5]},"faces":{"north":{"uv":[4,10.5,8,13],"texture":"#0"},"east":{"uv":[8,11.5,12,14],"texture":"#0"},"south":{"uv":[0,12,4,14.5],"texture":"#0"},"west":{"uv":[12,0,16,2.5],"texture":"#0"},"up":{"uv":[8,4,4,0],"texture":"#0"},"down":{"uv":[8,4,4,8],"texture":"#0"}}},{"from":[3.95,-0.05,3.95],"to":[12.05,5.05,12.05],"rotation":{"angle":0,"axis":"y","origin":[5,1,5]},"faces":{"north":{"uv":[4,8,8,10.5],"texture":"#0"},"east":{"uv":[8,4,12,6.5],"texture":"#0"},"south":{"uv":[8,6.5,12,9],"texture":"#0"},"west":{"uv":[8,9,12,11.5],"texture":"#0"},"up":{"uv":[4,4,0,0],"texture":"#0"},"down":{"uv":[4,4,0,8],"texture":"#0"}}},{"from":[4,6,4],"to":[12,6,12],"rotation":{"angle":0,"axis":"y","origin":[5,1,5]},"faces":{"north":{"uv":[0,0,4,0],"texture":"#1"},"east":{"uv":[0,0,4,0],"texture":"#1"},"south":{"uv":[0,0,4,0],"texture":"#1"},"west":{"uv":[0,0,4,0],"texture":"#1"},"up":{"uv":[8,8,0,0],"texture":"#1"},"down":{"uv":[8,0,0,8],"texture":"#1"}}},{"from":[7,5,7],"to":[9,6,9],"rotation":{"angle":0,"axis":"y","origin":[5,1,5]},"faces":{"north":{"uv":[12,12.5,13,13],"texture":"#0"},"east":{"uv":[4,13,5,13.5],"texture":"#0"},"south":{"uv":[5,13,6,13.5],"texture":"#0"},"west":{"uv":[6,13,7,13.5],"texture":"#0"},"up":{"uv":[13,11.5,12,10.5],"texture":"#0"},"down":{"uv":[13,11.5,12,12.5],"texture":"#0"}}},{"from":[4,0,0],"to":[12,2,4],"rotation":{"angle":0,"axis":"y","origin":[5,1,5]},"faces":{"north":{"uv":[12,6.5,16,7.5],"texture":"#0"},"east":{"uv":[12,8.5,14,9.5],"texture":"#0"},"south":{"uv":[12,7.5,16,8.5],"texture":"#0"},"west":{"uv":[12,9.5,14,10.5],"texture":"#0"},"up":{"uv":[16,4.5,12,2.5],"texture":"#0"},"down":{"uv":[16,4.5,12,6.5],"texture":"#0"}}}]}