{"texture_size":[128,128],"elements":[{"from":[0.52368,-0.25,0.07919],"to":[15.52368,1,15.07919],"rotation":{"angle":0,"axis":"y","origin":[8.02368,0.375,7.57919]},"faces":{"north":{"uv":[6.625,6.375,8.5,6.5],"texture":"#0"},"east":{"uv":[6.5,4.125,8.375,4.25],"texture":"#0"},"south":{"uv":[6.625,3.375,8.5,3.5],"texture":"#0"},"west":{"uv":[6.625,6.125,8.5,6.25],"texture":"#0"},"up":{"uv":[1.875,1.875,0,0],"rotation":90,"texture":"#0"},"down":{"uv":[1.875,2,0,3.875],"rotation":270,"texture":"#0"}}},{"from":[3.5,-0.25,-0.94449],"to":[12.5,1.25,0.05551],"rotation":{"angle":0,"axis":"y","origin":[8,0.75,7.57919]},"faces":{"north":{"uv":[6.5,2,7.625,2.25],"texture":"#0"},"east":{"uv":[2.125,6.125,2.25,6.375],"texture":"#0"},"south":{"uv":[2.125,6.5,3.25,6.75],"texture":"#0"},"west":{"uv":[7.25,0.5,7.375,0.75],"texture":"#0"},"up":{"uv":[8.25,0.375,7.125,0.25],"texture":"#0"},"down":{"uv":[4.875,7.125,3.75,7.25],"texture":"#0"}}},{"from":[2.51186,-0.25,-0.99924],"to":[3.51186,1.25,4.75076],"rotation":{"angle":-45,"axis":"y","origin":[3.01186,0.75,0.25076]},"faces":{"north":{"uv":[3.75,7.375,3.875,7.625],"texture":"#0"},"east":{"uv":[4.875,6.75,5.625,7],"texture":"#0"},"south":{"uv":[4,7.375,4.125,7.625],"texture":"#0"},"west":{"uv":[5.75,6.75,6.5,7],"texture":"#0"},"up":{"uv":[2.125,8,2,7.25],"texture":"#0"},"down":{"uv":[2.375,7.25,2.25,8],"texture":"#0"}}},{"from":[3.5,-0.25,15.10287],"to":[12.5,1.25,16.10287],"rotation":{"angle":0,"axis":"y","origin":[8,0.75,7.57919]},"faces":{"north":{"uv":[6.5,2.375,7.625,2.625],"texture":"#0"},"east":{"uv":[7.25,0.875,7.375,1.125],"texture":"#0"},"south":{"uv":[6.5,3.75,7.625,4],"texture":"#0"},"west":{"uv":[7.25,2.75,7.375,3],"texture":"#0"},"up":{"uv":[6.125,7.25,5,7.125],"texture":"#0"},"down":{"uv":[1.625,7.25,0.5,7.375],"texture":"#0"}}},{"from":[2.51186,-0.25,10.40762],"to":[3.51186,1.25,16.15762],"rotation":{"angle":45,"axis":"y","origin":[3.01186,0.75,14.90762]},"faces":{"north":{"uv":[4.25,7.375,4.375,7.625],"texture":"#0"},"east":{"uv":[1.875,6.875,2.625,7.125],"texture":"#0"},"south":{"uv":[4.5,7.375,4.625,7.625],"texture":"#0"},"west":{"uv":[7,4.375,7.75,4.625],"texture":"#0"},"up":{"uv":[2.625,8,2.5,7.25],"texture":"#0"},"down":{"uv":[6.625,7.25,6.5,8],"texture":"#0"}}},{"from":[-0.52368,-0.25,3.07919],"to":[0.47632,1.25,12.07919],"rotation":{"angle":0,"axis":"y","origin":[8,0.75,7.57919]},"faces":{"north":{"uv":[0.625,6.125,0.75,6.375],"texture":"#0"},"east":{"uv":[6.5,1.25,7.625,1.5],"texture":"#0"},"south":{"uv":[0.875,6.125,1,6.375],"texture":"#0"},"west":{"uv":[6.5,1.625,7.625,1.875],"texture":"#0"},"up":{"uv":[3.375,8.25,3.25,7.125],"texture":"#0"},"down":{"uv":[3.625,7.125,3.5,8.25],"texture":"#0"}}},{"from":[12.48814,-0.25,-0.99924],"to":[13.48814,1.25,4.75076],"rotation":{"angle":45,"axis":"y","origin":[12.98814,0.75,0.25076]},"faces":{"north":{"uv":[3.875,7.375,3.75,7.625],"texture":"#0"},"east":{"uv":[6.5,6.75,5.75,7],"texture":"#0"},"south":{"uv":[4.125,7.375,4,7.625],"texture":"#0"},"west":{"uv":[5.625,6.75,4.875,7],"texture":"#0"},"up":{"uv":[2,8,2.125,7.25],"texture":"#0"},"down":{"uv":[2.25,7.25,2.375,8],"texture":"#0"}}},{"from":[15.52368,-0.25,3.07919],"to":[16.52368,1.25,12.07919],"rotation":{"angle":0,"axis":"y","origin":[8,0.75,7.57919]},"faces":{"north":{"uv":[0.75,6.125,0.625,6.375],"texture":"#0"},"east":{"uv":[7.625,1.625,6.5,1.875],"texture":"#0"},"south":{"uv":[1,6.125,0.875,6.375],"texture":"#0"},"west":{"uv":[7.625,1.25,6.5,1.5],"texture":"#0"},"up":{"uv":[3.25,8.25,3.375,7.125],"texture":"#0"},"down":{"uv":[3.5,7.125,3.625,8.25],"texture":"#0"}}},{"from":[12.48814,-0.25,10.40762],"to":[13.48814,1.25,16.15762],"rotation":{"angle":-45,"axis":"y","origin":[12.98814,0.75,14.90762]},"faces":{"north":{"uv":[4.375,7.375,4.25,7.625],"texture":"#0"},"east":{"uv":[7.75,4.375,7,4.625],"texture":"#0"},"south":{"uv":[4.625,7.375,4.5,7.625],"texture":"#0"},"west":{"uv":[2.625,6.875,1.875,7.125],"texture":"#0"},"up":{"uv":[2.5,8,2.625,7.25],"texture":"#0"},"down":{"uv":[6.5,7.25,6.625,8],"texture":"#0"}}},{"from":[4.32544,1.25,12.93211],"to":[8.32544,6.25,12.93211],"rotation":{"angle":22.5,"axis":"y","origin":[8.05,-1.05,15.07919]},"faces":{"north":{"uv":[6.375,1.25,5.875,1.875],"texture":"#0"},"east":{"uv":[3.25,3.5,3.25,4.125],"texture":"#0"},"south":{"uv":[5.875,1.25,6.375,1.875],"texture":"#0"},"west":{"uv":[5.75,7.375,5.75,8],"texture":"#0"},"up":{"uv":[4.375,6.25,4.375,5.75],"rotation":90,"texture":"#0"},"down":{"uv":[5.875,7.375,5.875,7.875],"rotation":270,"texture":"#0"}}},{"from":[7.52368,2.05,12.57919],"to":[8.52368,3.05,13.57919],"rotation":{"angle":0,"axis":"y","origin":[11,7.1407,11]},"faces":{"north":{"uv":[4.125,6.125,4.25,6.25],"texture":"#0"},"east":{"uv":[2.375,6.25,2.5,6.375],"texture":"#0"},"south":{"uv":[2.625,6.25,2.75,6.375],"texture":"#0"},"west":{"uv":[2.875,6.25,3,6.375],"texture":"#0"},"up":{"uv":[6.5,2.875,6.375,2.75],"texture":"#0"},"down":{"uv":[2,6.625,1.875,6.75],"texture":"#0"}}},{"from":[3.27368,0.25,2.82919],"to":[12.77368,3.75,12.32919],"rotation":{"angle":0,"axis":"y","origin":[11,7.1407,11]},"faces":{"north":{"uv":[4.625,4,5.75,4.375],"texture":"#0"},"east":{"uv":[5.75,4.5,6.875,4.875],"texture":"#0"},"south":{"uv":[5.75,5,6.875,5.375],"texture":"#0"},"west":{"uv":[5.875,0,7,0.375],"texture":"#0"},"up":{"uv":[4.5,4.375,3.375,3.25],"texture":"#0"},"down":{"uv":[3.125,3.5,2,4.625],"texture":"#0"}}},{"from":[12.77368,3.75,12.32919],"to":[3.27368,0.25,2.82919],"rotation":{"angle":0,"axis":"y","origin":[8.02368,2,7.57919]},"faces":{"north":{"uv":[4.625,4,5.75,4.375],"rotation":180,"texture":"#0"},"east":{"uv":[5.875,0,7,0.375],"rotation":180,"texture":"#0"},"south":{"uv":[5.75,5,6.875,5.375],"rotation":180,"texture":"#0"},"west":{"uv":[5.75,4.5,6.875,4.875],"rotation":180,"texture":"#0"},"up":{"uv":[3.125,3.5,2,4.625],"rotation":180,"texture":"#0"},"down":{"uv":[4.5,4.375,3.375,3.25],"rotation":180,"texture":"#0"}}},{"from":[7.77456,1.25,12.93211],"to":[11.77456,6.25,12.93211],"rotation":{"angle":-22.5,"axis":"y","origin":[8.05,-1.05,15.07919]},"faces":{"north":{"uv":[6.375,3.75,5.875,4.375],"texture":"#0"},"east":{"uv":[6,7.375,6,8],"texture":"#0"},"south":{"uv":[5.875,3.75,6.375,4.375],"texture":"#0"},"west":{"uv":[6.125,7.375,6.125,8],"texture":"#0"},"up":{"uv":[0.5,8,0.5,7.5],"rotation":90,"texture":"#0"},"down":{"uv":[7.5,0.5,7.5,1],"rotation":270,"texture":"#0"}}},{"from":[3.5,-11.85,16.40287],"to":[12.5,0.15,16.40287],"rotation":{"angle":0,"axis":"y","origin":[8.05,-1.05,15.07919]},"faces":{"north":{"uv":[3.375,0,4.5,1.5],"texture":"#0"},"east":{"uv":[0.625,7.5,0.625,9],"texture":"#0"},"south":{"uv":[3.375,0,4.5,1.5],"texture":"#0"},"west":{"uv":[0.75,7.5,0.75,9],"texture":"#0"},"up":{"uv":[0.875,8.625,0.875,7.5],"rotation":90,"texture":"#0"},"down":{"uv":[1,7.5,1,8.625],"rotation":270,"texture":"#0"}}},{"from":[3.45,0.15,15.20287],"to":[12.65,1.35,16.40287],"rotation":{"angle":0,"axis":"y","origin":[8.05,-1.05,15.07919]},"faces":{"north":{"uv":[7.125,0,8.25,0.125],"texture":"#0"},"east":{"uv":[5.875,2.75,6,2.875],"texture":"#0"},"south":{"uv":[6.625,7,7.75,7.125],"texture":"#0"},"west":{"uv":[6.125,2.75,6.25,2.875],"texture":"#0"},"up":{"uv":[0.125,8,0,6.875],"rotation":90,"texture":"#0"},"down":{"uv":[0.375,6.875,0.25,8],"rotation":270,"texture":"#0"}}},{"from":[4.02368,3.41617,4.45837],"to":[12.02368,9.41617,11.45837],"rotation":{"angle":22.5,"axis":"x","origin":[11,6.8907,11]},"faces":{"north":{"uv":[0,5.25,1,6],"texture":"#0"},"east":{"uv":[5.625,5.5,6.5,6.25],"texture":"#0"},"south":{"uv":[4.5,5.5,5.5,6.25],"texture":"#0"},"west":{"uv":[1.125,5.75,2,6.5],"texture":"#0"},"up":{"uv":[5.625,3.875,4.625,3],"texture":"#0"},"down":{"uv":[2.25,4.75,1.25,5.625],"texture":"#0"}}},{"from":[5.02368,7.13711,5.11135],"to":[11.02368,12.13711,10.11135],"rotation":{"angle":45,"axis":"x","origin":[11,6.8907,11]},"faces":{"north":{"uv":[2.375,4.75,3.125,5.375],"texture":"#0"},"east":{"uv":[1.25,4,1.875,4.625],"texture":"#0"},"south":{"uv":[2.375,5.5,3.125,6.125],"texture":"#0"},"west":{"uv":[5.875,0.5,6.5,1.125],"texture":"#0"},"up":{"uv":[6.5,3.625,5.75,3],"texture":"#0"},"down":{"uv":[4,5.75,3.25,6.375],"texture":"#0"}}},{"from":[8.02368,1.62028,12.08575],"to":[8.02368,14.62028,22.08575],"rotation":{"angle":-22.5,"axis":"x","origin":[8.02368,8.12028,14.83575]},"faces":{"north":{"uv":[5.25,7.375,5.25,9],"texture":"#0"},"east":{"uv":[2,0,3.25,1.625],"texture":"#0"},"south":{"uv":[5.375,7.375,5.375,9],"texture":"#0"},"west":{"uv":[3.25,0,2,1.625],"texture":"#0"},"up":{"uv":[5.5,8.625,5.5,7.375],"texture":"#0"},"down":{"uv":[5.625,7.375,5.625,8.625],"texture":"#0"}}},{"from":[3.52368,0.25,3.07919],"to":[12.52368,7.25,12.07919],"rotation":{"angle":0,"axis":"y","origin":[11,7.1407,11]},"faces":{"north":{"uv":[4.5,4.5,5.625,5.375],"texture":"#0"},"east":{"uv":[4.625,0,5.75,0.875],"texture":"#0"},"south":{"uv":[4.625,1,5.75,1.875],"texture":"#0"},"west":{"uv":[4.625,2,5.75,2.875],"texture":"#0"},"up":{"uv":[1.125,5.125,0,4],"texture":"#0"},"down":{"uv":[4.375,4.5,3.25,5.625],"texture":"#0"}}}],"display":{"thirdperson_righthand":{"rotation":[50,45,0],"translation":[0,2,1],"scale":[0.6,0.6,0.6]},"thirdperson_lefthand":{"rotation":[50,45,0],"translation":[0,2,1],"scale":[0.6,0.6,0.6]},"firstperson_righthand":{"rotation":[0,20,0],"translation":[0.5,3.5,0],"scale":[0.5,0.5,0.5]},"firstperson_lefthand":{"rotation":[0,20,0],"translation":[0.5,3.5,0],"scale":[0.5,0.5,0.5]},"ground":{"rotation":[-30,0,0],"translation":[0,7,-1],"scale":[0.6,0.6,0.6]},"gui":{"rotation":[22.5,135,0],"translation":[0,2.75,0],"scale":[0.6,0.6,0.6]},"head":{"rotation":[-0.25,0,0],"translation":[0,15.75,1],"scale":[1.65,1.65,1.65]}}}