{"texture_size":[64,64],"elements":[{"from":[3,0,2],"to":[15,3,14],"rotation":{"angle":-22.5,"axis":"y","origin":[8,5,8]},"faces":{"north":{"uv":[5,9,8,9.75],"texture":"#0"},"east":{"uv":[9,5,12,5.75],"texture":"#0"},"south":{"uv":[9,5.75,12,6.5],"texture":"#0"},"west":{"uv":[9,6.5,12,7.25],"texture":"#0"},"up":{"uv":[6,3,3,0],"texture":"#0"},"down":{"uv":[6,3,3,6],"texture":"#0"}}},{"from":[3,3,2],"to":[15,4,14],"rotation":{"angle":0,"axis":"y","origin":[8,1,3]},"faces":{"north":{"uv":[11,9.5,14,9.75],"texture":"#0"},"east":{"uv":[12,6,15,6.25],"texture":"#0"},"south":{"uv":[12,6.25,15,6.5],"texture":"#0"},"west":{"uv":[12,6.5,15,6.75],"texture":"#0"},"up":{"uv":[6,9,3,6],"texture":"#0"},"down":{"uv":[9,3,6,6],"texture":"#0"}}},{"from":[0,3.2,3],"to":[4,3.2,13],"rotation":{"angle":22.5,"axis":"z","origin":[2,3.5,8]},"faces":{"north":{"uv":[0,0,1,0],"texture":"#0"},"east":{"uv":[0,0,2.5,0],"texture":"#0"},"south":{"uv":[0,0,1,0],"texture":"#0"},"west":{"uv":[0,0,2.5,0],"texture":"#0"},"up":{"uv":[4,11.5,3,9],"texture":"#0"},"down":{"uv":[5,9,4,11.5],"texture":"#0"}}},{"from":[15,3.2,3],"to":[18,3.2,13],"rotation":{"angle":-22.5,"axis":"z","origin":[16,3.5,8]},"faces":{"north":{"uv":[0,0,0.75,0],"texture":"#0"},"east":{"uv":[0,0,2.5,0],"texture":"#0"},"south":{"uv":[0,0,0.75,0],"texture":"#0"},"west":{"uv":[0,0,2.5,0],"texture":"#0"},"up":{"uv":[8.75,12.25,8,9.75],"texture":"#0"},"down":{"uv":[9.5,9.75,8.75,12.25],"texture":"#0"}}},{"from":[4,5.09232,1.48667],"to":[13,5.09232,3.48667],"rotation":{"angle":-22.5,"axis":"x","origin":[8,3.22284,7]},"faces":{"north":{"uv":[0,0,2.25,0],"texture":"#0"},"east":{"uv":[0,0,0.5,0],"texture":"#0"},"south":{"uv":[0,0,2.25,0],"texture":"#0"},"west":{"uv":[0,0,0.5,0],"texture":"#0"},"up":{"uv":[14.25,5.5,12,5],"texture":"#0"},"down":{"uv":[14.25,5.5,12,6],"texture":"#0"}}},{"from":[4,5.09232,13.51333],"to":[14,5.09232,16.51333],"rotation":{"angle":22.5,"axis":"x","origin":[9,3.22284,10]},"faces":{"north":{"uv":[0,0,2.5,0],"texture":"#0"},"east":{"uv":[0,0,0.75,0],"texture":"#0"},"south":{"uv":[0,0,2.5,0],"texture":"#0"},"west":{"uv":[0,0,0.75,0],"texture":"#0"},"up":{"uv":[12,10.5,9.5,9.75],"texture":"#0"},"down":{"uv":[7.5,10.5,5,11.25],"texture":"#0"}}},{"from":[4,5.09232,-0.51333],"to":[14,5.09232,2.48667],"rotation":{"angle":-22.5,"axis":"x","origin":[9,3.22284,6]},"faces":{"north":{"uv":[0,0,2.5,0],"texture":"#0"},"east":{"uv":[0,0,0.75,0],"texture":"#0"},"south":{"uv":[0,0,2.5,0],"texture":"#0"},"west":{"uv":[0,0,0.75,0],"texture":"#0"},"up":{"uv":[14,0.75,11.5,0],"texture":"#0"},"down":{"uv":[14,0.75,11.5,1.5],"texture":"#0"}}},{"from":[3,4,2],"to":[15,6,14],"rotation":{"angle":-22.5,"axis":"y","origin":[8,5,8]},"faces":{"north":{"uv":[11.5,4,14.5,4.5],"texture":"#0"},"east":{"uv":[11.5,4.5,14.5,5],"texture":"#0"},"south":{"uv":[0,12,3,12.5],"texture":"#0"},"west":{"uv":[3,12,6,12.5],"texture":"#0"},"up":{"uv":[3,3,0,0],"texture":"#0"},"down":{"uv":[3,3,0,6],"texture":"#0"}}},{"from":[0.75672,0,7.6039],"to":[0.75672,5,12.6039],"rotation":{"angle":-22.5,"axis":"z","origin":[2.45672,2,5.7039]},"faces":{"north":{"uv":[0,0,0,1.25],"texture":"#0"},"east":{"uv":[11.5,1.5,12.75,2.75],"texture":"#0"},"south":{"uv":[0,0,0,1.25],"texture":"#0"},"west":{"uv":[11.5,2.75,12.75,4],"texture":"#0"},"up":{"uv":[0,1.25,0,0],"texture":"#0"},"down":{"uv":[0,0,0,1.25],"texture":"#0"}}},{"from":[3,7,2],"to":[15,10,14],"rotation":{"angle":-22.5,"axis":"y","origin":[8,5,8]},"faces":{"north":{"uv":[9,7.25,12,8],"texture":"#0"},"east":{"uv":[8,9,11,9.75],"texture":"#0"},"south":{"uv":[9,8,12,8.75],"texture":"#0"},"west":{"uv":[5,9.75,8,10.5],"texture":"#0"},"up":{"uv":[3,9,0,6],"texture":"#0"},"down":{"uv":[9,0,6,3],"texture":"#0"}}},{"from":[2,8,4],"to":[4,12,7],"rotation":{"angle":-22.5,"axis":"y","origin":[8,5,8]},"faces":{"north":{"uv":[7.5,10.5,8,11.5],"texture":"#0"},"east":{"uv":[6,12,6.75,13],"texture":"#0"},"south":{"uv":[7.5,11.5,8,12.5],"texture":"#0"},"west":{"uv":[6.75,12,7.5,13],"texture":"#0"},"up":{"uv":[11.25,12.75,10.75,12],"texture":"#0"},"down":{"uv":[12.5,10.75,12,11.5],"texture":"#0"}}},{"from":[1.50001,8,6.5136],"to":[3.50001,12,9.5136],"rotation":{"angle":-22.5,"axis":"y","origin":[1.50001,10,8.0136]},"faces":{"north":{"uv":[12,9.75,12.5,10.75],"texture":"#0"},"east":{"uv":[12,7.75,12.75,8.75],"texture":"#0"},"south":{"uv":[10.25,12,10.75,13],"texture":"#0"},"west":{"uv":[9.5,12,10.25,13],"texture":"#0"},"up":{"uv":[11.75,12.75,11.25,12],"texture":"#0"},"down":{"uv":[12.5,11.5,12,12.25],"texture":"#0"}}},{"from":[4,8,3],"to":[14,11,13],"rotation":{"angle":-22.5,"axis":"y","origin":[8,5,8]},"faces":{"north":{"uv":[9.5,10.5,12,11.25],"texture":"#0"},"east":{"uv":[11,8.75,13.5,9.5],"texture":"#0"},"south":{"uv":[5,11.25,7.5,12],"texture":"#0"},"west":{"uv":[9.5,11.25,12,12],"texture":"#0"},"up":{"uv":[11.5,2.5,9,0],"texture":"#0"},"down":{"uv":[11.5,2.5,9,5],"texture":"#0"}}},{"from":[2.5,6,1.5],"to":[14.5,7,13.5],"rotation":{"angle":-45,"axis":"y","origin":[8,5,8]},"faces":{"north":{"uv":[12,6.75,15,7],"texture":"#0"},"east":{"uv":[12,7,15,7.25],"texture":"#0"},"south":{"uv":[12,7.25,15,7.5],"texture":"#0"},"west":{"uv":[12,7.5,15,7.75],"texture":"#0"},"up":{"uv":[9,9,6,6],"texture":"#0"},"down":{"uv":[3,9,0,12],"texture":"#0"}}}],"display":{"thirdperson_righthand":{"rotation":[0,-68,0],"translation":[1,2.25,-2],"scale":[0.8,0.8,0.8]},"thirdperson_lefthand":{"rotation":[0,68,0],"translation":[1,2.25,-2],"scale":[0.8,0.8,0.8]},"firstperson_righthand":{"rotation":[0,-56,0],"translation":[2.75,0,0]},"firstperson_lefthand":{"rotation":[0,83,0],"translation":[2.75,0,0]},"ground":{"rotation":[20,-111,0],"translation":[0,3.75,0.75],"scale":[0.7,0.7,0.7]},"gui":{"rotation":[22.5,67.5,0],"translation":[-0.75,1.5,0],"scale":[0.8,0.8,0.8]},"head":{"rotation":[0,-67.5,0],"translation":[0,7.5,-1.25],"scale":[1.84,1.84,1.84]},"fixed":{"rotation":[0,-67.5,0],"translation":[0,1.75,1.75]}}}