{"texture_size":[32,32],"elements":[{"from":[4,5,6.4],"to":[12,11,14.4],"rotation":{"angle":0,"axis":"y","origin":[4,1,10.4]},"faces":{"north":{"uv":[4,0,8,3],"texture":"#0"},"east":{"uv":[4,3,8,6],"texture":"#0"},"south":{"uv":[4,6,8,9],"texture":"#0"},"west":{"uv":[0,8,4,11],"texture":"#0"},"up":{"uv":[4,4,0,0],"texture":"#0"},"down":{"uv":[4,4,0,8],"texture":"#0"}}},{"from":[5.6,7.2,7.5],"to":[10.6,13.2,7.5],"rotation":{"angle":22.5,"axis":"z","origin":[7.5,11,8.4]},"faces":{"north":{"uv":[8,0,10.5,3],"texture":"#0"},"east":{"uv":[0,0,0,3],"texture":"#0"},"south":{"uv":[10.5,0,8,3],"texture":"#0"},"west":{"uv":[0,0,0,3],"texture":"#0"},"up":{"uv":[2.5,0,0,0],"texture":"#0"},"down":{"uv":[2.5,0,0,0],"texture":"#0"}}},{"from":[8.1,4.97848,10.20116],"to":[8.1,9.97848,16.20116],"rotation":{"angle":22.5,"axis":"x","origin":[8.1,6.77848,16.50116]},"faces":{"north":{"uv":[2.5,0,0,0],"rotation":270,"texture":"#0"},"east":{"uv":[10.5,0,8,3],"rotation":270,"texture":"#0"},"south":{"uv":[2.5,0,0,0],"rotation":270,"texture":"#0"},"west":{"uv":[8,0,10.5,3],"rotation":90,"texture":"#0"},"up":{"uv":[0,0,0,3],"rotation":180,"texture":"#0"},"down":{"uv":[0,0,0,3],"texture":"#0"}}},{"from":[5,6,14.1],"to":[7,7,17.1],"rotation":{"angle":-22.5,"axis":"y","origin":[6,6.5,15.6]},"faces":{"north":{"uv":[11,1.5,12,2],"texture":"#0"},"east":{"uv":[6.5,10.5,8,11],"texture":"#0"},"south":{"uv":[11,2,12,2.5],"texture":"#0"},"west":{"uv":[10,10.5,11.5,11],"texture":"#0"},"up":{"uv":[11,8.5,10,7],"texture":"#0"},"down":{"uv":[9,10,8,11.5],"texture":"#0"}}},{"from":[9,6,14.1],"to":[11,7,17.1],"rotation":{"angle":22.5,"axis":"y","origin":[10,6.5,15.6]},"faces":{"north":{"uv":[2.5,11,3.5,11.5],"texture":"#0"},"east":{"uv":[0,11,1.5,11.5],"texture":"#0"},"south":{"uv":[11,2.5,12,3],"texture":"#0"},"west":{"uv":[11,0.5,12.5,1],"texture":"#0"},"up":{"uv":[11,10,10,8.5],"texture":"#0"},"down":{"uv":[10,10,9,11.5],"texture":"#0"}}},{"from":[3,4.7,7.9],"to":[4,7.7,11.9],"rotation":{"angle":22.5,"axis":"x","origin":[8,6,9.9]},"faces":{"north":{"uv":[10.5,4.5,11,6],"texture":"#0"},"east":{"uv":[8,6,10,7.5],"texture":"#0"},"south":{"uv":[5,10.5,5.5,12],"texture":"#0"},"west":{"uv":[8,7.5,10,9],"texture":"#0"},"up":{"uv":[11,2.5,10.5,0.5],"texture":"#0"},"down":{"uv":[11,2.5,10.5,4.5],"texture":"#0"}}},{"from":[12,4.7,7.9],"to":[13,7.7,11.9],"rotation":{"angle":22.5,"axis":"x","origin":[8,6,9.9]},"faces":{"north":{"uv":[5.5,10.5,6,12],"texture":"#0"},"east":{"uv":[4,9,6,10.5],"texture":"#0"},"south":{"uv":[6,10.5,6.5,12],"texture":"#0"},"west":{"uv":[6,9,8,10.5],"texture":"#0"},"up":{"uv":[4.5,12.5,4,10.5],"texture":"#0"},"down":{"uv":[5,10.5,4.5,12.5],"texture":"#0"}}},{"from":[6,6,4.4],"to":[10,7,6.4],"rotation":{"angle":0,"axis":"y","origin":[8.5,6.5,5.9]},"faces":{"north":{"uv":[10,10,12,10.5],"texture":"#0"},"east":{"uv":[11,1,12,1.5],"texture":"#0"},"south":{"uv":[10.5,0,12.5,0.5],"texture":"#0"},"west":{"uv":[1.5,11,2.5,11.5],"texture":"#0"},"up":{"uv":[10,10,8,9],"texture":"#0"},"down":{"uv":[12,6,10,7],"texture":"#0"}}}],"gui_light":"front","display":{"thirdperson_righthand":{"rotation":[0,20,0],"translation":[-1.5,2.25,-1],"scale":[0.8,0.8,0.8]},"thirdperson_lefthand":{"rotation":[0,20,0],"translation":[-1.5,2.25,-1],"scale":[0.8,0.8,0.8]},"firstperson_righthand":{"rotation":[0,11,0],"translation":[1.75,2.5,-1.25],"scale":[0.7,0.7,0.7]},"firstperson_lefthand":{"rotation":[0,11,0],"translation":[1.75,2.5,-1.25],"scale":[0.7,0.7,0.7]},"ground":{"rotation":[20,64,0],"translation":[0,1,0],"scale":[0.7,0.7,0.7]},"gui":{"rotation":[22.5,135,0],"translation":[-1,-0.5,0],"scale":[0.9,0.9,0.9]},"head":{"translation":[0,5.75,-4.5],"scale":[1.84,1.84,1.84]},"fixed":{"translation":[0,-0.25,0]}}}