{
    "type": "minecraft:crafting_shaped",
    "pattern": [
        " #E",
        "#Tg",
        "Fg "
    ],
    "key": {
        "#": {
            "item": "minecraft:diamond"
        },
        "E": {
            "item": "minecraft:ender_pearl"
        },
        "T": {
            "item": "minecraft:trident"
        },
        "g": {
            "item": "minecraft:gold_ingot"
        },
        "F": {
            "item": "minecraft:firework_star"
        }
    },
    "result": {
        "item": "minecraft:knowledge_book",
        "count": 1
    }
}