{
    "type": "minecraft:crafting_shaped",
    "pattern": [
        "#S#",
        "DBD",
        "#T#"
    ],
    "key": {
        "#": {
            "item": "minecraft:feather"
        },
        "S": {
            "item": "minecraft:spyglass"
        },
        "D": {
            "item": "minecraft:diamond"
        },
        "B": {
            "item": "minecraft:bow"
        },
        "T": {
            "item": "minecraft:tnt"
        }
    },
    "result": {
        "item": "minecraft:knowledge_book",
        "count": 1
    }
}