{
    "type": "minecraft:crafting_shaped",
    "pattern": [
        " # ",
        "HBH",
        " G "
    ],
    "key": {
        "#": {
            "item": "minecraft:bee_nest"
        },
        "H": {
            "item": "minecraft:honeycomb"
        },
        "B": {
            "item": "minecraft:bow"
        },
        "G": {
            "item": "minecraft:gunpowder"
        }
    },
    "result": {
        "item": "minecraft:knowledge_book",
        "count": 1
    }
}