{
    "type": "minecraft:crafting_shaped",
    "pattern": [
        "#C#",
        "#D#",
        "#G#"
    ],
    "key": {
        "#": {
            "item": "minecraft:feather"
        },
        "C": {
            "item": "minecraft:cake"
        },
        "D": {
            "item": "minecraft:diamond_sword"
        },
        "G": {
            "item": "minecraft:golden_carrot"
        }
    },
    "result": {
        "item": "minecraft:knowledge_book",
        "count": 1
    }
}