{
    "type": "minecraft:crafting_shaped",
    "pattern": [
        "#N#",
        "DCD",
        "#N#"
    ],
    "key": {
        "#": {
            "item": "minecraft:fermented_spider_eye"
        },
        "N": {
            "item": "minecraft:nether_wart"
        },
        "D": {
            "item": "minecraft:diamond"
        },
        "C": {
            "item": "minecraft:crossbow"
        }
    },
    "result": {
        "item": "minecraft:knowledge_book",
        "count": 1
    }
}