{
    "type": "minecraft:crafting_shaped",
    "pattern": [
        "#W#",
        "RDR",
        "ONO"
    ],
    "key": {
        "#": {
            "item": "minecraft:red_nether_bricks"
        },
        "W": {
            "item": "minecraft:wither_skeleton_skull"
        },
        "R": {
            "item": "minecraft:red_candle"
        },
        "D": {
            "item": "minecraft:diamond_sword"
        },
        "O": {
            "item": "minecraft:obsidian"
        },
        "N": {
            "item": "minecraft:nether_wart"
        }
    },
    "result": {
        "item": "minecraft:knowledge_book",
        "count": 1
    }
}