{
    "type": "minecraft:crafting_shaped",
    "pattern": [
        "##N",
        " CS",
        "C  "
    ],
    "key": {
        "#": {
            "item": "minecraft:wither_skeleton_skull"
        },
        "N": {
            "item": "minecraft:nether_wart_block"
        },
        "C": {
            "item": "minecraft:crying_obsidian"
        },
        "S": {
            "item": "minecraft:soul_soil"
        }
    },
    "result": {
        "item": "minecraft:knowledge_book",
        "count": 1
    }
}