{
    "type": "minecraft:crafting_shaped",
    "pattern": [
        " # ",
        "DPD",
        " E "
    ],
    "key": {
        "#": {
            "item": "minecraft:ender_pearl"
        },
        "D": {
            "item": "minecraft:diamond"
        },
        "P": {
            "item": "minecraft:diamond_sword"
        },
        "E": {
            "item": "minecraft:end_crystal"
        }
    },
    "result": {
        "item": "minecraft:knowledge_book",
        "count": 1
    }
}