{
    "type": "minecraft:crafting_shaped",
    "pattern": [
        " # ",
        "EDE",
        " G "
    ],
    "key": {
        "#": {
            "item": "minecraft:bell"
        },
        "E": {
            "item": "minecraft:emerald_block"
        },
        "D": {
            "item": "minecraft:diamond_sword"
        },
        "G": {
            "item": "minecraft:golden_carrot"
        }
    },
    "result": {
        "item": "minecraft:knowledge_book",
        "count": 1
    }
}
