{
    "type": "minecraft:crafting_shaped",
    "pattern": [
        " # ",
        "DBD",
        " C "
    ],
    "key": {
        "#": {
            "item": "minecraft:ender_eye"
        },
        "D": {
            "item": "minecraft:diamond"
        },
        "B": {
            "item": "minecraft:bow"
        },
        "C": {
            "item": "minecraft:clock"
        }
    },
    "result": {
        "item": "minecraft:knowledge_book", 
        "count": 1
    }
}