{
    "type": "minecraft:crafting_shaped",
    "pattern": [
        " #g",
        "ODO",
        "gF "
    ],
    "key": {
        "#": {
            "item": "minecraft:redstone_block"
        },
        "g": {
            "item": "minecraft:gold_ingot"
        },
        "O": {
            "item": "minecraft:obsidian"
        },
        "D": {
            "item": "minecraft:diamond_axe"
        },
        "F": {
            "item": "minecraft:firework_star"
        }
    },
    "result": {
        "item": "minecraft:knowledge_book",
        "count": 1
    }
}