{
    "type": "minecraft:crafting_shaped",
    "pattern": [
        "#P#",
        "DPD",
        "DSD"
    ],
    "key": {
        "#": {
            "item": "minecraft:diamond"
        },
        "P": {
            "item": "minecraft:prismarine_shard"
        },
        "D": {
            "item": "minecraft:dark_prismarine"
        },
        "S": {
            "item": "minecraft:sponge"
        }
    },
    "result": {
        "item": "minecraft:knowledge_book",
        "count": 1
    }
}