{
    "type": "minecraft:crafting_shaped",
    "pattern": [
        "#L#",
        "#T#",
        "#F#"
    ],
    "key": {
        "#": {
            "item": "minecraft:redstone_block"
        },
        "L": {
            "item": "minecraft:lead"
        },
        "T": {
            "item": "minecraft:trident"
        },
        "F": {
            "item": "minecraft:fishing_rod"
        }
    },
    "result": {
        "item": "minecraft:knowledge_book",
        "count": 1
    }
}