{
    "type": "minecraft:crafting_shaped",
    "pattern": [
        " #G",
        "gTg",
        "BO "
    ],
    "key": {
        "#": {
            "item": "minecraft:music_disc_11"
        },
        "G": {
            "item": "minecraft:grass_block"
        },
        "g": {
            "item": "minecraft:gold_ingot"
        },
        "T": {
            "item": "minecraft:trident"
        },
        "B": {
            "item": "minecraft:blue_candle"
        },
        "O": {
            "item": "minecraft:obsidian"
        }
    },
    "result": {
        "item": "minecraft:knowledge_book",
        "count": 1
    }
}