{
    "type": "minecraft:crafting_shaped",
    "pattern": [
        "#G#",
        "LDL",
        "OGO"
    ],
    "key": {
        "#": {
            "item": "minecraft:light_gray_candle"
        },
        "G": {
            "item": "minecraft:gold_block"
        },
        "L": {
            "item": "minecraft:lightning_rod"
        },
        "D": {
            "item": "minecraft:diamond_sword"
        },
        "O": {
            "item": "minecraft:obsidian"
        }
    },
    "result": {
        "item": "minecraft:knowledge_book",
        "count": 1
    }
}