{
    "type": "minecraft:crafting_shaped",
    "pattern": [
        "#L#",
        "BOB",
        " O "
    ],
    "key": {
        "#": {
            "item": "minecraft:diamond"
        },
        "L": {
            "item": "minecraft:light_blue_candle"
        },
        "B": {
            "item": "minecraft:blue_ice"
        },
        "O": {
            "item": "minecraft:obsidian"
        }
    },
    "result": {
        "item": "minecraft:knowledge_book",
        "count": 1
    }
}