{
    "type": "minecraft:crafting_shaped",
    "pattern": [
        "#d#",
        "BDB",
        "#G#"
    ],
    "key": {
        "#": {
            "item": "minecraft:magma_block"
        },
        "d": {
            "item": "minecraft:diamond"
        },
        "B": {
            "item": "minecraft:blaze_powder"
        },
        "D": {
            "item": "minecraft:diamond_sword"
        },
        "G": {
            "item": "minecraft:gunpowder"
        }
    },
    "result": {
        "item": "minecraft:knowledge_book",
        "count": 1
    }
}