{
    "type": "minecraft:crafting_shaped",
    "pattern": [
        " # ",
        "QDQ",
        " G "
    ],
    "key": {
        "#": {
            "item": "minecraft:enchanted_golden_apple"
        },
        "Q": {
            "item": "minecraft:quartz"
        },
        "D": {
            "item": "minecraft:diamond_sword"
        },
        "G": {
            "item": "minecraft:golden_apple"
        }
    },
    "result": {
        "item": "minecraft:knowledge_book",
        "count": 1
    }
}