{
    "type": "minecraft:crafting_shaped",
    "pattern": [
        "#N#",
        "GTG",
        "#N#"
    ],
    "key": {
        "#": {
            "item": "minecraft:seagrass"
        },
        "N": {
            "item": "minecraft:nautilus_shell"
        },
        "G": {
            "item": "minecraft:gold_block"
        },
        "T": {
            "item": "minecraft:trident"
        }
    },
    "result": {
        "item": "minecraft:knowledge_book",
        "count": 1
    }
}