{
    "type": "minecraft:crafting_shaped",
    "pattern": [
        "#P#",
        "iPi",
        "iTi"
    ],
    "key": {
        "#": {
            "item": "minecraft:diamond"
        },
        "P": {
            "item": "minecraft:pufferfish"
        },
        "i": {
            "item": "minecraft:iron_ingot"
        },
        "T": {
            "item": "minecraft:tnt"
        }
    },
    "result": {
        "item": "minecraft:knowledge_book",
        "count": 1
    }
}