{
    "type": "minecraft:crafting_shaped",
    "pattern": [
        "# #",
        "DLD",
        "#E#"
    ],
    "key": {
        "#": {
            "item": "minecraft:feather"
        },
        "D": {
            "item": "minecraft:diamond"
        },
        "L": {
            "item": "minecraft:leather_chestplate"
        },
        "E": {
            "item": "minecraft:elytra"
        }
    },
    "result": {
        "item": "minecraft:knowledge_book",
        "count": 1
    }
}