{
    "type": "minecraft:crafting_shaped",
    "pattern": [
        "#B#",
        "ODO",
        "#B#"
    ],
    "key": {
        "#": {
            "item": "minecraft:disc_fragment_5"
        },
        "B": {
            "item": "minecraft:black_candle"
        },
        "O": {
            "item": "minecraft:obsidian"
        },
        "D": {
            "item": "minecraft:diamond_sword"
        }
    },
    "result": {
        "item": "minecraft:knowledge_book",
        "count": 1
    }
}