{
    "type": "minecraft:crafting_shaped",
    "pattern": [
        "#E#",
        "OCO",
        "#F#"
    ],
    "key": {
        "#": {
            "item": "minecraft:disc_fragment_5"
        },
        "E": {
            "item": "minecraft:echo_shard"
        },
        "O": {
            "item": "minecraft:diamond"
        },
        "C": {
            "item": "minecraft:crossbow"
        },
        "F": {
            "item": "minecraft:firework_star"
        }
    },
    "result": {
        "item": "minecraft:knowledge_book",
        "count": 1
    }
}