{
    "type": "minecraft:crafting_shaped",
    "pattern": [
        "#IF",
        "SDS",
        "FN#"
    ],
    "key": {
        "#": {
            "item": "minecraft:gray_candle"
        },
        "I": {
            "item": "minecraft:iron_block"
        },
        "F": {
            "item": "minecraft:firework_star"
        },
        "S": {
            "item": "minecraft:soul_lantern"
        },
        "D": {
            "item": "minecraft:diamond_sword"
        },
        "N": {
            "item": "minecraft:netherite_scrap"
        }
    },
    "result": {
        "item": "minecraft:knowledge_book",
        "count": 1
    }
}