{
    "type": "minecraft:crafting_shaped",
    "pattern": [
        "#E#",
        "DOD",
        " O "
    ],
    "key": {
        "#": {
            "item": "minecraft:soul_torch"
        },
        "E": {
            "item": "minecraft:ender_eye"
        },
        "D": {
            "item": "minecraft:diamond"
        },
        "O": {
            "item": "minecraft:obsidian"
        }
    },
    "result": {
        "item": "minecraft:knowledge_book",
        "count": 1
    }
}