{
    "type": "minecraft:crafting_shaped",
    "pattern": [
        "#D#",
        "#S#",
        "#T#"
    ],
    "key": {
        "#": {
            "item": "minecraft:redstone_block"
        },
        "D": {
            "item": "minecraft:diamond_sword"
        },
        "S": {
            "item": "minecraft:diamond_pickaxe"
        },
        "T": {
            "item": "minecraft:tnt"
        }
    },
    "result": {
        "item": "minecraft:knowledge_book",
        "count": 1
    }
}