{"texture_size":[64,64],"elements":[{"from":[4,8.5,2.18978],"to":[12,13.5,6.18978],"rotation":{"angle":-22.5,"axis":"x","origin":[8,11.5,4.18978]},"faces":{"north":{"uv":[2.25,0,4.25,1.25],"texture":"#0"},"east":{"uv":[5.5,2,6.25,3.25],"texture":"#0"},"south":{"uv":[2.25,1.25,4.25,2.5],"texture":"#0"},"west":{"uv":[5.5,3.25,6.25,4.5],"texture":"#0"},"up":{"uv":[2,5.25,0,4.5],"texture":"#0"},"down":{"uv":[6.25,4.5,4.25,5.25],"texture":"#0"}}},{"from":[6,6.95337,-1.09932],"to":[10,10.95337,1.90068],"rotation":{"angle":-22.5,"axis":"x","origin":[5,11.20337,-1.09932]},"faces":{"north":{"uv":[2,4.75,3,5.75],"texture":"#0"},"east":{"uv":[6,5.25,6.75,6.25],"texture":"#0"},"south":{"uv":[3,4.75,4,5.75],"texture":"#0"},"west":{"uv":[0,6.25,0.75,7.25],"texture":"#0"},"up":{"uv":[1.75,7,0.75,6.25],"texture":"#0"},"down":{"uv":[7.25,2,6.25,2.75],"texture":"#0"}}},{"from":[5.5,6.45337,-2.09932],"to":[10.5,11.45337,-0.09932],"rotation":{"angle":-22.5,"axis":"x","origin":[5,11.20337,-1.09932]},"faces":{"north":{"uv":[4.25,2,5.5,3.25],"texture":"#0"},"east":{"uv":[3.5,5.75,4,7],"texture":"#0"},"south":{"uv":[4.25,3.25,5.5,4.5],"texture":"#0"},"west":{"uv":[6.25,2.75,6.75,4],"texture":"#0"},"up":{"uv":[5.25,6.75,4,6.25],"texture":"#0"},"down":{"uv":[7.5,4,6.25,4.5],"texture":"#0"}}},{"name":"bandflat","from":[3.5,9.8,4],"to":[12.5,18.8,8],"rotation":{"angle":0,"axis":"y","origin":[8.1,11.54737,4.11171]},"faces":{"north":{"uv":[0,0,2.25,2.25],"texture":"#0"},"east":{"uv":[2.25,2.5,3.25,4.75],"texture":"#0"},"south":{"uv":[0,2.25,2.25,4.5],"texture":"#0"},"west":{"uv":[3.25,2.5,4.25,4.75],"texture":"#0"},"up":{"uv":[6.5,1,4.25,0],"texture":"#0"},"down":{"uv":[6.5,1,4.25,2],"texture":"#0"}}},{"name":"mask","from":[6.5,17.8,8],"to":[9.5,18.8,13],"rotation":{"angle":0,"axis":"y","origin":[8.1,11.54737,4.11171]},"faces":{"north":{"uv":[4,7,4.75,7.25],"texture":"#0"},"east":{"uv":[0.5,7.25,1.75,7.5],"texture":"#0"},"south":{"uv":[7.75,0.25,8.5,0.5],"texture":"#0"},"west":{"uv":[7.75,0,9,0.25],"texture":"#0"},"up":{"uv":[8.5,7,7.75,5.75],"texture":"#0"},"down":{"uv":[7.75,7.75,7,9],"texture":"#0"}}},{"name":"mask","from":[6.5,14.8,12],"to":[9.5,17.8,13],"rotation":{"angle":0,"axis":"y","origin":[8.1,11.54737,4.11171]},"faces":{"north":{"uv":[2.25,7.75,3,8.5],"texture":"#0"},"east":{"uv":[7,5.75,7.25,6.5],"texture":"#0"},"south":{"uv":[3,7.75,3.75,8.5],"texture":"#0"},"west":{"uv":[6.75,7,7,7.75],"texture":"#0"},"up":{"uv":[4.75,7,4,6.75],"texture":"#0"},"down":{"uv":[1.5,7,0.75,7.25],"texture":"#0"}}},{"name":"mask","from":[11.5,12.8,8],"to":[12.5,14.8,13],"rotation":{"angle":0,"axis":"y","origin":[8.1,11.54737,4.11171]},"faces":{"north":{"uv":[1.5,5.25,1.75,5.75],"texture":"#0"},"east":{"uv":[6.75,5.25,8,5.75],"texture":"#0"},"south":{"uv":[1.25,5.75,1.5,6.25],"texture":"#0"},"west":{"uv":[5.5,7.5,6.75,8],"texture":"#0"},"up":{"uv":[2,6.5,1.75,5.25],"texture":"#0"},"down":{"uv":[7,5.75,6.75,7],"texture":"#0"}}},{"name":"mask","from":[3.5,12.8,8],"to":[4.5,14.8,13],"rotation":{"angle":0,"axis":"y","origin":[7.9,11.54737,4.11171]},"faces":{"north":{"uv":[1.75,5.25,1.5,5.75],"texture":"#0"},"east":{"uv":[6.75,7.5,5.5,8],"texture":"#0"},"south":{"uv":[1.5,5.75,1.25,6.25],"texture":"#0"},"west":{"uv":[8,5.25,6.75,5.75],"texture":"#0"},"up":{"uv":[1.75,6.5,2,5.25],"texture":"#0"},"down":{"uv":[6.75,5.75,7,7],"texture":"#0"}}},{"name":"mask","from":[4.5,12.8,12],"to":[11.5,14.8,13],"rotation":{"angle":0,"axis":"y","origin":[8.1,11.54737,4.11171]},"faces":{"north":{"uv":[4,5.25,5.75,5.75],"texture":"#0"},"east":{"uv":[4,4.75,4.25,5.25],"texture":"#0"},"south":{"uv":[4,5.75,5.75,6.25],"texture":"#0"},"west":{"uv":[1.25,5.25,1.5,5.75],"texture":"#0"},"up":{"uv":[8.25,1,6.5,0.75],"texture":"#0"},"down":{"uv":[8.25,1,6.5,1.25],"texture":"#0"}}},{"from":[2.25,13,2.43978],"to":[7.25,18,4.43978],"rotation":{"angle":22.5,"axis":"y","origin":[5.25,15,4.43978]},"faces":{"north":{"uv":[0.5,7.5,1.75,8.75],"texture":"#0"},"east":{"uv":[1.75,7.5,2.25,8.75],"texture":"#0"},"south":{"uv":[7.5,4,8.75,5.25],"texture":"#0"},"west":{"uv":[5,7.5,5.5,8.75],"texture":"#0"},"up":{"uv":[1.25,5.75,0,5.25],"texture":"#0"},"down":{"uv":[1.25,5.75,0,6.25],"texture":"#0"}}},{"from":[8.75,13,2.43978],"to":[13.75,18,4.43978],"rotation":{"angle":-22.5,"axis":"y","origin":[10.75,15,4.43978]},"faces":{"north":{"uv":[0.5,7.5,1.75,8.75],"texture":"#0"},"east":{"uv":[1.75,7.5,2.25,8.75],"texture":"#0"},"south":{"uv":[8.75,4,7.5,5.25],"texture":"#0"},"west":{"uv":[5,7.5,5.5,8.75],"texture":"#0"},"up":{"uv":[0,5.75,1.25,5.25],"texture":"#0"},"down":{"uv":[0,5.75,1.25,6.25],"texture":"#0"}}},{"from":[1.70353,9.81922,0.20817],"to":[4.70353,12.81922,2.20817],"rotation":{"angle":45,"axis":"y","origin":[3.20353,11.31922,3.20817]},"faces":{"north":{"uv":[6.25,4.5,7,5.25],"texture":"#0"},"east":{"uv":[3.5,7,4,7.75],"texture":"#0"},"south":{"uv":[5.25,6.25,6,7],"texture":"#0"},"west":{"uv":[7,4.5,7.5,5.25],"texture":"#0"},"up":{"uv":[5.75,7.5,5,7],"texture":"#0"},"down":{"uv":[6.5,7,5.75,7.5],"texture":"#0"}}},{"from":[2.20353,10.31922,2.20817],"to":[4.20353,12.31922,5.20817],"rotation":{"angle":45,"axis":"y","origin":[3.20353,11.31922,3.20817]},"faces":{"north":{"uv":[7.25,5.75,7.75,6.25],"texture":"#0"},"east":{"uv":[7,1.25,7.75,1.75],"texture":"#0"},"south":{"uv":[7.25,6.25,7.75,6.75],"texture":"#0"},"west":{"uv":[1.75,7,2.5,7.5],"texture":"#0"},"up":{"uv":[3,7.75,2.5,7],"texture":"#0"},"down":{"uv":[3.5,7,3,7.75],"texture":"#0"}}},{"from":[11.29647,9.81922,0.20817],"to":[14.29647,12.81922,2.20817],"rotation":{"angle":-45,"axis":"y","origin":[12.79647,11.31922,3.20817]},"faces":{"north":{"uv":[7,4.5,6.25,5.25],"texture":"#0"},"east":{"uv":[7.5,4.5,7,5.25],"texture":"#0"},"south":{"uv":[6,6.25,5.25,7],"texture":"#0"},"west":{"uv":[4,7,3.5,7.75],"texture":"#0"},"up":{"uv":[5,7.5,5.75,7],"texture":"#0"},"down":{"uv":[5.75,7,6.5,7.5],"texture":"#0"}}},{"from":[11.79647,10.31922,2.20817],"to":[13.79647,12.31922,5.20817],"rotation":{"angle":-45,"axis":"y","origin":[12.79647,11.31922,3.20817]},"faces":{"north":{"uv":[7.75,5.75,7.25,6.25],"texture":"#0"},"east":{"uv":[2.5,7,1.75,7.5],"texture":"#0"},"south":{"uv":[7.75,6.25,7.25,6.75],"texture":"#0"},"west":{"uv":[7.75,1.25,7,1.75],"texture":"#0"},"up":{"uv":[2.5,7.75,3,7],"texture":"#0"},"down":{"uv":[3,7,3.5,7.75],"texture":"#0"}}}],"gui_light":"front","display":{"thirdperson_righthand":{"rotation":[68,10,0],"translation":[0,-2,-4],"scale":[0.6,0.6,0.6]},"thirdperson_lefthand":{"rotation":[68,10,0],"translation":[0,-2,-4],"scale":[0.6,0.6,0.6]},"firstperson_righthand":{"rotation":[0,10,0],"translation":[2.5,-1,0],"scale":[0.6,0.6,0.6]},"firstperson_lefthand":{"rotation":[0,10,0],"translation":[2.5,-1,0],"scale":[0.6,0.6,0.6]},"ground":{"translation":[0,0,1],"scale":[0.6,0.6,0.6]},"gui":{"rotation":[22.5,135,0],"translation":[1.5,-3.5,0],"scale":[0.85,0.85,0.85]},"head":{"translation":[0,-10,-1],"scale":[1.61,1.61,1.61]},"fixed":{"rotation":[-55,0,0],"translation":[0,-2,3],"scale":[1.6,1.6,1.6]}}}