{"texture_size":[128,128],"elements":[{"from":[4,8.5,4],"to":[12,14.5,12],"rotation":{"angle":0,"axis":"y","origin":[0,0.5,0]},"faces":{"north":{"uv":[1.5,3.375,2.5,4.125],"texture":"#0"},"east":{"uv":[3.75,0,4.75,0.75],"texture":"#0"},"south":{"uv":[2.625,4.125,3.625,4.875],"texture":"#0"},"west":{"uv":[3.75,4.125,4.75,4.875],"texture":"#0"},"up":{"uv":[2.5,1,1.5,0],"texture":"#0"},"down":{"uv":[2.5,1.125,1.5,2.125],"texture":"#0"}}},{"from":[7,10,3.75],"to":[9,12,3.75],"rotation":{"angle":0,"axis":"y","origin":[0,0.5,0]},"faces":{"north":{"uv":[1.125,5.125,1.375,5.375],"texture":"#0"},"east":{"uv":[6.75,2.25,6.75,2.5],"texture":"#0"},"south":{"uv":[6.375,4.125,6.625,4.375],"texture":"#0"},"west":{"uv":[6.75,2.625,6.75,2.875],"texture":"#0"},"up":{"uv":[4.5,5.75,4.25,5.75],"texture":"#0"},"down":{"uv":[0.25,5.875,0,5.875],"texture":"#0"}}},{"from":[6,9.5,12],"to":[10,12.5,15],"rotation":{"angle":0,"axis":"y","origin":[8,9.5,12]},"faces":{"north":{"uv":[0.5,5.125,1,5.5],"texture":"#0"},"east":{"uv":[2.5,6,2.875,6.375],"texture":"#0"},"south":{"uv":[4.75,5.375,5.25,5.75],"texture":"#0"},"west":{"uv":[3,6.125,3.375,6.5],"texture":"#0"},"up":{"uv":[5.875,5.75,5.375,5.375],"texture":"#0"},"down":{"uv":[1.625,5.5,1.125,5.875],"texture":"#0"}}},{"from":[8,8.5,14],"to":[8,14.5,18],"rotation":{"angle":0,"axis":"y","origin":[8,11.5,16]},"faces":{"north":{"uv":[3.25,6.75,3.25,7.5],"texture":"#0"},"east":{"uv":[3,5,3.5,5.75],"texture":"#0"},"south":{"uv":[3.375,6.75,3.375,7.5],"texture":"#0"},"west":{"uv":[3.625,5,4.125,5.75],"texture":"#0"},"up":{"uv":[3.5,7.25,3.5,6.75],"texture":"#0"},"down":{"uv":[3.625,6.75,3.625,7.25],"texture":"#0"}}},{"from":[2.01176,9.5,8.30003],"to":[2.01176,14.5,11.30003],"rotation":{"angle":-22.5,"axis":"y","origin":[2.01176,12,9.80003]},"faces":{"north":{"uv":[3.75,6.75,3.75,7.375],"texture":"#0"},"east":{"uv":[1.5,4.25,1.875,4.875],"texture":"#0"},"south":{"uv":[3.875,6.75,3.875,7.375],"texture":"#0"},"west":{"uv":[2,4.25,2.375,4.875],"texture":"#0"},"up":{"uv":[4,7.125,4,6.75],"texture":"#0"},"down":{"uv":[4.125,6.75,4.125,7.125],"texture":"#0"}}},{"from":[2,9.5,7],"to":[4,13.5,7],"rotation":{"angle":45,"axis":"y","origin":[4,11.5,7]},"faces":{"north":{"uv":[6.375,0.5,6.625,1],"texture":"#0"},"east":{"uv":[4.25,6.75,4.25,7.25],"texture":"#0"},"south":{"uv":[6.375,1.125,6.625,1.625],"texture":"#0"},"west":{"uv":[4.375,6.75,4.375,7.25],"texture":"#0"},"up":{"uv":[7,4.125,6.75,4.125],"texture":"#0"},"down":{"uv":[7,4.25,6.75,4.25],"texture":"#0"}}},{"from":[13.98731,9.5,8.30042],"to":[13.98731,14.5,11.30042],"rotation":{"angle":22.5,"axis":"y","origin":[13.98731,12,9.80042]},"faces":{"north":{"uv":[4.5,6.75,4.5,7.375],"texture":"#0"},"east":{"uv":[4.25,5,4.625,5.625],"texture":"#0"},"south":{"uv":[4.625,6.75,4.625,7.375],"texture":"#0"},"west":{"uv":[0,5.125,0.375,5.75],"texture":"#0"},"up":{"uv":[5.25,7.125,5.25,6.75],"texture":"#0"},"down":{"uv":[5.375,6.75,5.375,7.125],"texture":"#0"}}},{"from":[12,9.5,7],"to":[14,13.5,7],"rotation":{"angle":-45,"axis":"y","origin":[12,11.5,7]},"faces":{"north":{"uv":[6.375,1.75,6.625,2.25],"texture":"#0"},"east":{"uv":[5.5,6.75,5.5,7.25],"texture":"#0"},"south":{"uv":[6.375,2.375,6.625,2.875],"texture":"#0"},"west":{"uv":[5.625,6.75,5.625,7.25],"texture":"#0"},"up":{"uv":[7,4.375,6.75,4.375],"texture":"#0"},"down":{"uv":[6,6.75,5.75,6.75],"texture":"#0"}}},{"from":[8,11.5,5],"to":[8,19.5,13],"rotation":{"angle":22.5,"axis":"x","origin":[8,14.5,5]},"faces":{"north":{"uv":[6.125,6.75,6.125,7.75],"texture":"#0"},"east":{"uv":[1.5,2.25,2.5,3.25],"texture":"#0"},"south":{"uv":[6.25,6.75,6.25,7.75],"texture":"#0"},"west":{"uv":[2.625,0,3.625,1],"texture":"#0"},"up":{"uv":[6.375,7.75,6.375,6.75],"texture":"#0"},"down":{"uv":[6.5,6.75,6.5,7.75],"texture":"#0"}}},{"from":[9.55,9.5,3],"to":[12.55,12.5,6],"rotation":{"angle":-22.5,"axis":"y","origin":[11.5,12,4.5]},"faces":{"north":{"uv":[3.5,6.125,3.875,6.5],"texture":"#0"},"east":{"uv":[4,6.125,4.375,6.5],"texture":"#0"},"south":{"uv":[4.5,6.125,4.875,6.5],"texture":"#0"},"west":{"uv":[5,6.125,5.375,6.5],"texture":"#0"},"up":{"uv":[5.875,6.5,5.5,6.125],"texture":"#0"},"down":{"uv":[6.375,6.125,6,6.5],"texture":"#0"}}},{"from":[10,11,2.75],"to":[11,12,2.75],"rotation":{"angle":-22.5,"axis":"y","origin":[11.5,12,4.5]},"faces":{"north":{"uv":[3.75,0.875,3.875,1],"texture":"#0"},"east":{"uv":[0.125,6.875,0.125,7],"texture":"#0"},"south":{"uv":[4,0.875,4.125,1],"texture":"#0"},"west":{"uv":[6.875,0.125,6.875,0.25],"texture":"#0"},"up":{"uv":[0.375,6.875,0.25,6.875],"texture":"#0"},"down":{"uv":[7,0.375,6.875,0.375],"texture":"#0"}}},{"from":[3.45,9.5,3],"to":[6.45,12.5,6],"rotation":{"angle":22.5,"axis":"y","origin":[4.5,12,4.5]},"faces":{"north":{"uv":[0,6.25,0.375,6.625],"texture":"#0"},"east":{"uv":[0.5,6.25,0.875,6.625],"texture":"#0"},"south":{"uv":[1,6.25,1.375,6.625],"texture":"#0"},"west":{"uv":[1.5,6.25,1.875,6.625],"texture":"#0"},"up":{"uv":[2.375,6.625,2,6.25],"texture":"#0"},"down":{"uv":[6.75,0,6.375,0.375],"texture":"#0"}}},{"from":[5,11,2.75],"to":[6,12,2.75],"rotation":{"angle":22.5,"axis":"y","origin":[4.5,12,4.5]},"faces":{"north":{"uv":[4.25,0.875,4.375,1],"texture":"#0"},"east":{"uv":[6.875,1.25,6.875,1.375],"texture":"#0"},"south":{"uv":[4.5,0.875,4.625,1],"texture":"#0"},"west":{"uv":[1.375,6.875,1.375,7],"texture":"#0"},"up":{"uv":[7,1.5,6.875,1.5],"texture":"#0"},"down":{"uv":[1.875,6.875,1.75,6.875],"texture":"#0"}}}],"display":{"thirdperson_righthand":{"rotation":[68,10,0],"translation":[-0.25,-0.25,-5],"scale":[0.8,0.8,0.8]},"thirdperson_lefthand":{"rotation":[68,10,0],"translation":[-0.25,-0.25,-5],"scale":[0.8,0.8,0.8]},"firstperson_righthand":{"rotation":[0,10,0],"translation":[-0.5,1,0.5],"scale":[0.5,0.5,0.5]},"firstperson_lefthand":{"rotation":[0,10,0],"translation":[-0.5,1,0.5],"scale":[0.5,0.5,0.5]},"ground":{"translation":[0,-0.5,0],"scale":[0.7,0.7,0.67]},"gui":{"rotation":[22.5,135,0],"translation":[-0.25,-4,0]},"head":{"translation":[0,3,0],"scale":[1.83,1.74,1.83]},"fixed":{"rotation":[-90,0,0],"translation":[0,-3.5,1],"scale":[1.8,1.8,1.8]}}}