{"texture_size":[32,32],"elements":[{"from":[2,0,3],"to":[14,10,13],"rotation":{"angle":0,"axis":"y","origin":[7,0,7]},"faces":{"north":{"uv":[0,0,6,5],"texture":"#0"},"east":{"uv":[5,10,0,15],"texture":"#0"},"south":{"uv":[0,5,6,10],"texture":"#0"},"west":{"uv":[0,10,5,15],"texture":"#0"},"up":{"uv":[12,5,6,0],"texture":"#0"},"down":{"uv":[14,10,8,15],"texture":"#0"}}},{"name":"cube inverted","from":[14,10,13],"to":[2,0,3],"rotation":{"angle":0,"axis":"y","origin":[7,0,7]},"faces":{"north":{"uv":[0,10,6,5],"texture":"#0"},"east":{"uv":[0,15,5,10],"texture":"#0"},"south":{"uv":[0,5,6,0],"texture":"#0"},"west":{"uv":[5,15,0,10],"texture":"#0"},"up":{"uv":[8,10,14,15],"texture":"#0"},"down":{"uv":[6,5,12,0],"texture":"#0"}}},{"from":[-2.96677,-2.67971,3],"to":[3.03323,-1.67971,13],"rotation":{"angle":22.5,"axis":"z","origin":[-4.46677,-2.67971,7]},"faces":{"north":{"uv":[6.5,7,9.5,7.5],"texture":"#0"},"east":{"uv":[6.5,7.5,11.5,8],"texture":"#0"},"south":{"uv":[9.5,7,6.5,7.5],"texture":"#0"},"west":{"uv":[6.5,6.5,11.5,7],"texture":"#0"},"up":{"uv":[5,10,8,15],"texture":"#0"},"down":{"uv":[5,15,8,10],"texture":"#0"}}},{"from":[12.96677,-2.67971,3],"to":[18.96677,-1.67971,13],"rotation":{"angle":-22.5,"axis":"z","origin":[20.46677,-2.67971,7]},"faces":{"north":{"uv":[9.5,7,6.5,7.5],"texture":"#0"},"east":{"uv":[11.5,6.5,6.5,7],"texture":"#0"},"south":{"uv":[6.5,7,9.5,7.5],"texture":"#0"},"west":{"uv":[11.5,7.5,6.5,8],"texture":"#0"},"up":{"uv":[8,10,5,15],"texture":"#0"},"down":{"uv":[8,15,5,10],"texture":"#0"}}},{"name":"cube inverted","from":[6,5,4],"to":[4,3,3],"faces":{"north":{"uv":[7,6,8,5],"texture":"#0"},"east":{"uv":[6,8,6.5,7],"texture":"#0"},"south":{"uv":[6,6,7,5],"texture":"#0"},"west":{"uv":[6,7,6.5,6],"texture":"#0"},"up":{"uv":[7.5,6,8.5,6.5],"texture":"#0"},"down":{"uv":[6.5,6.5,7.5,6],"texture":"#0"}}},{"name":"cube inverted","from":[12,5,4],"to":[10,3,3],"faces":{"north":{"uv":[7,6,8,5],"texture":"#0"},"east":{"uv":[6,8,6.5,7],"texture":"#0"},"south":{"uv":[6,6,7,5],"texture":"#0"},"west":{"uv":[6,7,6.5,6],"texture":"#0"},"up":{"uv":[7.5,6,8.5,6.5],"texture":"#0"},"down":{"uv":[6.5,6.5,7.5,6],"texture":"#0"}}}],"gui_light":"front","display":{"thirdperson_righthand":{"rotation":[68,0,0],"scale":[0.55,0.55,0.55]},"thirdperson_lefthand":{"rotation":[68,0,0],"scale":[0.55,0.55,0.55]},"firstperson_righthand":{"translation":[0,4.5,0],"scale":[0.4,0.4,0.4]},"firstperson_lefthand":{"translation":[0,4.5,0],"scale":[0.4,0.4,0.4]},"ground":{"translation":[0,4,0],"scale":[0.6,0.6,0.6]},"gui":{"rotation":[22.5,135,0],"translation":[0,2.75,0],"scale":[0.66,0.66,0.66]},"head":{"rotation":[0,0,4],"translation":[-0.75,4.75,0],"scale":[1.61,1.61,1.61]},"fixed":{"rotation":[90,0,0],"translation":[0,0,-3.25],"scale":[1.7,1.7,1.7]}}}