{"texture_size":[64,64],"elements":[{"from":[2.75,2.60895,4.67493],"to":[5.75,6.60895,7.67493],"rotation":{"angle":-22.5,"axis":"z","origin":[4,4.60895,5.42493]},"faces":{"north":{"uv":[5.25,8.5,6,9.5],"texture":"#0"},"east":{"uv":[6,8.5,6.75,9.5],"texture":"#0"},"south":{"uv":[6.75,8.5,7.5,9.5],"texture":"#0"},"west":{"uv":[7.5,8.5,8.25,9.5],"texture":"#0"},"up":{"uv":[9.5,1.75,8.75,1],"texture":"#0"},"down":{"uv":[9.75,8.5,9,9.25],"texture":"#0"}}},{"from":[3,1.60895,8.17493],"to":[6,5.60895,11.17493],"rotation":{"angle":-22.5,"axis":"z","origin":[4.25,4.60895,4.92493]},"faces":{"north":{"uv":[8.25,8.5,9,9.5],"texture":"#0"},"east":{"uv":[0,8.75,0.75,9.75],"texture":"#0"},"south":{"uv":[8.75,0,9.5,1],"texture":"#0"},"west":{"uv":[0.75,8.75,1.5,9.75],"texture":"#0"},"up":{"uv":[4.5,10,3.75,9.25],"texture":"#0"},"down":{"uv":[10,4,9.25,4.75],"texture":"#0"}}},{"from":[3.25,-1.39105,12.17493],"to":[6.25,2.60895,15.17493],"rotation":{"angle":-22.5,"axis":"x","origin":[4.5,1.60895,8.92493]},"faces":{"north":{"uv":[1.5,8.75,2.25,9.75],"texture":"#0"},"east":{"uv":[2.25,8.75,3,9.75],"texture":"#0"},"south":{"uv":[3,8.75,3.75,9.75],"texture":"#0"},"west":{"uv":[9,6.25,9.75,7.25],"texture":"#0"},"up":{"uv":[5.25,10,4.5,9.25],"texture":"#0"},"down":{"uv":[10,4.75,9.25,5.5],"texture":"#0"}}},{"from":[9.75,-1.39105,12.17493],"to":[12.75,2.60895,15.17493],"rotation":{"angle":-22.5,"axis":"x","origin":[11.5,1.60895,8.92493]},"faces":{"north":{"uv":[2.25,8.75,1.5,9.75],"texture":"#0"},"east":{"uv":[9.75,6.25,9,7.25],"texture":"#0"},"south":{"uv":[3.75,8.75,3,9.75],"texture":"#0"},"west":{"uv":[3,8.75,2.25,9.75],"texture":"#0"},"up":{"uv":[4.5,10,5.25,9.25],"texture":"#0"},"down":{"uv":[9.25,4.75,10,5.5],"texture":"#0"}}},{"from":[10.25,2.60895,4.67493],"to":[13.25,6.60895,7.67493],"rotation":{"angle":22.5,"axis":"z","origin":[12,4.60895,5.42493]},"faces":{"north":{"uv":[6,8.5,5.25,9.5],"texture":"#0"},"east":{"uv":[8.25,8.5,7.5,9.5],"texture":"#0"},"south":{"uv":[7.5,8.5,6.75,9.5],"texture":"#0"},"west":{"uv":[6.75,8.5,6,9.5],"texture":"#0"},"up":{"uv":[8.75,1.75,9.5,1],"texture":"#0"},"down":{"uv":[9,8.5,9.75,9.25],"texture":"#0"}}},{"from":[10,1.60895,8.17493],"to":[13,5.60895,11.17493],"rotation":{"angle":22.5,"axis":"z","origin":[11.75,4.60895,4.92493]},"faces":{"north":{"uv":[9,8.5,8.25,9.5],"texture":"#0"},"east":{"uv":[1.5,8.75,0.75,9.75],"texture":"#0"},"south":{"uv":[9.5,0,8.75,1],"texture":"#0"},"west":{"uv":[0.75,8.75,0,9.75],"texture":"#0"},"up":{"uv":[3.75,10,4.5,9.25],"texture":"#0"},"down":{"uv":[9.25,4,10,4.75],"texture":"#0"}}},{"from":[2.5,6,7],"to":[13.5,12,15],"rotation":{"angle":22.5,"axis":"x","origin":[8,5.5,8.5]},"faces":{"north":{"uv":[5.5,5,8.25,6.5],"texture":"#0"},"east":{"uv":[0,6.5,2,8],"texture":"#0"},"south":{"uv":[5.5,5,8.25,6.5],"texture":"#0"},"west":{"uv":[2,6.5,0,8],"texture":"#0"},"up":{"uv":[2.75,4.75,0,2.75],"texture":"#0"},"down":{"uv":[5.5,2.75,2.75,4.75],"texture":"#0"}}},{"from":[3,4.5,3.5],"to":[13,11.5,14.5],"rotation":{"angle":22.5,"axis":"x","origin":[8,5.5,8.5]},"faces":{"north":{"uv":[5,0,7.5,1.75],"texture":"#0","tintindex":0},"east":{"uv":[5.5,4.75,2.75,6.5],"texture":"#0","tintindex":0},"south":{"uv":[5.5,1.75,8,3.5],"texture":"#0","tintindex":0},"west":{"uv":[2.75,4.75,5.5,6.5],"texture":"#0","tintindex":0},"up":{"uv":[2.5,2.75,0,0],"texture":"#0","tintindex":0},"down":{"uv":[5,0,2.5,2.75],"texture":"#0","tintindex":0}}},{"from":[1.25,3.84776,7.01537],"to":[2.25,10.84776,12.01537],"rotation":{"angle":-22.5,"axis":"z","origin":[1.25,7.84776,9.51537]},"faces":{"north":{"uv":[9,9.25,9.25,11],"texture":"#0"},"east":{"uv":[7.5,0,8.75,1.75],"texture":"#0"},"south":{"uv":[9.25,9.25,9.5,11],"texture":"#0"},"west":{"uv":[4,7.5,5.25,9.25],"texture":"#0"},"up":{"uv":[4,9.25,3.75,8],"texture":"#0"},"down":{"uv":[9.5,7.25,9.25,8.5],"texture":"#0"}}},{"from":[1.25,3.84776,7.01537],"to":[2.25,10.84776,12.01537],"rotation":{"angle":-22.5,"axis":"z","origin":[1.25,7.84776,9.51537]},"faces":{"north":{"uv":[2,5,2.25,6.75],"texture":"#0","tintindex":0},"east":{"uv":[2.5,6.5,3.75,8.25],"texture":"#0","tintindex":0},"south":{"uv":[2.25,5,2.5,6.75],"texture":"#0","tintindex":0},"west":{"uv":[9.5,0,10.75,1.75],"texture":"#0","tintindex":0},"up":{"uv":[1,6.25,0.75,5],"texture":"#0","tintindex":0},"down":{"uv":[1.25,5,1,6.25],"texture":"#0","tintindex":0}}},{"from":[13.75,3.84776,7.01537],"to":[14.75,10.84776,12.01537],"rotation":{"angle":22.5,"axis":"z","origin":[14.75,7.84776,9.51537]},"faces":{"north":{"uv":[2.25,5,2,6.75],"texture":"#0","tintindex":0},"east":{"uv":[10.75,0,9.5,1.75],"texture":"#0","tintindex":0},"south":{"uv":[2.5,5,2.25,6.75],"texture":"#0","tintindex":0},"west":{"uv":[3.75,6.5,2.5,8.25],"texture":"#0","tintindex":0},"up":{"uv":[0.75,6.25,1,5],"texture":"#0","tintindex":0},"down":{"uv":[1,5,1.25,6.25],"texture":"#0","tintindex":0}}},{"from":[1.25,2.84776,7.01537],"to":[2.25,3.84776,12.01537],"rotation":{"angle":-22.5,"axis":"z","origin":[1.25,7.84776,9.51537]},"faces":{"north":{"uv":[0.25,5,0.5,5.25],"texture":"#0"},"east":{"uv":[0,4.75,1.25,5],"texture":"#0"},"south":{"uv":[0.5,5,0.75,5.25],"texture":"#0"},"west":{"uv":[1.25,4.75,2.5,5],"texture":"#0"},"up":{"uv":[2.75,6,2.5,4.75],"texture":"#0"},"down":{"uv":[0.25,5,0,6.25],"texture":"#0"}}},{"from":[1.25,2.84776,12.01537],"to":[2.25,3.84776,7.01537],"rotation":{"angle":-22.5,"axis":"z","origin":[1.25,7.84776,9.51537]},"faces":{"north":{"uv":[0.25,5,0.5,5.25],"texture":"#0"},"east":{"uv":[0,4.75,1.25,5],"texture":"#0"},"south":{"uv":[0.5,5,0.75,5.25],"texture":"#0"},"west":{"uv":[2.5,4.75,1.25,5],"texture":"#0"},"up":{"uv":[2.75,6,2.5,4.75],"texture":"#0"},"down":{"uv":[0.25,5,0,6.25],"texture":"#0"}}},{"from":[13.75,3.84776,7.01537],"to":[14.75,10.84776,12.01537],"rotation":{"angle":22.5,"axis":"z","origin":[14.75,7.84776,9.51537]},"faces":{"north":{"uv":[9.25,9.25,9,11],"texture":"#0"},"east":{"uv":[5.25,7.5,4,9.25],"texture":"#0"},"south":{"uv":[9.5,9.25,9.25,11],"texture":"#0"},"west":{"uv":[8.75,0,7.5,1.75],"texture":"#0"},"up":{"uv":[3.75,9.25,4,8],"texture":"#0"},"down":{"uv":[9.25,7.25,9.5,8.5],"texture":"#0"}}},{"from":[13.75,2.84776,7.01537],"to":[14.75,3.84776,12.01537],"rotation":{"angle":22.5,"axis":"z","origin":[14.75,7.84776,9.51537]},"faces":{"north":{"uv":[0.5,5,0.25,5.25],"texture":"#0"},"east":{"uv":[2.5,4.75,1.25,5],"texture":"#0"},"south":{"uv":[0.75,5,0.5,5.25],"texture":"#0"},"west":{"uv":[1.25,4.75,0,5],"texture":"#0"},"up":{"uv":[2.5,6,2.75,4.75],"texture":"#0"},"down":{"uv":[0,5,0.25,6.25],"texture":"#0"}}},{"from":[13.75,2.84776,12.01537],"to":[14.75,3.84776,7.01537],"rotation":{"angle":22.5,"axis":"z","origin":[14.75,7.84776,9.51537]},"faces":{"north":{"uv":[0.5,5,0.25,5.25],"texture":"#0"},"east":{"uv":[1.25,4.75,2.5,5],"texture":"#0"},"south":{"uv":[0.75,5,0.5,5.25],"texture":"#0"},"west":{"uv":[1.25,4.75,0,5],"texture":"#0"},"up":{"uv":[2.5,6,2.75,4.75],"texture":"#0"},"down":{"uv":[0,5,0.25,6.25],"texture":"#0"}}},{"from":[3,4.5,-0.5],"to":[13,7.5,3.5],"rotation":{"angle":22.5,"axis":"x","origin":[8,5.5,8.5]},"faces":{"north":{"uv":[0,8,2.5,8.75],"texture":"#0"},"east":{"uv":[9.25,4,8.25,4.75],"texture":"#0"},"south":{"uv":[8,1.75,10.5,2.5],"texture":"#0"},"west":{"uv":[8.25,4,9.25,4.75],"texture":"#0"},"up":{"uv":[6.5,7.5,4,6.5],"texture":"#0"},"down":{"uv":[9,6.5,6.5,7.5],"texture":"#0"}}},{"from":[4,7.5,-0.5],"to":[12,10.5,3.5],"rotation":{"angle":22.5,"axis":"x","origin":[8,5.5,8.5]},"faces":{"north":{"uv":[8,2.5,10,3.25],"texture":"#0"},"east":{"uv":[9.25,5.5,8.25,6.25],"texture":"#0"},"south":{"uv":[8.25,3.25,10.25,4],"texture":"#0"},"west":{"uv":[8.25,5.5,9.25,6.25],"texture":"#0"},"up":{"uv":[7.25,8.5,5.25,7.5],"texture":"#0"},"down":{"uv":[9.25,7.5,7.25,8.5],"texture":"#0"}}},{"from":[3.01,0.98954,2.49792],"to":[3.01,6.98954,3.49792],"rotation":{"angle":0,"axis":"y","origin":[3,4.98954,2.49792]},"faces":{"north":{"uv":[0,0,0,1.5],"texture":"#0"},"east":{"uv":[5.25,9.5,5.5,11],"texture":"#0"},"south":{"uv":[0,0,0,1.5],"texture":"#0"},"west":{"uv":[5.25,9.5,5.5,11],"texture":"#0"},"up":{"uv":[0,0.25,0,0],"texture":"#0"},"down":{"uv":[0,0,0,0.25],"texture":"#0"}}},{"from":[12.99,0.98954,2.49792],"to":[12.99,6.98954,3.49792],"rotation":{"angle":0,"axis":"y","origin":[13,4.98954,2.49792]},"faces":{"north":{"uv":[0,0,0,1.5],"texture":"#0"},"east":{"uv":[5.5,9.5,5.25,11],"texture":"#0"},"south":{"uv":[0,0,0,1.5],"texture":"#0"},"west":{"uv":[5.5,9.5,5.25,11],"texture":"#0"},"up":{"uv":[0,0.25,0,0],"texture":"#0"},"down":{"uv":[0,0,0,0.25],"texture":"#0"}}}],"gui_light":"front","display":{"thirdperson_righthand":{"rotation":[48,15,0],"translation":[-0.5,0,-2.5],"scale":[0.55,0.55,0.55]},"thirdperson_lefthand":{"rotation":[48,15,0],"translation":[-0.5,0,-2.5],"scale":[0.55,0.55,0.55]},"firstperson_righthand":{"translation":[0,3,0],"scale":[0.4,0.4,0.4]},"firstperson_lefthand":{"translation":[0,3,0],"scale":[0.4,0.4,0.4]},"ground":{"translation":[0,3,0],"scale":[0.6,0.6,0.6]},"gui":{"rotation":[22.5,135,0],"translation":[-0.25,0.75,0],"scale":[0.77,0.77,0.77]},"head":{"translation":[0,9,-0.5],"scale":[1.61,1.61,1.61]}}}