{"display":{"thirdperson_righthand":{"rotation":[60,0,0],"translation":[0,2,-1],"scale":[0.35,0.35,0.35]},"thirdperson_lefthand":{"rotation":[60,0,0],"translation":[0,2,-1],"scale":[0.35,0.35,0.35]},"firstperson_righthand":{"rotation":[0,-5,0],"translation":[0,2,0],"scale":[0.3,0.3,0.3]},"firstperson_lefthand":{"rotation":[0,-5,0],"translation":[0,2,0],"scale":[0.3,0.3,0.3]},"ground":{"translation":[0,3,0],"scale":[0.4,0.4,0.4]},"gui":{"rotation":[22.5,150,0],"translation":[-0.75,-1,0],"scale":[0.42,0.42,0.42]},"fixed":{"rotation":[-90,0,0],"translation":[0,0,-11.25],"scale":[1.4,1.4,1.4]}},"texture_size":[64,64],"textures":{"0":"civilization:item/wearable/giant_warden_head","particle":"civilization:item/wearable/giant_warden_head"},"elements":[{"from":[-1,0,-1],"to":[17,17,17],"faces":{"north":{"uv":[8.5,0,13,4.25],"texture":"#0"},"east":{"uv":[9.5,4.5,14,8.75],"texture":"#0"},"south":{"uv":[9.5,9,14,13.25],"texture":"#0"},"west":{"uv":[0,10.5,4.5,14.75],"texture":"#0"},"up":{"uv":[4.5,10.25,0,5.75],"texture":"#0"},"down":{"uv":[9.25,5.75,4.75,10.25],"texture":"#0"}}},{"from":[-16,2,9],"to":[0,24,9],"rotation":{"angle":22.5,"axis":"y","origin":[-8,13,8]},"faces":{"north":{"uv":[0,0,4,5.5],"texture":"#0"},"east":{"uv":[4.75,10.5,4.75,16],"texture":"#0"},"south":{"uv":[4.25,0,8.25,5.5],"texture":"#0"},"west":{"uv":[5,10.5,5,16],"texture":"#0"},"up":{"uv":[9.25,10.5,5.25,10.5],"texture":"#0"},"down":{"uv":[9.25,10.75,5.25,10.75],"texture":"#0"}}},{"from":[16,2,9],"to":[32,24,9],"rotation":{"angle":-22.5,"axis":"y","origin":[24,13,8]},"faces":{"north":{"uv":[4,0,0,5.5],"texture":"#0"},"east":{"uv":[5,10.5,5,16],"texture":"#0"},"south":{"uv":[8.25,0,4.25,5.5],"texture":"#0"},"west":{"uv":[4.75,10.5,4.75,16],"texture":"#0"},"up":{"uv":[5.25,10.5,9.25,10.5],"texture":"#0"},"down":{"uv":[5.25,10.75,9.25,10.75],"texture":"#0"}}},{"from":[2,8,-2],"to":[14,9,-1],"faces":{"north":{"uv":[4.75,10.5,7.75,10.75],"texture":"#0"},"east":{"uv":[7.75,10.75,8,11],"texture":"#0"},"south":{"uv":[4.75,11.25,7.75,11.5],"texture":"#0"},"west":{"uv":[7.75,10.5,8,10.75],"texture":"#0"},"up":{"uv":[4.75,11,7.75,11.25],"texture":"#0"},"down":{"uv":[4.75,10.75,7.75,11],"texture":"#0"}}},{"from":[10,1,-2],"to":[14,2,-1],"faces":{"north":{"uv":[4.75,14.25,5.75,14.5],"texture":"#0"},"east":{"uv":[5.75,13.75,6,14],"texture":"#0"},"south":{"uv":[4.75,14,5.75,14.25],"texture":"#0"},"west":{"uv":[5.75,13.5,6,13.75],"texture":"#0"},"up":{"uv":[4.75,13.5,5.75,13.75],"texture":"#0"},"down":{"uv":[4.75,13.75,5.75,14],"texture":"#0"}}},{"from":[2,1,-2],"to":[6,2,-1],"faces":{"north":{"uv":[8.25,13.25,9.25,13.5],"texture":"#0"},"east":{"uv":[9.25,13.75,9.5,14],"texture":"#0"},"south":{"uv":[8.25,14,9.25,14.25],"texture":"#0"},"west":{"uv":[9.25,13.5,9.5,13.75],"texture":"#0"},"up":{"uv":[8.25,13.75,9.25,14],"texture":"#0"},"down":{"uv":[8.25,13.5,9.25,13.75],"texture":"#0"}}},{"from":[6,2,-2],"to":[10,3,-1],"faces":{"north":{"uv":[6.5,13.5,7.5,13.75],"texture":"#0"},"east":{"uv":[7.5,13.75,7.75,14],"texture":"#0"},"south":{"uv":[6.5,14.25,7.5,14.5],"texture":"#0"},"west":{"uv":[7.5,13.5,7.75,13.75],"texture":"#0"},"up":{"uv":[6.5,14,7.5,14.25],"texture":"#0"},"down":{"uv":[6.5,13.75,7.5,14],"texture":"#0"}}},{"from":[1,2,-2],"to":[2,3,-1],"faces":{"north":{"uv":[9,10.5,9.25,10.75],"texture":"#0"},"east":{"uv":[9,11.75,9.25,12],"texture":"#0"},"south":{"uv":[9,11.5,9.25,11.75],"texture":"#0"},"west":{"uv":[9,11.25,9.25,11.5],"texture":"#0"},"up":{"uv":[9,11,9.25,11.25],"texture":"#0"},"down":{"uv":[9,10.75,9.25,11],"texture":"#0"}}},{"from":[1,7,-2],"to":[2,8,-1],"faces":{"north":{"uv":[4.75,12.25,5,12.5],"texture":"#0"},"east":{"uv":[6,12.25,6.25,12.5],"texture":"#0"},"south":{"uv":[5.75,12.25,6,12.5],"texture":"#0"},"west":{"uv":[5.5,12.25,5.75,12.5],"texture":"#0"},"up":{"uv":[5.25,12.25,5.5,12.5],"texture":"#0"},"down":{"uv":[5,12.25,5.25,12.5],"texture":"#0"}}},{"from":[0,3,-2],"to":[1,7,-1],"faces":{"north":{"uv":[7.25,11.75,7.5,12.75],"texture":"#0"},"east":{"uv":[8,11.75,8.25,12.75],"texture":"#0"},"south":{"uv":[7.75,11.75,8,12.75],"texture":"#0"},"west":{"uv":[7.5,11.75,7.75,12.75],"texture":"#0"},"up":{"uv":[8,11.5,8.25,11.75],"texture":"#0"},"down":{"uv":[7.75,11.5,8,11.75],"texture":"#0"}}},{"from":[14,7,-2],"to":[15,8,-1],"rotation":{"angle":0,"axis":"y","origin":[16,0,0]},"faces":{"north":{"uv":[6.25,12.5,6,12.75],"texture":"#0"},"east":{"uv":[6,12.5,5.75,12.75],"texture":"#0"},"south":{"uv":[5.75,12.5,5.5,12.75],"texture":"#0"},"west":{"uv":[5,12.5,4.75,12.75],"texture":"#0"},"up":{"uv":[5.5,12.5,5.25,12.75],"texture":"#0"},"down":{"uv":[5.25,12.5,5,12.75],"texture":"#0"}}},{"from":[15,3,-2],"to":[16,7,-1],"rotation":{"angle":0,"axis":"y","origin":[16,0,0]},"faces":{"north":{"uv":[12.25,13.5,12,14.5],"texture":"#0"},"east":{"uv":[13,13.5,12.75,14.5],"texture":"#0"},"south":{"uv":[12.75,13.5,12.5,14.5],"texture":"#0"},"west":{"uv":[12.5,13.5,12.25,14.5],"texture":"#0"},"up":{"uv":[12.5,14.5,12.25,14.75],"texture":"#0"},"down":{"uv":[12.25,14.5,12,14.75],"texture":"#0"}}},{"from":[14,2,-2],"to":[15,3,-1],"rotation":{"angle":0,"axis":"y","origin":[16,0,0]},"faces":{"north":{"uv":[9,10.5,8.75,10.75],"texture":"#0"},"east":{"uv":[9,11.75,8.75,12],"texture":"#0"},"south":{"uv":[9,11.5,8.75,11.75],"texture":"#0"},"west":{"uv":[9,11.25,8.75,11.5],"texture":"#0"},"up":{"uv":[9,11,8.75,11.25],"texture":"#0"},"down":{"uv":[9,10.75,8.75,11],"texture":"#0"}}}]}