{"texture_size":[64,64],"elements":[{"from":[-2.625,6.55178,5],"to":[2.375,8.55178,7],"rotation":{"angle":22.5,"axis":"z","origin":[1.5,6.17678,6]},"faces":{"north":{"uv":[6.5,1,7.75,1.5],"texture":"#0"},"east":{"uv":[1.5,6,2,6.5],"texture":"#0"},"south":{"uv":[1.5,6.5,2.75,7],"texture":"#0"},"west":{"uv":[6.5,4.75,7,5.25],"texture":"#0"},"up":{"uv":[7.75,2,6.5,1.5],"texture":"#0"},"down":{"uv":[4,6.5,2.75,7],"texture":"#0"}}},{"from":[2.325,6.50178,4.95],"to":[3.425,8.60178,7.05],"rotation":{"angle":22.5,"axis":"z","origin":[1.5,6.17678,6]},"faces":{"north":{"uv":[1.5,7,1.75,7.5],"texture":"#0"},"east":{"uv":[5.5,6.5,6,7],"texture":"#0"},"south":{"uv":[1.75,7,2,7.5],"texture":"#0"},"west":{"uv":[6,6.5,6.5,7],"texture":"#0"},"up":{"uv":[2.25,7.5,2,7],"texture":"#0"},"down":{"uv":[2.5,7,2.25,7.5],"texture":"#0"}}},{"from":[-2.675,6.50178,4.95],"to":[-1.575,8.60178,7.05],"rotation":{"angle":22.5,"axis":"z","origin":[1.5,6.17678,6]},"faces":{"north":{"uv":[7,4.5,7.25,5],"texture":"#0"},"east":{"uv":[0,7,0.5,7.5],"texture":"#0"},"south":{"uv":[4.75,7,5,7.5],"texture":"#0"},"west":{"uv":[0.5,7,1,7.5],"texture":"#0"},"up":{"uv":[5.25,7.5,5,7],"texture":"#0"},"down":{"uv":[7.25,5,7,5.5],"texture":"#0"}}},{"from":[2.325,6.50178,4.95],"to":[3.425,8.60178,7.05],"rotation":{"angle":22.5,"axis":"z","origin":[1.5,6.17678,6]},"faces":{"north":{"uv":[3.5,7,3.75,7.5],"texture":"#0"},"east":{"uv":[6.5,6.5,7,7],"texture":"#0"},"south":{"uv":[3.75,7,4,7.5],"texture":"#0"},"west":{"uv":[4,6.75,4.5,7.25],"texture":"#0"},"up":{"uv":[7.25,4.5,7,4],"texture":"#0"},"down":{"uv":[4.75,7,4.5,7.5],"texture":"#0"}}},{"from":[4.375,5.55178,5.5],"to":[13.375,8.55178,6.5],"rotation":{"angle":22.5,"axis":"z","origin":[1.5,6.17678,6]},"faces":{"north":{"uv":[4,2,6.25,2.75],"texture":"#0"},"east":{"uv":[1,7,1.25,7.75],"texture":"#0"},"south":{"uv":[4,2.75,6.25,3.5],"texture":"#0"},"west":{"uv":[1.25,7,1.5,7.75],"texture":"#0"},"up":{"uv":[8.75,3.75,6.5,3.5],"texture":"#0"},"down":{"uv":[8.75,3.75,6.5,4],"texture":"#0"}}},{"from":[3.875,4.55178,6],"to":[13.875,8.55178,6],"rotation":{"angle":22.5,"axis":"z","origin":[1.5,6.17678,6]},"faces":{"north":{"uv":[4,0,6.5,1],"texture":"#0"},"east":{"uv":[0,0,0,1],"texture":"#0"},"south":{"uv":[4,1,6.5,2],"texture":"#0"},"west":{"uv":[0,0,0,1],"texture":"#0"},"up":{"uv":[2.5,0,0,0],"texture":"#0"},"down":{"uv":[2.5,0,0,0],"texture":"#0"}}},{"from":[3.375,6.55178,5.5],"to":[4.375,8.55178,6.5],"rotation":{"angle":22.5,"axis":"z","origin":[1.5,6.17678,6]},"faces":{"north":{"uv":[2.5,7,2.75,7.5],"texture":"#0"},"east":{"uv":[2.75,7,3,7.5],"texture":"#0"},"south":{"uv":[3,7,3.25,7.5],"texture":"#0"},"west":{"uv":[3.25,7,3.5,7.5],"texture":"#0"},"up":{"uv":[6.75,5.5,6.5,5.25],"texture":"#0"},"down":{"uv":[7,5.25,6.75,5.5],"texture":"#0"}}},{"from":[3.95,-0.05,2.95],"to":[12.05,8.05,5.05],"rotation":{"angle":-22.5,"axis":"y","origin":[8,5,6]},"faces":{"north":{"uv":[0,0,2,2],"texture":"#0"},"east":{"uv":[4,3.5,4.5,5.5],"texture":"#0"},"south":{"uv":[0,2,2,4],"texture":"#0"},"west":{"uv":[2,4.5,2.5,6.5],"texture":"#0"},"up":{"uv":[6.5,4,4.5,3.5],"texture":"#0"},"down":{"uv":[6.5,4,4.5,4.5],"texture":"#0"}}},{"from":[6.23463,8,4.84776],"to":[8.23463,8,10.84776],"rotation":{"angle":-22.5,"axis":"y","origin":[7.23463,6,7.84776]},"faces":{"north":{"uv":[0,0,0.5,0],"texture":"#0"},"east":{"uv":[0,0,1.5,0],"texture":"#0"},"south":{"uv":[0,0,0.5,0],"texture":"#0"},"west":{"uv":[0,0,1.5,0],"texture":"#0"},"up":{"uv":[5,7,4.5,5.5],"texture":"#0"},"down":{"uv":[5.5,5.5,5,7],"texture":"#0"}}},{"from":[6.23463,5,10.84776],"to":[8.23463,8,10.84776],"rotation":{"angle":-22.5,"axis":"y","origin":[7.23463,6,7.84776]},"faces":{"north":{"uv":[4,6,4.5,6.75],"texture":"#0"},"east":{"uv":[0,0,0,0.75],"texture":"#0"},"south":{"uv":[6.5,4,7,4.75],"texture":"#0"},"west":{"uv":[0,0,0,0.75],"texture":"#0"},"up":{"uv":[0.5,0,0,0],"texture":"#0"},"down":{"uv":[0.5,0,0,0],"texture":"#0"}}},{"from":[4,5,5],"to":[12,7,11],"rotation":{"angle":-22.5,"axis":"y","origin":[8,5,6]},"faces":{"north":{"uv":[0,5.5,2,6],"texture":"#0"},"east":{"uv":[5.5,5.5,7,6],"texture":"#0"},"south":{"uv":[2.5,5.5,4.5,6],"texture":"#0"},"west":{"uv":[0,6,1.5,6.5],"texture":"#0"},"up":{"uv":[4,4.5,2,3],"texture":"#0"},"down":{"uv":[2,4,0,5.5],"texture":"#0"}}},{"from":[4,5,5],"to":[4,7,11],"rotation":{"angle":-22.5,"axis":"y","origin":[8,5,6]},"faces":{"north":{"uv":[0,0,0,0.5],"texture":"#0"},"east":{"uv":[2.5,6,4,6.5],"texture":"#0"},"south":{"uv":[0,0,0,0.5],"texture":"#0"},"west":{"uv":[5.5,6,7,6.5],"texture":"#0"},"up":{"uv":[0,1.5,0,0],"texture":"#0"},"down":{"uv":[0,0,0,1.5],"texture":"#0"}}},{"from":[12,5,5],"to":[12,7,11],"rotation":{"angle":-22.5,"axis":"y","origin":[8,5,6]},"faces":{"north":{"uv":[0,0,0,0.5],"texture":"#0"},"east":{"uv":[6.25,2,7.75,2.5],"texture":"#0"},"south":{"uv":[0,0,0,0.5],"texture":"#0"},"west":{"uv":[6.25,2.5,7.75,3],"texture":"#0"},"up":{"uv":[0,1.5,0,0],"texture":"#0"},"down":{"uv":[0,0,0,1.5],"texture":"#0"}}},{"from":[4,1,5],"to":[12,3,11],"rotation":{"angle":-22.5,"axis":"y","origin":[8,5,6]},"faces":{"north":{"uv":[4.5,4.5,6.5,5],"texture":"#0"},"east":{"uv":[2.5,4.5,4,5],"texture":"#0"},"south":{"uv":[4.5,5,6.5,5.5],"texture":"#0"},"west":{"uv":[2.5,5,4,5.5],"texture":"#0"},"up":{"uv":[4,1.5,2,0],"texture":"#0"},"down":{"uv":[4,1.5,2,3],"texture":"#0"}}},{"from":[12,1,5],"to":[12,3,11],"rotation":{"angle":-22.5,"axis":"y","origin":[8,5,6]},"faces":{"north":{"uv":[0,0,0,0.5],"texture":"#0"},"east":{"uv":[6.5,0,8,0.5],"texture":"#0"},"south":{"uv":[0,0,0,0.5],"texture":"#0"},"west":{"uv":[6.5,0.5,8,1],"texture":"#0"},"up":{"uv":[0,1.5,0,0],"texture":"#0"},"down":{"uv":[0,0,0,1.5],"texture":"#0"}}},{"from":[4,1,5],"to":[4,3,11],"rotation":{"angle":-22.5,"axis":"y","origin":[8,5,6]},"faces":{"north":{"uv":[0,0,0,0.5],"texture":"#0"},"east":{"uv":[6.25,3,7.75,3.5],"texture":"#0"},"south":{"uv":[0,0,0,0.5],"texture":"#0"},"west":{"uv":[0,6.5,1.5,7],"texture":"#0"},"up":{"uv":[0,1.5,0,0],"texture":"#0"},"down":{"uv":[0,0,0,1.5],"texture":"#0"}}}],"gui_light":"front","display":{"thirdperson_righthand":{"rotation":[0,26,0],"translation":[1,2.25,3.5]},"thirdperson_lefthand":{"rotation":[0,-26,0],"translation":[1,2.25,3.5]},"firstperson_righthand":{"translation":[6.5,1.75,0]},"firstperson_lefthand":{"rotation":[0,-22.5,0],"translation":[4.25,1.75,0]},"ground":{"rotation":[20,64,0],"translation":[0,3,0.75],"scale":[0.7,0.7,0.7]},"gui":{"rotation":[22.5,167.5,0],"translation":[-2,2.25,0],"scale":[0.9,0.9,0.9]},"head":{"rotation":[0,22.5,0],"translation":[1.4,7.25,1.5],"scale":[1.82,1.82,1.82]},"fixed":{"rotation":[0,22.5,0],"translation":[0.5,2.5,-0.5]}}}