{"texture_size":[32,32],"elements":[{"from":[3,4,7],"to":[4,5,11],"rotation":{"angle":0,"axis":"y","origin":[7.82843,4.5,9]},"faces":{"north":{"uv":[3,9,3.5,9.5],"texture":"#0"},"east":{"uv":[5,2.5,7,3],"texture":"#0"},"south":{"uv":[3.5,9,4,9.5],"texture":"#0"},"west":{"uv":[5,5,7,5.5],"texture":"#0"},"up":{"uv":[2.5,7.5,2,5.5],"texture":"#0"},"down":{"uv":[3,5.5,2.5,7.5],"texture":"#0"}}},{"from":[3,4,7],"to":[4,5,11],"rotation":{"angle":-45,"axis":"y","origin":[7.82843,4.5,9]},"faces":{"north":{"uv":[4,9,4.5,9.5],"texture":"#0"},"east":{"uv":[5,5.5,7,6],"texture":"#0"},"south":{"uv":[4.5,9,5,9.5],"texture":"#0"},"west":{"uv":[6,0,8,0.5],"texture":"#0"},"up":{"uv":[3.5,7.5,3,5.5],"texture":"#0"},"down":{"uv":[4,5.5,3.5,7.5],"texture":"#0"}}},{"from":[3,4,7],"to":[4,5,11],"rotation":{"angle":45,"axis":"y","origin":[7.82843,4.5,9]},"faces":{"north":{"uv":[5.5,9,6,9.5],"texture":"#0"},"east":{"uv":[6,3.5,8,4],"texture":"#0"},"south":{"uv":[9,5.5,9.5,6],"texture":"#0"},"west":{"uv":[6,4,8,4.5],"texture":"#0"},"up":{"uv":[0.5,8,0,6],"texture":"#0"},"down":{"uv":[1,6,0.5,8],"texture":"#0"}}},{"from":[5.82843,4,12.82843],"to":[9.82843,5,13.82843],"rotation":{"angle":0,"axis":"y","origin":[7.82843,4.5,9]},"faces":{"north":{"uv":[6,0.5,8,1],"texture":"#0"},"east":{"uv":[5,9,5.5,9.5],"texture":"#0"},"south":{"uv":[6,1,8,1.5],"texture":"#0"},"west":{"uv":[9,5,9.5,5.5],"texture":"#0"},"up":{"uv":[8,2,6,1.5],"texture":"#0"},"down":{"uv":[8,3,6,3.5],"texture":"#0"}}},{"from":[5.82843,4,4.17157],"to":[9.82843,5,5.17157],"rotation":{"angle":0,"axis":"y","origin":[7.82843,4.5,9]},"faces":{"north":{"uv":[7,2.5,9,3],"texture":"#0"},"east":{"uv":[7.5,9,8,9.5],"texture":"#0"},"south":{"uv":[7,5,9,5.5],"texture":"#0"},"west":{"uv":[8,9,8.5,9.5],"texture":"#0"},"up":{"uv":[9,6,7,5.5],"texture":"#0"},"down":{"uv":[8,7,6,7.5],"texture":"#0"}}},{"from":[11.65685,4,7],"to":[12.65685,5,11],"rotation":{"angle":45,"axis":"y","origin":[7.82843,4.5,9]},"faces":{"north":{"uv":[9,2,9.5,2.5],"texture":"#0"},"east":{"uv":[2,5,4,5.5],"texture":"#0"},"south":{"uv":[9,2.5,9.5,3],"texture":"#0"},"west":{"uv":[5,2,7,2.5],"texture":"#0"},"up":{"uv":[4.5,7,4,5],"texture":"#0"},"down":{"uv":[5,5,4.5,7],"texture":"#0"}}},{"from":[11.65685,4,7],"to":[12.65685,5,11],"rotation":{"angle":0,"axis":"y","origin":[7.82843,4.5,9]},"faces":{"north":{"uv":[6.5,9,7,9.5],"texture":"#0"},"east":{"uv":[6,6.5,8,7],"texture":"#0"},"south":{"uv":[7,9,7.5,9.5],"texture":"#0"},"west":{"uv":[7,2,9,2.5],"texture":"#0"},"up":{"uv":[1.5,9,1,7],"texture":"#0"},"down":{"uv":[2,7,1.5,9],"texture":"#0"}}},{"from":[11.65685,4,7],"to":[12.65685,5,11],"rotation":{"angle":-45,"axis":"y","origin":[7.82843,4.5,9]},"faces":{"north":{"uv":[6,9,6.5,9.5],"texture":"#0"},"east":{"uv":[6,4.5,8,5],"texture":"#0"},"south":{"uv":[9,6,9.5,6.5],"texture":"#0"},"west":{"uv":[5,6,7,6.5],"texture":"#0"},"up":{"uv":[5.5,8.5,5,6.5],"texture":"#0"},"down":{"uv":[6,6.5,5.5,8.5],"texture":"#0"}}},{"from":[3.01,4.01,7.01],"to":[4.99,4.99,10.99],"rotation":{"angle":-45,"axis":"y","origin":[7.82843,4.5,9]},"faces":{"north":{"uv":[1,9,2,9.5],"texture":"#0"},"east":{"uv":[8,7,10,7.5],"texture":"#0"},"south":{"uv":[2,9,3,9.5],"texture":"#0"},"west":{"uv":[8,7.5,10,8],"texture":"#0"},"up":{"uv":[6,2,5,0],"texture":"#0"},"down":{"uv":[2,5,1,7],"texture":"#0"}}},{"from":[5.83843,4.01,4.18157],"to":[9.81843,4.99,6.16157],"rotation":{"angle":0,"axis":"y","origin":[7.82843,4.5,9]},"faces":{"north":{"uv":[6,8,8,8.5],"texture":"#0"},"east":{"uv":[8,8.5,9,9],"texture":"#0"},"south":{"uv":[8,6.5,10,7],"texture":"#0"},"west":{"uv":[0,9,1,9.5],"texture":"#0"},"up":{"uv":[6,4,4,3],"texture":"#0"},"down":{"uv":[6,4,4,5],"texture":"#0"}}},{"from":[10.66685,4.01,7.01],"to":[12.64685,4.99,10.99],"rotation":{"angle":45,"axis":"y","origin":[7.82843,4.5,9]},"faces":{"north":{"uv":[6,8.5,7,9],"texture":"#0"},"east":{"uv":[8,4,10,4.5],"texture":"#0"},"south":{"uv":[7,8.5,8,9],"texture":"#0"},"west":{"uv":[8,4.5,10,5],"texture":"#0"},"up":{"uv":[1,6,0,4],"texture":"#0"},"down":{"uv":[5,1,4,3],"texture":"#0"}}},{"from":[10.66685,4.01,7.01],"to":[12.64685,4.99,10.99],"rotation":{"angle":0,"axis":"y","origin":[7.82843,4.5,9]},"faces":{"north":{"uv":[4,8.5,5,9],"texture":"#0"},"east":{"uv":[8,3,10,3.5],"texture":"#0"},"south":{"uv":[5,8.5,6,9],"texture":"#0"},"west":{"uv":[8,3.5,10,4],"texture":"#0"},"up":{"uv":[3,5,2,3],"texture":"#0"},"down":{"uv":[4,3,3,5],"texture":"#0"}}},{"from":[10.66685,4.01,7.01],"to":[12.64685,4.99,10.99],"rotation":{"angle":-45,"axis":"y","origin":[7.82843,4.5,9]},"faces":{"north":{"uv":[2,8.5,3,9],"texture":"#0"},"east":{"uv":[8,1.5,10,2],"texture":"#0"},"south":{"uv":[3,8.5,4,9],"texture":"#0"},"west":{"uv":[2,8,4,8.5],"texture":"#0"},"up":{"uv":[2,5,1,3],"texture":"#0"},"down":{"uv":[4,1,3,3],"texture":"#0"}}},{"from":[5.83843,4.01,11.83843],"to":[9.81843,4.99,13.81843],"rotation":{"angle":0,"axis":"y","origin":[7.82843,4.5,9]},"faces":{"north":{"uv":[8,0.5,10,1],"texture":"#0"},"east":{"uv":[8,8,9,8.5],"texture":"#0"},"south":{"uv":[8,1,10,1.5],"texture":"#0"},"west":{"uv":[0,8.5,1,9],"texture":"#0"},"up":{"uv":[3,3,1,2],"texture":"#0"},"down":{"uv":[5,0,3,1],"texture":"#0"}}},{"from":[3.01,4.01,7.01],"to":[4.99,4.99,10.99],"rotation":{"angle":45,"axis":"y","origin":[7.82843,4.5,9]},"faces":{"north":{"uv":[0,8,1,8.5],"texture":"#0"},"east":{"uv":[6,7.5,8,8],"texture":"#0"},"south":{"uv":[4,8,5,8.5],"texture":"#0"},"west":{"uv":[8,0,10,0.5],"texture":"#0"},"up":{"uv":[1,4,0,2],"texture":"#0"},"down":{"uv":[3,0,2,2],"texture":"#0"}}},{"from":[3.01,4.01,7.01],"to":[4.99,4.99,10.99],"rotation":{"angle":0,"axis":"y","origin":[7.82843,4.5,9]},"faces":{"north":{"uv":[4,7,5,7.5],"texture":"#0"},"east":{"uv":[7,6,9,6.5],"texture":"#0"},"south":{"uv":[4,7.5,5,8],"texture":"#0"},"west":{"uv":[2,7.5,4,8],"texture":"#0"},"up":{"uv":[1,2,0,0],"texture":"#0"},"down":{"uv":[2,0,1,2],"texture":"#0"}}},{"from":[5.82843,4,12.82843],"to":[9.82843,5,13.82843],"rotation":{"angle":22.5,"axis":"y","origin":[7.82843,4.5,9]},"faces":{"north":{"uv":[6,0.5,8,1],"texture":"#1"},"east":{"uv":[5,9,5.5,9.5],"texture":"#1"},"south":{"uv":[6,1,8,1.5],"texture":"#1"},"west":{"uv":[9,5,9.5,5.5],"texture":"#1"},"up":{"uv":[8,2,6,1.5],"texture":"#1"},"down":{"uv":[8,3,6,3.5],"texture":"#1"}}},{"from":[5.82843,4,12.82843],"to":[9.82843,5,13.82843],"rotation":{"angle":-22.5,"axis":"y","origin":[7.82843,4.5,9]},"faces":{"north":{"uv":[6,3.5,8,4],"texture":"#1"},"east":{"uv":[9,5.5,9.5,6],"texture":"#1"},"south":{"uv":[6,4,8,4.5],"texture":"#1"},"west":{"uv":[5.5,9,6,9.5],"texture":"#1"},"up":{"uv":[0.5,8,0,6],"rotation":270,"texture":"#1"},"down":{"uv":[1,6,0.5,8],"rotation":90,"texture":"#1"}}},{"from":[3,4,7],"to":[4,5,11],"rotation":{"angle":22.5,"axis":"y","origin":[7.82843,4.5,9]},"faces":{"north":{"uv":[3,9,3.5,9.5],"texture":"#1"},"east":{"uv":[5,2.5,7,3],"texture":"#1"},"south":{"uv":[3.5,9,4,9.5],"texture":"#1"},"west":{"uv":[5,5,7,5.5],"texture":"#1"},"up":{"uv":[2.5,7.5,2,5.5],"texture":"#1"},"down":{"uv":[3,5.5,2.5,7.5],"texture":"#1"}}},{"from":[5.83843,4.01,11.83843],"to":[9.81843,4.99,13.81843],"rotation":{"angle":-22.5,"axis":"y","origin":[7.82843,4.5,9]},"faces":{"north":{"uv":[6,7.5,8,8],"texture":"#1"},"east":{"uv":[4,8,5,8.5],"texture":"#1"},"south":{"uv":[8,0,10,0.5],"texture":"#1"},"west":{"uv":[0,8,1,8.5],"texture":"#1"},"up":{"uv":[1,4,0,2],"rotation":270,"texture":"#1"},"down":{"uv":[3,0,2,2],"rotation":90,"texture":"#1"}}},{"from":[11.65685,4,7],"to":[12.65685,5,11],"rotation":{"angle":-22.5,"axis":"y","origin":[7.82843,4.5,9]},"faces":{"north":{"uv":[6,9,6.5,9.5],"texture":"#1"},"east":{"uv":[6,4.5,8,5],"texture":"#1"},"south":{"uv":[9,6,9.5,6.5],"texture":"#1"},"west":{"uv":[5,6,7,6.5],"texture":"#1"},"up":{"uv":[5.5,8.5,5,6.5],"texture":"#1"},"down":{"uv":[6,6.5,5.5,8.5],"texture":"#1"}}},{"from":[11.65685,4,7],"to":[12.65685,5,11],"rotation":{"angle":22.5,"axis":"y","origin":[7.82843,4.5,9]},"faces":{"north":{"uv":[6.5,9,7,9.5],"texture":"#1"},"east":{"uv":[6,6.5,8,7],"texture":"#1"},"south":{"uv":[7,9,7.5,9.5],"texture":"#1"},"west":{"uv":[7,2,9,2.5],"texture":"#1"},"up":{"uv":[1.5,9,1,7],"texture":"#1"},"down":{"uv":[2,7,1.5,9],"texture":"#1"}}},{"from":[5.82843,4,4.17157],"to":[9.82843,5,5.17157],"rotation":{"angle":-22.5,"axis":"y","origin":[7.82843,4.5,9]},"faces":{"north":{"uv":[2,5,4,5.5],"texture":"#1"},"east":{"uv":[9,2.5,9.5,3],"texture":"#1"},"south":{"uv":[5,2,7,2.5],"texture":"#1"},"west":{"uv":[9,2,9.5,2.5],"texture":"#1"},"up":{"uv":[4.5,7,4,5],"rotation":270,"texture":"#1"},"down":{"uv":[5,5,4.5,7],"rotation":90,"texture":"#1"}}},{"from":[5.82843,4,4.17157],"to":[9.82843,5,5.17157],"rotation":{"angle":22.5,"axis":"y","origin":[7.82843,4.5,9]},"faces":{"north":{"uv":[7,2.5,9,3],"texture":"#1"},"east":{"uv":[7.5,9,8,9.5],"texture":"#1"},"south":{"uv":[7,5,9,5.5],"texture":"#1"},"west":{"uv":[8,9,8.5,9.5],"texture":"#1"},"up":{"uv":[9,6,7,5.5],"texture":"#1"},"down":{"uv":[8,7,6,7.5],"texture":"#1"}}},{"from":[3,4,7],"to":[4,5,11],"rotation":{"angle":-22.5,"axis":"y","origin":[7.82843,4.5,9]},"faces":{"north":{"uv":[4,9,4.5,9.5],"texture":"#1"},"east":{"uv":[5,5.5,7,6],"texture":"#1"},"south":{"uv":[4.5,9,5,9.5],"texture":"#1"},"west":{"uv":[6,0,8,0.5],"texture":"#1"},"up":{"uv":[3.5,7.5,3,5.5],"texture":"#1"},"down":{"uv":[4,5.5,3.5,7.5],"texture":"#1"}}},{"from":[3.01,4.01,7.01],"to":[4.99,4.99,10.99],"rotation":{"angle":-22.5,"axis":"y","origin":[7.82843,4.5,9]},"faces":{"north":{"uv":[1,9,2,9.5],"texture":"#1"},"east":{"uv":[8,7,10,7.5],"texture":"#1"},"south":{"uv":[2,9,3,9.5],"texture":"#1"},"west":{"uv":[8,7.5,10,8],"texture":"#1"},"up":{"uv":[6,2,5,0],"texture":"#1"},"down":{"uv":[2,5,1,7],"texture":"#1"}}},{"from":[3.01,4.01,7.01],"to":[4.99,4.99,10.99],"rotation":{"angle":22.5,"axis":"y","origin":[7.82843,4.5,9]},"faces":{"north":{"uv":[4,7,5,7.5],"texture":"#1"},"east":{"uv":[7,6,9,6.5],"texture":"#1"},"south":{"uv":[4,7.5,5,8],"texture":"#1"},"west":{"uv":[2,7.5,4,8],"texture":"#1"},"up":{"uv":[1,2,0,0],"texture":"#1"},"down":{"uv":[2,0,1,2],"texture":"#1"}}},{"from":[5.83843,4.01,4.18157],"to":[9.81843,4.99,6.16157],"rotation":{"angle":22.5,"axis":"y","origin":[7.82843,4.5,9]},"faces":{"north":{"uv":[6,8,8,8.5],"texture":"#1"},"east":{"uv":[8,8.5,9,9],"texture":"#1"},"south":{"uv":[8,6.5,10,7],"texture":"#1"},"west":{"uv":[0,9,1,9.5],"texture":"#1"},"up":{"uv":[6,4,4,3],"texture":"#1"},"down":{"uv":[6,4,4,5],"texture":"#1"}}},{"from":[5.83843,4.01,4.18157],"to":[9.81843,4.99,6.16157],"rotation":{"angle":-22.5,"axis":"y","origin":[7.82843,4.5,9]},"faces":{"north":{"uv":[8,4,10,4.5],"texture":"#1"},"east":{"uv":[7,8.5,8,9],"texture":"#1"},"south":{"uv":[8,4.5,10,5],"texture":"#1"},"west":{"uv":[6,8.5,7,9],"texture":"#1"},"up":{"uv":[1,6,0,4],"rotation":270,"texture":"#1"},"down":{"uv":[5,1,4,3],"rotation":90,"texture":"#1"}}},{"from":[10.66685,4.01,7.01],"to":[12.64685,4.99,10.99],"rotation":{"angle":-22.5,"axis":"y","origin":[7.82843,4.5,9]},"faces":{"north":{"uv":[2,8.5,3,9],"texture":"#1"},"east":{"uv":[8,1.5,10,2],"texture":"#1"},"south":{"uv":[3,8.5,4,9],"texture":"#1"},"west":{"uv":[2,8,4,8.5],"texture":"#1"},"up":{"uv":[2,5,1,3],"texture":"#1"},"down":{"uv":[4,1,3,3],"texture":"#1"}}},{"from":[10.66685,4.01,7.01],"to":[12.64685,4.99,10.99],"rotation":{"angle":22.5,"axis":"y","origin":[7.82843,4.5,9]},"faces":{"north":{"uv":[4,8.5,5,9],"texture":"#1"},"east":{"uv":[8,3,10,3.5],"texture":"#1"},"south":{"uv":[5,8.5,6,9],"texture":"#1"},"west":{"uv":[8,3.5,10,4],"texture":"#1"},"up":{"uv":[3,5,2,3],"texture":"#1"},"down":{"uv":[4,3,3,5],"texture":"#1"}}},{"from":[5.83843,4.01,11.83843],"to":[9.81843,4.99,13.81843],"rotation":{"angle":22.5,"axis":"y","origin":[7.82843,4.5,9]},"faces":{"north":{"uv":[8,0.5,10,1],"texture":"#1"},"east":{"uv":[8,8,9,8.5],"texture":"#1"},"south":{"uv":[8,1,10,1.5],"texture":"#1"},"west":{"uv":[0,8.5,1,9],"texture":"#1"},"up":{"uv":[3,3,1,2],"texture":"#1"},"down":{"uv":[5,0,3,1],"texture":"#1"}}},{"from":[11.65685,4,7],"to":[12.65685,5,11],"rotation":{"angle":0,"axis":"y","origin":[7.82843,4.5,9]},"faces":{"north":{"uv":[6,9,6.5,9.5],"texture":"#2"},"east":{"uv":[6,4.5,8,5],"texture":"#2"},"south":{"uv":[9,6,9.5,6.5],"texture":"#2"},"west":{"uv":[5,6,7,6.5],"texture":"#2"},"up":{"uv":[5.5,8.5,5,6.5],"texture":"#2"},"down":{"uv":[6,6.5,5.5,8.5],"texture":"#2"}}},{"from":[5.82843,4,12.82843],"to":[9.82843,5,13.82843],"rotation":{"angle":45,"axis":"y","origin":[7.82843,4.5,9]},"faces":{"north":{"uv":[6,0.5,8,1],"texture":"#2"},"east":{"uv":[5,9,5.5,9.5],"texture":"#2"},"south":{"uv":[6,1,8,1.5],"texture":"#2"},"west":{"uv":[9,5,9.5,5.5],"texture":"#2"},"up":{"uv":[8,2,6,1.5],"texture":"#2"},"down":{"uv":[8,3,6,3.5],"texture":"#2"}}},{"from":[5.83843,4.01,11.83843],"to":[9.81843,4.99,13.81843],"rotation":{"angle":45,"axis":"y","origin":[7.82843,4.5,9]},"faces":{"north":{"uv":[8,0.5,10,1],"texture":"#2"},"east":{"uv":[8,8,9,8.5],"texture":"#2"},"south":{"uv":[8,1,10,1.5],"texture":"#2"},"west":{"uv":[0,8.5,1,9],"texture":"#2"},"up":{"uv":[3,3,1,2],"texture":"#2"},"down":{"uv":[5,0,3,1],"texture":"#2"}}},{"from":[5.83843,4.01,11.83843],"to":[9.81843,4.99,13.81843],"rotation":{"angle":0,"axis":"y","origin":[7.82843,4.5,9]},"faces":{"north":{"uv":[6,7.5,8,8],"texture":"#2"},"east":{"uv":[4,8,5,8.5],"texture":"#2"},"south":{"uv":[8,0,10,0.5],"texture":"#2"},"west":{"uv":[0,8,1,8.5],"texture":"#2"},"up":{"uv":[1,4,0,2],"rotation":270,"texture":"#2"},"down":{"uv":[3,0,2,2],"rotation":90,"texture":"#2"}}},{"from":[5.82843,4,12.82843],"to":[9.82843,5,13.82843],"rotation":{"angle":0,"axis":"y","origin":[7.82843,4.5,9]},"faces":{"north":{"uv":[6,3.5,8,4],"texture":"#2"},"east":{"uv":[9,5.5,9.5,6],"texture":"#2"},"south":{"uv":[6,4,8,4.5],"texture":"#2"},"west":{"uv":[5.5,9,6,9.5],"texture":"#2"},"up":{"uv":[0.5,8,0,6],"rotation":270,"texture":"#2"},"down":{"uv":[1,6,0.5,8],"rotation":90,"texture":"#2"}}},{"from":[3,4,7],"to":[4,5,11],"rotation":{"angle":45,"axis":"y","origin":[7.82843,4.5,9]},"faces":{"north":{"uv":[3,9,3.5,9.5],"texture":"#2"},"east":{"uv":[5,2.5,7,3],"texture":"#2"},"south":{"uv":[3.5,9,4,9.5],"texture":"#2"},"west":{"uv":[5,5,7,5.5],"texture":"#2"},"up":{"uv":[2.5,7.5,2,5.5],"texture":"#2"},"down":{"uv":[3,5.5,2.5,7.5],"texture":"#2"}}},{"from":[3.01,4.01,7.01],"to":[4.99,4.99,10.99],"rotation":{"angle":45,"axis":"y","origin":[7.82843,4.5,9]},"faces":{"north":{"uv":[4,7,5,7.5],"texture":"#2"},"east":{"uv":[7,6,9,6.5],"texture":"#2"},"south":{"uv":[4,7.5,5,8],"texture":"#2"},"west":{"uv":[2,7.5,4,8],"texture":"#2"},"up":{"uv":[1,2,0,0],"texture":"#2"},"down":{"uv":[2,0,1,2],"texture":"#2"}}},{"from":[3,4,7],"to":[4,5,11],"rotation":{"angle":0,"axis":"y","origin":[7.82843,4.5,9]},"faces":{"north":{"uv":[4,9,4.5,9.5],"texture":"#2"},"east":{"uv":[5,5.5,7,6],"texture":"#2"},"south":{"uv":[4.5,9,5,9.5],"texture":"#2"},"west":{"uv":[6,0,8,0.5],"texture":"#2"},"up":{"uv":[3.5,7.5,3,5.5],"texture":"#2"},"down":{"uv":[4,5.5,3.5,7.5],"texture":"#2"}}},{"from":[3.01,4.01,7.01],"to":[4.99,4.99,10.99],"rotation":{"angle":0,"axis":"y","origin":[7.82843,4.5,9]},"faces":{"north":{"uv":[1,9,2,9.5],"texture":"#2"},"east":{"uv":[8,7,10,7.5],"texture":"#2"},"south":{"uv":[2,9,3,9.5],"texture":"#2"},"west":{"uv":[8,7.5,10,8],"texture":"#2"},"up":{"uv":[6,2,5,0],"texture":"#2"},"down":{"uv":[2,5,1,7],"texture":"#2"}}},{"from":[5.82843,4,4.17157],"to":[9.82843,5,5.17157],"rotation":{"angle":45,"axis":"y","origin":[7.82843,4.5,9]},"faces":{"north":{"uv":[7,2.5,9,3],"texture":"#2"},"east":{"uv":[7.5,9,8,9.5],"texture":"#2"},"south":{"uv":[7,5,9,5.5],"texture":"#2"},"west":{"uv":[8,9,8.5,9.5],"texture":"#2"},"up":{"uv":[9,6,7,5.5],"texture":"#2"},"down":{"uv":[8,7,6,7.5],"texture":"#2"}}},{"from":[5.83843,4.01,4.18157],"to":[9.81843,4.99,6.16157],"rotation":{"angle":45,"axis":"y","origin":[7.82843,4.5,9]},"faces":{"north":{"uv":[6,8,8,8.5],"texture":"#2"},"east":{"uv":[8,8.5,9,9],"texture":"#2"},"south":{"uv":[8,6.5,10,7],"texture":"#2"},"west":{"uv":[0,9,1,9.5],"texture":"#2"},"up":{"uv":[6,4,4,3],"texture":"#2"},"down":{"uv":[6,4,4,5],"texture":"#2"}}},{"from":[5.82843,4,4.17157],"to":[9.82843,5,5.17157],"rotation":{"angle":0,"axis":"y","origin":[7.82843,4.5,9]},"faces":{"north":{"uv":[2,5,4,5.5],"texture":"#2"},"east":{"uv":[9,2.5,9.5,3],"texture":"#2"},"south":{"uv":[5,2,7,2.5],"texture":"#2"},"west":{"uv":[9,2,9.5,2.5],"texture":"#2"},"up":{"uv":[4.5,7,4,5],"rotation":270,"texture":"#2"},"down":{"uv":[5,5,4.5,7],"rotation":90,"texture":"#2"}}},{"from":[5.83843,4.01,4.18157],"to":[9.81843,4.99,6.16157],"rotation":{"angle":0,"axis":"y","origin":[7.82843,4.5,9]},"faces":{"north":{"uv":[8,4,10,4.5],"texture":"#2"},"east":{"uv":[7,8.5,8,9],"texture":"#2"},"south":{"uv":[8,4.5,10,5],"texture":"#2"},"west":{"uv":[6,8.5,7,9],"texture":"#2"},"up":{"uv":[1,6,0,4],"rotation":270,"texture":"#2"},"down":{"uv":[5,1,4,3],"rotation":90,"texture":"#2"}}},{"from":[11.65685,4,7],"to":[12.65685,5,11],"rotation":{"angle":45,"axis":"y","origin":[7.82843,4.5,9]},"faces":{"north":{"uv":[6.5,9,7,9.5],"texture":"#2"},"east":{"uv":[6,6.5,8,7],"texture":"#2"},"south":{"uv":[7,9,7.5,9.5],"texture":"#2"},"west":{"uv":[7,2,9,2.5],"texture":"#2"},"up":{"uv":[1.5,9,1,7],"texture":"#2"},"down":{"uv":[2,7,1.5,9],"texture":"#2"}}},{"from":[10.66685,4.01,7.01],"to":[12.64685,4.99,10.99],"rotation":{"angle":45,"axis":"y","origin":[7.82843,4.5,9]},"faces":{"north":{"uv":[4,8.5,5,9],"texture":"#2"},"east":{"uv":[8,3,10,3.5],"texture":"#2"},"south":{"uv":[5,8.5,6,9],"texture":"#2"},"west":{"uv":[8,3.5,10,4],"texture":"#2"},"up":{"uv":[3,5,2,3],"texture":"#2"},"down":{"uv":[4,3,3,5],"texture":"#2"}}},{"from":[10.66685,4.01,7.01],"to":[12.64685,4.99,10.99],"rotation":{"angle":0,"axis":"y","origin":[7.82843,4.5,9]},"faces":{"north":{"uv":[2,8.5,3,9],"texture":"#2"},"east":{"uv":[8,1.5,10,2],"texture":"#2"},"south":{"uv":[3,8.5,4,9],"texture":"#2"},"west":{"uv":[2,8,4,8.5],"texture":"#2"},"up":{"uv":[2,5,1,3],"texture":"#2"},"down":{"uv":[4,1,3,3],"texture":"#2"}}},{"from":[11.65685,4,7],"to":[12.65685,5,11],"rotation":{"angle":22.5,"axis":"y","origin":[7.82843,4.5,9]},"faces":{"north":{"uv":[6,9,6.5,9.5],"texture":"#3"},"east":{"uv":[6,4.5,8,5],"texture":"#3"},"south":{"uv":[9,6,9.5,6.5],"texture":"#3"},"west":{"uv":[5,6,7,6.5],"texture":"#3"},"up":{"uv":[5.5,8.5,5,6.5],"texture":"#3"},"down":{"uv":[6,6.5,5.5,8.5],"texture":"#3"}}},{"from":[10.66685,4.01,7.01],"to":[12.64685,4.99,10.99],"rotation":{"angle":22.5,"axis":"y","origin":[7.82843,4.5,9]},"faces":{"north":{"uv":[2,8.5,3,9],"texture":"#3"},"east":{"uv":[8,1.5,10,2],"texture":"#3"},"south":{"uv":[3,8.5,4,9],"texture":"#3"},"west":{"uv":[2,8,4,8.5],"texture":"#3"},"up":{"uv":[2,5,1,3],"texture":"#3"},"down":{"uv":[4,1,3,3],"texture":"#3"}}},{"from":[10.66685,4.01,7.01],"to":[12.64685,4.99,10.99],"rotation":{"angle":-22.5,"axis":"y","origin":[7.82843,4.5,9]},"faces":{"north":{"uv":[8,8,9,8.5],"texture":"#3"},"east":{"uv":[8,1,10,1.5],"texture":"#3"},"south":{"uv":[0,8.5,1,9],"texture":"#3"},"west":{"uv":[8,0.5,10,1],"texture":"#3"},"up":{"uv":[3,3,1,2],"rotation":270,"texture":"#3"},"down":{"uv":[5,0,3,1],"rotation":90,"texture":"#3"}}},{"from":[11.65685,4,7],"to":[12.65685,5,11],"rotation":{"angle":-22.5,"axis":"y","origin":[7.82843,4.5,9]},"faces":{"north":{"uv":[5,9,5.5,9.5],"texture":"#3"},"east":{"uv":[6,1,8,1.5],"texture":"#3"},"south":{"uv":[9,5,9.5,5.5],"texture":"#3"},"west":{"uv":[6,0.5,8,1],"texture":"#3"},"up":{"uv":[8,2,6,1.5],"rotation":270,"texture":"#3"},"down":{"uv":[8,3,6,3.5],"rotation":90,"texture":"#3"}}},{"from":[5.83843,4.01,11.83843],"to":[9.81843,4.99,13.81843],"rotation":{"angle":22.5,"axis":"y","origin":[7.82843,4.5,9]},"faces":{"north":{"uv":[6,7.5,8,8],"texture":"#3"},"east":{"uv":[4,8,5,8.5],"texture":"#3"},"south":{"uv":[8,0,10,0.5],"texture":"#3"},"west":{"uv":[0,8,1,8.5],"texture":"#3"},"up":{"uv":[1,4,0,2],"rotation":270,"texture":"#3"},"down":{"uv":[3,0,2,2],"rotation":90,"texture":"#3"}}},{"from":[5.82843,4,12.82843],"to":[9.82843,5,13.82843],"rotation":{"angle":22.5,"axis":"y","origin":[7.82843,4.5,9]},"faces":{"north":{"uv":[6,3.5,8,4],"texture":"#3"},"east":{"uv":[9,5.5,9.5,6],"texture":"#3"},"south":{"uv":[6,4,8,4.5],"texture":"#3"},"west":{"uv":[5.5,9,6,9.5],"texture":"#3"},"up":{"uv":[0.5,8,0,6],"rotation":270,"texture":"#3"},"down":{"uv":[1,6,0.5,8],"rotation":90,"texture":"#3"}}},{"from":[5.82843,4,12.82843],"to":[9.82843,5,13.82843],"rotation":{"angle":-22.5,"axis":"y","origin":[7.82843,4.5,9]},"faces":{"north":{"uv":[5,2.5,7,3],"texture":"#3"},"east":{"uv":[3.5,9,4,9.5],"texture":"#3"},"south":{"uv":[5,5,7,5.5],"texture":"#3"},"west":{"uv":[3,9,3.5,9.5],"texture":"#3"},"up":{"uv":[2.5,7.5,2,5.5],"rotation":270,"texture":"#3"},"down":{"uv":[3,5.5,2.5,7.5],"rotation":90,"texture":"#3"}}},{"from":[5.83843,4.01,11.83843],"to":[9.81843,4.99,13.81843],"rotation":{"angle":-22.5,"axis":"y","origin":[7.82843,4.5,9]},"faces":{"north":{"uv":[7,6,9,6.5],"texture":"#3"},"east":{"uv":[4,7.5,5,8],"texture":"#3"},"south":{"uv":[2,7.5,4,8],"texture":"#3"},"west":{"uv":[4,7,5,7.5],"texture":"#3"},"up":{"uv":[1,2,0,0],"rotation":270,"texture":"#3"},"down":{"uv":[2,0,1,2],"rotation":90,"texture":"#3"}}},{"from":[3,4,7],"to":[4,5,11],"rotation":{"angle":22.5,"axis":"y","origin":[7.82843,4.5,9]},"faces":{"north":{"uv":[4,9,4.5,9.5],"texture":"#3"},"east":{"uv":[5,5.5,7,6],"texture":"#3"},"south":{"uv":[4.5,9,5,9.5],"texture":"#3"},"west":{"uv":[6,0,8,0.5],"texture":"#3"},"up":{"uv":[3.5,7.5,3,5.5],"texture":"#3"},"down":{"uv":[4,5.5,3.5,7.5],"texture":"#3"}}},{"from":[3.01,4.01,7.01],"to":[4.99,4.99,10.99],"rotation":{"angle":22.5,"axis":"y","origin":[7.82843,4.5,9]},"faces":{"north":{"uv":[1,9,2,9.5],"texture":"#3"},"east":{"uv":[8,7,10,7.5],"texture":"#3"},"south":{"uv":[2,9,3,9.5],"texture":"#3"},"west":{"uv":[8,7.5,10,8],"texture":"#3"},"up":{"uv":[6,2,5,0],"texture":"#3"},"down":{"uv":[2,5,1,7],"texture":"#3"}}},{"from":[3,4,7],"to":[4,5,11],"rotation":{"angle":-22.5,"axis":"y","origin":[7.82843,4.5,9]},"faces":{"north":{"uv":[7.5,9,8,9.5],"texture":"#3"},"east":{"uv":[7,5,9,5.5],"texture":"#3"},"south":{"uv":[8,9,8.5,9.5],"texture":"#3"},"west":{"uv":[7,2.5,9,3],"texture":"#3"},"up":{"uv":[9,6,7,5.5],"rotation":270,"texture":"#3"},"down":{"uv":[8,7,6,7.5],"rotation":90,"texture":"#3"}}},{"from":[3.01,4.01,7.01],"to":[4.99,4.99,10.99],"rotation":{"angle":-22.5,"axis":"y","origin":[7.82843,4.5,9]},"faces":{"north":{"uv":[8,8.5,9,9],"texture":"#3"},"east":{"uv":[8,6.5,10,7],"texture":"#3"},"south":{"uv":[0,9,1,9.5],"texture":"#3"},"west":{"uv":[6,8,8,8.5],"texture":"#3"},"up":{"uv":[6,4,4,3],"rotation":270,"texture":"#3"},"down":{"uv":[6,4,4,5],"rotation":90,"texture":"#3"}}},{"from":[5.82843,4,4.17157],"to":[9.82843,5,5.17157],"rotation":{"angle":22.5,"axis":"y","origin":[7.82843,4.5,9]},"faces":{"north":{"uv":[2,5,4,5.5],"texture":"#3"},"east":{"uv":[9,2.5,9.5,3],"texture":"#3"},"south":{"uv":[5,2,7,2.5],"texture":"#3"},"west":{"uv":[9,2,9.5,2.5],"texture":"#3"},"up":{"uv":[4.5,7,4,5],"rotation":270,"texture":"#3"},"down":{"uv":[5,5,4.5,7],"rotation":90,"texture":"#3"}}},{"from":[5.83843,4.01,4.18157],"to":[9.81843,4.99,6.16157],"rotation":{"angle":22.5,"axis":"y","origin":[7.82843,4.5,9]},"faces":{"north":{"uv":[8,4,10,4.5],"texture":"#3"},"east":{"uv":[7,8.5,8,9],"texture":"#3"},"south":{"uv":[8,4.5,10,5],"texture":"#3"},"west":{"uv":[6,8.5,7,9],"texture":"#3"},"up":{"uv":[1,6,0,4],"rotation":270,"texture":"#3"},"down":{"uv":[5,1,4,3],"rotation":90,"texture":"#3"}}},{"from":[5.82843,4,4.17157],"to":[9.82843,5,5.17157],"rotation":{"angle":-22.5,"axis":"y","origin":[7.82843,4.5,9]},"faces":{"north":{"uv":[6,6.5,8,7],"texture":"#3"},"east":{"uv":[7,9,7.5,9.5],"texture":"#3"},"south":{"uv":[7,2,9,2.5],"texture":"#3"},"west":{"uv":[6.5,9,7,9.5],"texture":"#3"},"up":{"uv":[1.5,9,1,7],"rotation":270,"texture":"#3"},"down":{"uv":[2,7,1.5,9],"rotation":90,"texture":"#3"}}},{"from":[5.83843,4.01,4.18157],"to":[9.81843,4.99,6.16157],"rotation":{"angle":-22.5,"axis":"y","origin":[7.82843,4.5,9]},"faces":{"north":{"uv":[8,3,10,3.5],"texture":"#3"},"east":{"uv":[5,8.5,6,9],"texture":"#3"},"south":{"uv":[8,3.5,10,4],"texture":"#3"},"west":{"uv":[4,8.5,5,9],"texture":"#3"},"up":{"uv":[3,5,2,3],"rotation":270,"texture":"#3"},"down":{"uv":[4,3,3,5],"rotation":90,"texture":"#3"}}}],"display":{"thirdperson_righthand":{"translation":[0,4.5,0],"scale":[0.8,0.8,0.8]},"thirdperson_lefthand":{"translation":[0,4.5,0],"scale":[0.8,0.8,0.8]},"firstperson_righthand":{"translation":[0,5.5,0]},"firstperson_lefthand":{"translation":[0,5.5,0]},"ground":{"rotation":[23,-17,0],"translation":[0,0.75,0],"scale":[0.8,0.8,0.8]},"gui":{"rotation":[22.5,0,0],"translation":[0,1.5,0]},"head":{"rotation":[-7,0,6],"translation":[-0.5,16.75,-2.75],"scale":[1.8,1.8,1.8]},"fixed":{"rotation":[90,0,0],"translation":[0,0,3.75]}}}