{"texture_size":[128,128],"elements":[{"from":[0.25,0,0.25],"to":[15.75,9,15.75],"faces":{"north":{"uv":[3.25,4.25,5.25,5.375],"texture":"#0"},"east":{"uv":[5.375,0,7.375,1.125],"texture":"#0"},"south":{"uv":[5.375,1.25,7.375,2.375],"texture":"#0"},"west":{"uv":[5.375,2.5,7.375,3.625],"texture":"#0"},"up":{"uv":[5.25,2,3.25,0],"texture":"#0"},"down":{"uv":[5.25,2.125,3.25,4.125],"texture":"#0"}}},{"from":[-4.5,9,-4.5],"to":[20.5,11,20.5],"faces":{"north":{"uv":[5.375,3.75,8.5,4],"texture":"#0"},"east":{"uv":[5.375,4.125,8.5,4.375],"texture":"#0"},"south":{"uv":[5.375,4.5,8.5,4.75],"texture":"#0"},"west":{"uv":[5.375,4.875,8.5,5.125],"texture":"#0"},"up":{"uv":[3.125,3.125,0,0],"texture":"#0"},"down":{"uv":[3.125,3.25,0,6.375],"texture":"#0"}}},{"from":[-4.5,1,7.5],"to":[-4.5,9,9.5],"rotation":{"angle":0,"axis":"y","origin":[-3,0,0]},"faces":{"north":{"uv":[5.5,6.375,5.5,7.375],"texture":"#0"},"east":{"uv":[5.375,5.25,5.625,6.25],"texture":"#0"},"south":{"uv":[5.625,6.375,5.625,7.375],"texture":"#0"},"west":{"uv":[3.25,5.5,3.5,6.5],"texture":"#0"},"up":{"uv":[5.125,5.75,5.125,5.5],"texture":"#0"},"down":{"uv":[5.25,5.5,5.25,5.75],"texture":"#0"}}},{"from":[7.25,11,7.5],"to":[9.25,12,9.5],"rotation":{"angle":0,"axis":"y","origin":[-3,0,0]},"faces":{"north":{"uv":[6.125,5.625,6.375,5.75],"texture":"#0"},"east":{"uv":[6.125,5.875,6.375,6],"texture":"#0"},"south":{"uv":[6.125,6.125,6.375,6.25],"texture":"#0"},"west":{"uv":[5.125,6.375,5.375,6.5],"texture":"#0"},"up":{"uv":[6,6.25,5.75,6],"texture":"#0"},"down":{"uv":[6.375,5.25,6.125,5.5],"texture":"#0"}}},{"from":[-5.6,-6.1,7.4],"to":[-3.4,2.1,9.6],"rotation":{"angle":-45,"axis":"y","origin":[-4.5,-3,8.5]},"faces":{"north":{"uv":[3.625,5.5,3.875,6.5],"texture":"#0"},"east":{"uv":[4,5.5,4.25,6.5],"texture":"#0"},"south":{"uv":[4.375,5.5,4.625,6.5],"texture":"#0"},"west":{"uv":[4.75,5.5,5,6.5],"texture":"#0"},"up":{"uv":[6,5.5,5.75,5.25],"texture":"#0"},"down":{"uv":[6,5.625,5.75,5.875],"texture":"#0"}}},{"from":[-5.5,-8,7.5],"to":[-3.5,0,9.5],"rotation":{"angle":-45,"axis":"y","origin":[-4.5,-3,8.5]},"faces":{"north":{"uv":[4.75,5.5,5,6.5],"texture":"#0"},"east":{"uv":[3.625,5.5,3.875,6.5],"texture":"#0"},"south":{"uv":[4,5.5,4.25,6.5],"texture":"#0"},"west":{"uv":[4.375,5.5,4.625,6.5],"texture":"#0"},"up":{"uv":[6,5.5,5.75,5.25],"rotation":90,"texture":"#0"},"down":{"uv":[6,5.625,5.75,5.875],"rotation":270,"texture":"#0"}}}],"display":{"thirdperson_righthand":{"rotation":[60,-155,0],"translation":[0,2,-2],"scale":[0.4,0.4,0.4]},"thirdperson_lefthand":{"rotation":[60,20,0],"translation":[0,2,-2],"scale":[0.4,0.4,0.4]},"firstperson_righthand":{"translation":[0,3.5,0],"scale":[0.3,0.3,0.3]},"firstperson_lefthand":{"translation":[0,3.5,0],"scale":[0.3,0.3,0.3]},"ground":{"translation":[0,3,0],"scale":[0.4,0.4,0.4]},"gui":{"rotation":[22.5,135,0],"translation":[0,0.5,0],"scale":[0.42,0.42,0.42]},"head":{"rotation":[2,0,0],"translation":[0,9,0.25]},"fixed":{"rotation":[-90,0,0],"translation":[0,0,-8.75],"scale":[1.1,1.1,1.1]}}}