{"display":{"thirdperson_righthand":{"rotation":[-85,0,0],"translation":[0,1.25,0],"scale":[0.9,0.9,0.9]},"thirdperson_lefthand":{"rotation":[-85,0,0],"translation":[0,1.25,0],"scale":[0.9,0.9,0.9]},"firstperson_righthand":{"rotation":[-71,0,5],"translation":[5.25,9.58,0],"scale":[0.7,0.7,0.7]},"firstperson_lefthand":{"rotation":[-71,0,5],"translation":[5.25,9.58,0],"scale":[0.7,0.7,0.7]},"ground":{"rotation":[74,73,0],"translation":[0,1,0],"scale":[0.5,0.5,0.5]},"gui":{"rotation":[90,45,-90],"translation":[0.75,0.5,0],"scale":[0.46,0.46,0.46]},"fixed":{"rotation":[90,45,-90],"translation":[0.25,0.25,0],"scale":[0.5,0.5,0.5]}},"texture_size":[64,64],"textures":{"0":"civilization:item/tools/elvish_spear/elvish_spear_blade","1":"civilization:item/tools/elvish_spear/elvish_spear_base_texture","particle":"civilization:item/tools/elvish_spear/elvish_spear_base_texture"},"elements":[{"from":[7,-9,6.62028],"to":[9,9,8.62028],"rotation":{"angle":0,"axis":"y","origin":[8,-0.5,7.62028]},"faces":{"north":{"uv":[1.5,0,2,4.5],"texture":"#1"},"east":{"uv":[2,0,2.5,4.5],"texture":"#1"},"south":{"uv":[2.5,0,3,4.5],"texture":"#1"},"west":{"uv":[3,0,3.5,4.5],"texture":"#1"},"up":{"uv":[6.25,3.5,5.75,3],"texture":"#1"},"down":{"uv":[4.5,6,4,6.5],"texture":"#1"}}},{"from":[7.5,-16,6.62028],"to":[8.5,-10,8.62028],"rotation":{"angle":0,"axis":"y","origin":[8,5.67157,8]},"faces":{"north":{"uv":[1,10.5,1.5,13.5],"texture":"#0"},"east":{"uv":[8,0,9,3],"texture":"#0"},"south":{"uv":[10.5,4.5,11,7.5],"texture":"#0"},"west":{"uv":[6.5,8,7.5,11],"texture":"#0"},"up":{"uv":[12,6,11.5,5],"texture":"#0"},"down":{"uv":[12,6,11.5,7],"texture":"#0"}}},{"from":[7.49,-6.68841,16.80297],"to":[8.51,-3.66841,19.82297],"rotation":{"angle":45,"axis":"x","origin":[8,5.67157,8]},"faces":{"north":{"uv":[7,11,7.5,12.5],"texture":"#0"},"east":{"uv":[9,9,10.5,10.5],"texture":"#0"},"south":{"uv":[11,7,11.5,8.5],"texture":"#0"},"west":{"uv":[1.5,9.5,3,11],"texture":"#0"},"up":{"uv":[11.5,10,11,8.5],"texture":"#0"},"down":{"uv":[11.5,10,11,11.5],"texture":"#0"}}},{"from":[7.5,-10.67841,21.81297],"to":[8.5,-8.67841,23.81297],"rotation":{"angle":45,"axis":"x","origin":[8,5.67157,8]},"faces":{"north":{"uv":[11.5,7,12,8],"texture":"#0"},"east":{"uv":[8,10.5,9,11.5],"texture":"#0"},"south":{"uv":[8,11.5,8.5,12.5],"texture":"#0"},"west":{"uv":[9,10.5,10,11.5],"texture":"#0"},"up":{"uv":[12,9,11.5,8],"texture":"#0"},"down":{"uv":[9,11.5,8.5,12.5],"texture":"#0"}}},{"from":[8,-16,6.22028],"to":[8,-10,9.22028],"rotation":{"angle":0,"axis":"y","origin":[8,5.67157,7.5]},"faces":{"north":{"uv":[0,0,0,3],"texture":"#0"},"east":{"uv":[6,5,7.5,8],"texture":"#0"},"south":{"uv":[0,0,0,3],"texture":"#0"},"west":{"uv":[0,7.5,1.5,10.5],"texture":"#0"},"up":{"uv":[0,1.5,0,0],"texture":"#0"},"down":{"uv":[0,0,0,1.5],"texture":"#0"}}},{"from":[8,-10.82485,21.45942],"to":[8,-7.82485,24.45942],"rotation":{"angle":45,"axis":"x","origin":[7,6.02513,7.64645]},"faces":{"north":{"uv":[0,0,0,1.5],"texture":"#0"},"east":{"uv":[3,9.5,4.5,11],"texture":"#0"},"south":{"uv":[0,0,0,1.5],"texture":"#0"},"west":{"uv":[9.5,3,11,4.5],"texture":"#0"},"up":{"uv":[0,1.5,0,0],"texture":"#0"},"down":{"uv":[0,0,0,1.5],"texture":"#0"}}},{"from":[8,-6.82485,16.45942],"to":[8,-2.82485,20.45942],"rotation":{"angle":45,"axis":"x","origin":[7,6.02513,7.64645]},"faces":{"north":{"uv":[0,0,0,2],"texture":"#0"},"east":{"uv":[7.5,5,9.5,7],"texture":"#0"},"south":{"uv":[0,0,0,2],"texture":"#0"},"west":{"uv":[7.5,7,9.5,9],"texture":"#0"},"up":{"uv":[0,2,0,0],"texture":"#0"},"down":{"uv":[0,0,0,2],"texture":"#0"}}},{"from":[6.95,-6.05,6.57028],"to":[9.05,4.05,8.67028],"rotation":{"angle":0,"axis":"y","origin":[8,-0.5,7.62028]},"faces":{"north":{"uv":[4,3.5,4.5,6],"texture":"#1"},"east":{"uv":[4.5,0,5,2.5],"texture":"#1"},"south":{"uv":[1.5,4.5,2,7],"texture":"#1"},"west":{"uv":[2,4.5,2.5,7],"texture":"#1"},"up":{"uv":[6.75,1.25,6.25,0.75],"texture":"#1"},"down":{"uv":[6.75,1.25,6.25,1.75],"texture":"#1"}}},{"from":[7.5,11,6.12738],"to":[8.5,26,9.12738],"rotation":{"angle":0,"axis":"y","origin":[8,5.67157,8]},"faces":{"north":{"uv":[5.5,7.5,6,15],"texture":"#0"},"east":{"uv":[3,0,4.5,7.5],"texture":"#0"},"south":{"uv":[6,8,6.5,15.5],"texture":"#0"},"west":{"uv":[4.5,0,6,7.5],"texture":"#0"},"up":{"uv":[2,12.5,1.5,11],"texture":"#0"},"down":{"uv":[2.5,11,2,12.5],"texture":"#0"}}},{"from":[7.49,10.99,6.11738],"to":[8.51,26.01,9.13738],"rotation":{"angle":0,"axis":"y","origin":[8,5.67157,8]},"faces":{"north":{"uv":[5.5,0,5.75,3.75],"texture":"#1"},"east":{"uv":[0,0,0.75,3.75],"texture":"#1"},"south":{"uv":[2.5,5.5,2.75,9.25],"texture":"#1"},"west":{"uv":[0.75,0,1.5,3.75],"texture":"#1"},"up":{"uv":[4.5,7.25,4.25,6.5],"texture":"#1"},"down":{"uv":[6.75,4.75,6.5,5.5],"texture":"#1"}}},{"from":[7,9,8.12738],"to":[9,21,10.12738],"rotation":{"angle":0,"axis":"y","origin":[8,15,9.12738]},"faces":{"north":{"uv":[3.5,3.5,4,6.5],"texture":"#1"},"east":{"uv":[0,3.75,0.5,6.75],"texture":"#1"},"south":{"uv":[0.5,3.75,1,6.75],"texture":"#1"},"west":{"uv":[1,3.75,1.5,6.75],"texture":"#1"},"up":{"uv":[6.5,5.75,6,5.25],"texture":"#1"},"down":{"uv":[6.5,5.75,6,6.25],"texture":"#1"}}},{"from":[7.5,10,7.62738],"to":[8.5,13,9.62738],"rotation":{"angle":22.5,"axis":"x","origin":[8,9,10.12738]},"faces":{"north":{"uv":[5.5,6.25,5.75,7],"texture":"#1"},"east":{"uv":[5,1.5,5.5,2.25],"texture":"#1"},"south":{"uv":[5.75,6.25,6,7],"texture":"#1"},"west":{"uv":[5.75,0.75,6.25,1.5],"texture":"#1"},"up":{"uv":[0.75,7.25,0.5,6.75],"texture":"#1"},"down":{"uv":[1,6.75,0.75,7.25],"texture":"#1"}}},{"from":[7.5,13,6.62738],"to":[8.5,16,9.62738],"rotation":{"angle":22.5,"axis":"x","origin":[8,9,10.12738]},"faces":{"north":{"uv":[6,6.25,6.25,7],"texture":"#1"},"east":{"uv":[2.75,5.5,3.5,6.25],"texture":"#1"},"south":{"uv":[6.25,6.25,6.5,7],"texture":"#1"},"west":{"uv":[5.5,3.75,6.25,4.5],"texture":"#1"},"up":{"uv":[6.75,0.75,6.5,0],"texture":"#1"},"down":{"uv":[6.75,1.75,6.5,2.5],"texture":"#1"}}},{"from":[8,5,8.12738],"to":[8,12,12.12738],"rotation":{"angle":22.5,"axis":"x","origin":[8,8.5,10.12738]},"faces":{"north":{"uv":[0,0,0,1.75],"texture":"#1"},"east":{"uv":[3.5,0,4.5,1.75],"texture":"#1"},"south":{"uv":[0,0,0,1.75],"texture":"#1"},"west":{"uv":[3.5,1.75,4.5,3.5],"texture":"#1"},"up":{"uv":[0,1,0,0],"texture":"#1"},"down":{"uv":[0,0,0,1],"texture":"#1"}}},{"from":[7.5,6.85784,5.28677],"to":[8.5,9.85784,7.28677],"rotation":{"angle":45,"axis":"x","origin":[8,5.67157,8]},"faces":{"north":{"uv":[4,6.5,4.25,7.25],"texture":"#1"},"east":{"uv":[5.75,1.5,6.25,2.25],"texture":"#1"},"south":{"uv":[6.5,4,6.75,4.75],"texture":"#1"},"west":{"uv":[5.75,2.25,6.25,3],"texture":"#1"},"up":{"uv":[7,1.25,6.75,0.75],"texture":"#1"},"down":{"uv":[1.25,6.75,1,7.25],"texture":"#1"}}},{"from":[7.5,5.85784,6.28677],"to":[8.5,6.85784,7.28677],"rotation":{"angle":45,"axis":"x","origin":[8,5.67157,8]},"faces":{"north":{"uv":[5,2.25,5.25,2.5],"texture":"#1"},"east":{"uv":[5.25,2.25,5.5,2.5],"texture":"#1"},"south":{"uv":[5.5,5.25,5.75,5.5],"texture":"#1"},"west":{"uv":[5.75,3.5,6,3.75],"texture":"#1"},"up":{"uv":[6,5.5,5.75,5.25],"texture":"#1"},"down":{"uv":[6.25,3.5,6,3.75],"texture":"#1"}}},{"from":[6.5,5.85784,3.28677],"to":[7.5,9.85784,7.28677],"rotation":{"angle":45,"axis":"x","origin":[8,5.67157,8]},"faces":{"north":{"uv":[6.25,1.75,6.5,2.75],"texture":"#1"},"east":{"uv":[2.5,4.5,3.5,5.5],"texture":"#1"},"south":{"uv":[2.75,6.25,3,7.25],"texture":"#1"},"west":{"uv":[4.5,2.5,5.5,3.5],"texture":"#1"},"up":{"uv":[6.5,3.75,6.25,2.75],"texture":"#1"},"down":{"uv":[3.25,6.25,3,7.25],"texture":"#1"}}},{"from":[8.5,5.85784,3.28677],"to":[9.5,9.85784,7.28677],"rotation":{"angle":45,"axis":"x","origin":[8,5.67157,8]},"faces":{"north":{"uv":[3.25,6.25,3.5,7.25],"texture":"#1"},"east":{"uv":[4.5,3.5,5.5,4.5],"texture":"#1"},"south":{"uv":[6.25,3.75,6.5,4.75],"texture":"#1"},"west":{"uv":[4.5,4.5,5.5,5.5],"texture":"#1"},"up":{"uv":[4.75,7.25,4.5,6.25],"texture":"#1"},"down":{"uv":[5,6.25,4.75,7.25],"texture":"#1"}}},{"from":[7.5,5.85784,3.28677],"to":[8.5,9.85784,5.28677],"rotation":{"angle":45,"axis":"x","origin":[8,5.67157,8]},"faces":{"north":{"uv":[10.5,1,11,3],"texture":"#0"},"east":{"uv":[4.5,9.5,5.5,11.5],"texture":"#0"},"south":{"uv":[7.5,10.5,8,12.5],"texture":"#0"},"west":{"uv":[9.5,4.5,10.5,6.5],"texture":"#0"},"up":{"uv":[12,4,11.5,3],"texture":"#0"},"down":{"uv":[12,4,11.5,5],"texture":"#0"}}},{"from":[7.5,5.85784,3.28677],"to":[8.5,7.85784,6.28677],"rotation":{"angle":45,"axis":"x","origin":[8,5.67157,8]},"faces":{"north":{"uv":[4.5,11.5,5,12.5],"texture":"#0"},"east":{"uv":[9.5,8,11,9],"texture":"#0"},"south":{"uv":[5,11.5,5.5,12.5],"texture":"#0"},"west":{"uv":[10.5,0,12,1],"texture":"#0"},"up":{"uv":[3.5,12.5,3,11],"texture":"#0"},"down":{"uv":[4,11,3.5,12.5],"texture":"#0"}}},{"from":[6.5,-6.14216,16.28677],"to":[7.5,-3.14216,19.28677],"rotation":{"angle":45,"axis":"x","origin":[8,5.67157,8]},"faces":{"north":{"uv":[6.5,2.5,6.75,3.25],"texture":"#1"},"east":{"uv":[4.5,5.5,5.25,6.25],"texture":"#1"},"south":{"uv":[6.5,3.25,6.75,4],"texture":"#1"},"west":{"uv":[5.5,4.5,6.25,5.25],"texture":"#1"},"up":{"uv":[3.75,7.25,3.5,6.5],"texture":"#1"},"down":{"uv":[4,6.5,3.75,7.25],"texture":"#1"}}},{"from":[7.5,-6.14216,16.28677],"to":[8.5,-3.14216,19.28677],"rotation":{"angle":45,"axis":"x","origin":[8,5.67157,8]},"faces":{"north":{"uv":[4,11,4.5,12.5],"texture":"#0"},"east":{"uv":[9,1.5,10.5,3],"texture":"#0"},"south":{"uv":[11,4,11.5,5.5],"texture":"#0"},"west":{"uv":[7.5,9,9,10.5],"texture":"#0"},"up":{"uv":[11.5,7,11,5.5],"texture":"#0"},"down":{"uv":[7,11,6.5,12.5],"texture":"#0"}}},{"from":[8.5,-6.14216,16.28677],"to":[9.5,-3.14216,19.28677],"rotation":{"angle":45,"axis":"x","origin":[8,5.67157,8]},"faces":{"north":{"uv":[6.5,5.5,6.75,6.25],"texture":"#1"},"east":{"uv":[5.25,5.5,6,6.25],"texture":"#1"},"south":{"uv":[6.5,6.25,6.75,7],"texture":"#1"},"west":{"uv":[5.75,0,6.5,0.75],"texture":"#1"},"up":{"uv":[0.25,7.5,0,6.75],"texture":"#1"},"down":{"uv":[7,0,6.75,0.75],"texture":"#1"}}},{"from":[7.49,10.32847,6.98307],"to":[8.51,13.34847,9.00307],"rotation":{"angle":-22.5,"axis":"x","origin":[8,11.83847,6.49307]},"faces":{"north":{"uv":[5,6.25,5.25,7],"texture":"#1"},"east":{"uv":[5,0,5.5,0.75],"texture":"#1"},"south":{"uv":[5.25,6.25,5.5,7],"texture":"#1"},"west":{"uv":[5,0.75,5.5,1.5],"texture":"#1"},"up":{"uv":[6.5,5.25,6.25,4.75],"texture":"#1"},"down":{"uv":[0.5,6.75,0.25,7.25],"texture":"#1"}}},{"from":[7.49,10.32847,4.98307],"to":[8.51,13.34847,7.00307],"rotation":{"angle":-22.5,"axis":"x","origin":[8,11.83847,6.49307]},"faces":{"north":{"uv":[2.5,11,3,12.5],"texture":"#0"},"east":{"uv":[9.5,6.5,10.5,8],"texture":"#0"},"south":{"uv":[11,2.5,11.5,4],"texture":"#0"},"west":{"uv":[0,10.5,1,12],"texture":"#0"},"up":{"uv":[12,2,11.5,1],"texture":"#0"},"down":{"uv":[12,2,11.5,3],"texture":"#0"}}},{"from":[7.49,18.7118,-7.70851],"to":[8.51,21.7318,-4.68851],"rotation":{"angle":45,"axis":"x","origin":[8,5.67157,8]},"faces":{"north":{"uv":[10.5,9,11,10.5],"texture":"#0"},"east":{"uv":[8,3,9.5,4.5],"texture":"#0"},"south":{"uv":[10,10.5,10.5,12],"texture":"#0"},"west":{"uv":[9,0,10.5,1.5],"texture":"#0"},"up":{"uv":[11,12,10.5,10.5],"texture":"#0"},"down":{"uv":[11.5,1,11,2.5],"texture":"#0"}}},{"from":[8,9.85993,6.46774],"to":[8,14.85993,10.46774],"rotation":{"angle":-22.5,"axis":"x","origin":[8,5.67157,8]},"faces":{"north":{"uv":[0,0,0,2.5],"texture":"#0"},"east":{"uv":[6,0,8,2.5],"texture":"#0"},"south":{"uv":[0,0,0,2.5],"texture":"#0"},"west":{"uv":[6,2.5,8,5],"texture":"#0"},"up":{"uv":[0,2,0,0],"texture":"#0"},"down":{"uv":[0,0,0,2],"texture":"#0"}}},{"from":[8,12,5.12738],"to":[8,27,8.12738],"rotation":{"angle":0,"axis":"y","origin":[8,5.67157,8]},"faces":{"north":{"uv":[0,0,0,7.5],"texture":"#0"},"east":{"uv":[0,0,1.5,7.5],"texture":"#0"},"south":{"uv":[0,0,0,7.5],"texture":"#0"},"west":{"uv":[1.5,0,3,7.5],"texture":"#0"},"up":{"uv":[0,1.5,0,0],"texture":"#0"},"down":{"uv":[0,0,0,1.5],"texture":"#0"}}},{"from":[8,18.7218,-9.11272],"to":[8,22.7218,-5.11272],"rotation":{"angle":45,"axis":"x","origin":[8,5.67157,8]},"faces":{"north":{"uv":[0,0,0,2],"texture":"#0"},"east":{"uv":[1.5,7.5,3.5,9.5],"texture":"#0"},"south":{"uv":[0,0,0,2],"texture":"#0"},"west":{"uv":[3.5,7.5,5.5,9.5],"texture":"#0"},"up":{"uv":[0,2,0,0],"texture":"#0"},"down":{"uv":[0,0,0,2],"texture":"#0"}}}],"gui_light":"front"}