{"texture_size":[64,64],"elements":[{"from":[3.5,5,5.875],"to":[12.5,12,13.875],"rotation":{"angle":0,"axis":"y","origin":[-0.5,0,3.875]},"faces":{"north":{"uv":[2.5,0,4.75,1.75],"texture":"#0"},"east":{"uv":[2,4.5,0,6.25],"texture":"#0"},"south":{"uv":[2.5,2,4.75,3.75],"texture":"#0"},"west":{"uv":[0,4.5,2,6.25],"texture":"#0"},"up":{"uv":[2.25,2,0,0],"texture":"#0"},"down":{"uv":[2.25,2.25,0,4.25],"texture":"#0"}}},{"from":[12.5,12,13.875],"to":[3.5,5,5.875],"rotation":{"angle":0,"axis":"y","origin":[8,8.5,9.875]},"faces":{"north":{"uv":[2.5,2,4.75,3.75],"rotation":180,"texture":"#0"},"east":{"uv":[2,4.5,0,6.25],"rotation":180,"texture":"#0"},"south":{"uv":[2.5,0,4.75,1.75],"rotation":180,"texture":"#0"},"west":{"uv":[0,4.5,2,6.25],"rotation":180,"texture":"#0"},"up":{"uv":[2.25,2.25,0,4.25],"texture":"#0"},"down":{"uv":[2.25,2,0,0],"texture":"#0"}}},{"from":[3.5,5.25,6.375],"to":[12.5,10.25,12.375],"rotation":{"angle":0,"axis":"y","origin":[-0.5,0,3.875]},"faces":{"north":{"uv":[4.75,1.75,7,3],"texture":"#0"},"east":{"uv":[2.25,6,3.75,7.25],"texture":"#0"},"south":{"uv":[4.5,5.75,6.75,7],"texture":"#0"},"west":{"uv":[0,6.5,1.5,7.75],"texture":"#0"},"up":{"uv":[6.5,5.5,4.75,4],"texture":"#0"},"down":{"uv":[6.75,0,5,1.5],"texture":"#0"}}},{"from":[4.375,3,6.375],"to":[11.625,5,8.375],"rotation":{"angle":0,"axis":"y","origin":[-0.375,0,3.875]},"faces":{"north":{"uv":[5,3.25,6.75,3.75],"texture":"#0"},"east":{"uv":[4,6,4.5,6.5],"texture":"#0"},"south":{"uv":[6.75,4,8.5,4.5],"texture":"#0"},"west":{"uv":[4,6.75,4.5,7.25],"texture":"#0"},"up":{"uv":[8.5,5.25,6.75,4.75],"texture":"#0"},"down":{"uv":[8.5,5.5,6.75,6],"texture":"#0"}}},{"from":[4.25,6.25,6.125],"to":[6.25,8.25,6.125],"rotation":{"angle":0,"axis":"y","origin":[0,0,3.875]},"faces":{"north":{"uv":[7,0,7.5,0.5],"texture":"#0"},"east":{"uv":[0,0,0,0.5],"texture":"#0"},"south":{"uv":[7,0,7.5,0.5],"texture":"#0"},"west":{"uv":[0,0,0,0.5],"texture":"#0"},"up":{"uv":[0,0,0.5,0],"texture":"#0"},"down":{"uv":[0,0,0.5,0],"texture":"#0"}}},{"from":[9.75,6.25,6.125],"to":[11.75,8.25,6.125],"rotation":{"angle":0,"axis":"y","origin":[16,0,3.875]},"faces":{"north":{"uv":[7.5,0,7,0.5],"texture":"#0"},"east":{"uv":[0,0,0,0.5],"texture":"#0"},"south":{"uv":[7.5,0,7,0.5],"texture":"#0"},"west":{"uv":[0,0,0,0.5],"texture":"#0"},"up":{"uv":[0.5,0,0,0],"texture":"#0"},"down":{"uv":[0.5,0,0,0],"texture":"#0"}}},{"from":[13,12.5,14.375],"to":[3,4.5,5.375],"rotation":{"angle":0,"axis":"y","origin":[17.5,8.5,18.125]},"faces":{"north":{"uv":[11.5,2.5,14,4.5],"texture":"#0"},"east":{"uv":[8.75,5,11,7],"texture":"#0"},"south":{"uv":[11.5,2.5,14,4.5],"texture":"#0"},"west":{"uv":[8.75,5,11,7],"texture":"#0"},"up":{"uv":[8.75,2.5,11.25,4.75],"texture":"#0"},"down":{"uv":[10,0,12.5,2.25],"texture":"#0"}}},{"from":[13,20.5,14.375],"to":[3,12.5,5.375],"rotation":{"angle":0,"axis":"y","origin":[8,16.5,9.875]},"faces":{"north":{"uv":[0.25,11.25,2.75,13.25],"rotation":180,"texture":"#0"},"east":{"uv":[5.75,11,8,13],"rotation":180,"texture":"#0"},"south":{"uv":[0.25,13.5,2.75,15.5],"rotation":180,"texture":"#0"},"west":{"uv":[5.75,13.25,8,15.25],"rotation":180,"texture":"#0"},"up":{"uv":[3,13.25,5.5,15.5],"texture":"#0"},"down":{"uv":[3,10.75,5.5,13],"texture":"#0"}}},{"from":[12.075,5.025,8.6],"to":[3.875,2.825,5.4],"rotation":{"angle":0,"axis":"y","origin":[15.375,2.5,13.125]},"faces":{"north":{"uv":[7.5,7.75,9.5,8.25],"texture":"#0"},"east":{"uv":[0,8,0.75,8.5],"texture":"#0"},"south":{"uv":[7.5,8.5,9.5,9],"texture":"#0"},"west":{"uv":[0.75,8,1.5,8.5],"texture":"#0"},"up":{"uv":[4.5,7.5,6.5,8.25],"texture":"#0"},"down":{"uv":[1.75,7.5,3.75,8.25],"texture":"#0"}}}],"gui_light":"front","display":{"thirdperson_righthand":{"rotation":[68,15,0],"translation":[-0.5,2,-1.5],"scale":[0.65,0.65,0.65]},"thirdperson_lefthand":{"rotation":[68,15,0],"translation":[-0.5,2,-1.5],"scale":[0.65,0.65,0.65]},"firstperson_righthand":{"rotation":[0,10,0],"translation":[0.5,2.5,0],"scale":[0.5,0.5,0.5]},"firstperson_lefthand":{"rotation":[0,10,0],"translation":[0.5,2.5,0],"scale":[0.5,0.5,0.5]},"ground":{"translation":[0,3,0],"scale":[0.8,0.8,0.8]},"gui":{"rotation":[22.5,135,0],"translation":[-1,-2.75,0],"scale":[0.75,0.75,0.75]},"head":{"rotation":[0.5,0,0],"translation":[0,1.75,-4.5],"scale":[2,2,2]}}}