{"display":{"thirdperson_righthand":{"translation":[0,-2.5,-1],"scale":[0.8,0.8,0.8]},"thirdperson_lefthand":{"translation":[0,-2.5,-1],"scale":[0.8,0.8,0.8]},"firstperson_righthand":{"rotation":[18,5,0],"translation":[2,4,-4.75],"scale":[0.6,0.6,0.6]},"firstperson_lefthand":{"rotation":[18,5,0],"translation":[2,4,-4.75],"scale":[0.6,0.6,0.6]},"ground":{"rotation":[27,-20,90],"scale":[0.5,0.5,0.5]},"gui":{"rotation":[90,45,90],"translation":[-1,1.5,0],"scale":[0.5,0.5,0.5]},"fixed":{"rotation":[0,90,0],"scale":[0.5,0.5,0.5]}},"texture_size":[64,64],"textures":{"1":"civilization:item/tools/ender_bow/pearl/4","particle":"civilization:item/tools/ender_bow/pearl/4"},"elements":[{"from":[6.5,6,2.58191],"to":[9.5,11,7.58191],"rotation":{"angle":45,"axis":"x","origin":[8.5,8.5,5.08191]},"faces":{"north":{"uv":[4,7.75,4.75,9],"texture":"#1"},"east":{"uv":[5.75,3.75,7,5],"texture":"#1"},"south":{"uv":[4.75,7.75,5.5,9],"texture":"#1"},"west":{"uv":[5.75,5,7,6.25],"texture":"#1"},"up":{"uv":[6.25,9,5.5,7.75],"texture":"#1"},"down":{"uv":[8.5,6.25,7.75,7.5],"texture":"#1"}}},{"from":[6.4,7.5,4.58191],"to":[6.4,9.5,5.58191],"rotation":{"angle":0,"axis":"y","origin":[6.5,8.5,5.08191]},"faces":{"north":{"uv":[0,0,0,0.5],"texture":"#1"},"east":{"uv":[11,4.75,11.25,5.25],"texture":"#1"},"south":{"uv":[0,0,0,0.5],"texture":"#1"},"west":{"uv":[7.75,11.5,8,12],"texture":"#1"},"up":{"uv":[0,0.25,0,0],"texture":"#1"},"down":{"uv":[0,0,0,0.25],"texture":"#1"}}},{"from":[9.6,7.5,4.58191],"to":[9.6,9.5,5.58191],"rotation":{"angle":0,"axis":"y","origin":[9.5,8.5,5.08191]},"faces":{"north":{"uv":[0,0,0,0.5],"texture":"#1"},"east":{"uv":[8,11.5,8.25,12],"texture":"#1"},"south":{"uv":[0,0,0,0.5],"texture":"#1"},"west":{"uv":[8.25,11.5,8.5,12],"texture":"#1"},"up":{"uv":[0,0.25,0,0],"texture":"#1"},"down":{"uv":[0,0,0,0.25],"texture":"#1"}}},{"from":[7,12.04629,5.54699],"to":[9,14.04629,11.54699],"rotation":{"angle":22.5,"axis":"x","origin":[8,13.04629,7.54699]},"faces":{"north":{"uv":[10.75,8.25,11.25,8.75],"texture":"#1"},"east":{"uv":[8.5,3.75,10,4.25],"texture":"#1"},"south":{"uv":[6.25,11.25,6.75,11.75],"texture":"#1"},"west":{"uv":[8.5,4.25,10,4.75],"texture":"#1"},"up":{"uv":[9,7.5,8.5,6],"texture":"#1"},"down":{"uv":[6.75,8.75,6.25,10.25],"texture":"#1"}}},{"from":[6.979,17.40328,4.21006],"to":[9.021,20.44528,10.25206],"rotation":{"angle":-45,"axis":"x","origin":[7.995,19.81409,12.02342]},"faces":{"north":{"uv":[7.25,6.25,7.75,7],"texture":"#1"},"east":{"uv":[3.75,7,5.25,7.75],"texture":"#1"},"south":{"uv":[10.75,5.25,11.25,6],"texture":"#1"},"west":{"uv":[7,3.75,8.5,4.5],"texture":"#1"},"up":{"uv":[7.25,10.25,6.75,8.75],"texture":"#1"},"down":{"uv":[9.25,8.25,8.75,9.75],"texture":"#1"}}},{"from":[7.5,12.46514,7.46312],"to":[8.5,15.46514,9.46312],"rotation":{"angle":-22.5,"axis":"x","origin":[8,14.96514,9.06312]},"faces":{"north":{"uv":[3.75,11.5,4,12.25],"texture":"#1"},"east":{"uv":[10.75,6,11.25,6.75],"texture":"#1"},"south":{"uv":[11.5,4.5,11.75,5.25],"texture":"#1"},"west":{"uv":[10.75,6.75,11.25,7.5],"texture":"#1"},"up":{"uv":[11.75,9.5,11.5,9],"texture":"#1"},"down":{"uv":[11.75,9.5,11.5,10],"texture":"#1"}}},{"from":[6.47,-4.66232,16.07794],"to":[9.47,-0.66232,20.07794],"rotation":{"angle":-22.5,"axis":"x","origin":[7.97,-2.66232,18.07794]},"faces":{"north":{"uv":[9.75,8.75,10.5,9.75],"texture":"#1"},"east":{"uv":[2,7.75,3,8.75],"texture":"#1"},"south":{"uv":[9.75,9.75,10.5,10.75],"texture":"#1"},"west":{"uv":[3,7.75,4,8.75],"texture":"#1"},"up":{"uv":[10.75,4.75,10,3.75],"texture":"#1"},"down":{"uv":[4.75,10,4,11],"texture":"#1"}}},{"from":[7.01,8.44943,9.63519],"to":[8.99,12.42943,11.61519],"rotation":{"angle":0,"axis":"y","origin":[8,12.43943,8.62519]},"faces":{"north":{"uv":[6.25,10.25,6.75,11.25],"texture":"#1"},"east":{"uv":[6.75,10.25,7.25,11.25],"texture":"#1"},"south":{"uv":[10.25,6.75,10.75,7.75],"texture":"#1"},"west":{"uv":[10.25,7.75,10.75,8.75],"texture":"#1"},"up":{"uv":[11.75,7.5,11.25,7],"texture":"#1"},"down":{"uv":[11.75,7.5,11.25,8],"texture":"#1"}}},{"from":[6.979,-3.5747,4.23835],"to":[9.021,-0.5327,10.28035],"rotation":{"angle":45,"axis":"x","origin":[7.995,-2.9435,12.0517]},"faces":{"north":{"uv":[10.25,10.75,10.75,11.5],"texture":"#1"},"east":{"uv":[7,4.5,8.5,5.25],"texture":"#1"},"south":{"uv":[10.75,10.75,11.25,11.5],"texture":"#1"},"west":{"uv":[5.25,7,6.75,7.75],"texture":"#1"},"up":{"uv":[8.25,10.5,7.75,9],"texture":"#1"},"down":{"uv":[8.75,9,8.25,10.5],"texture":"#1"}}},{"from":[6.98,-4.35854,10.6984],"to":[8.96,-1.37854,17.6784],"rotation":{"angle":22.5,"axis":"x","origin":[7.97,-2.37859,16.11266]},"faces":{"north":{"uv":[2,11,2.5,11.75],"texture":"#1"},"east":{"uv":[5.5,6.25,7.25,7],"texture":"#1"},"south":{"uv":[2.5,11,3,11.75],"texture":"#1"},"west":{"uv":[2,7,3.75,7.75],"texture":"#1"},"up":{"uv":[3.5,10.5,3,8.75],"texture":"#1"},"down":{"uv":[4,8.75,3.5,10.5],"texture":"#1"}}},{"from":[7.5,-3.93679,10.14344],"to":[8.5,-1.93679,14.14344],"rotation":{"angle":22.5,"axis":"x","origin":[8,-2.93679,12.14344]},"faces":{"north":{"uv":[9.75,11.5,10,12],"texture":"#1"},"east":{"uv":[10,4.75,11,5.25],"texture":"#1"},"south":{"uv":[10,11.5,10.25,12],"texture":"#1"},"west":{"uv":[2,10.5,3,11],"texture":"#1"},"up":{"uv":[11.5,11.5,11.25,10.5],"texture":"#1"},"down":{"uv":[11.75,0,11.5,1],"texture":"#1"}}},{"from":[7.5,-0.67364,11.38266],"to":[8.5,3.32636,13.38266],"rotation":{"angle":-45,"axis":"x","origin":[7.995,-3.65851,13.57104]},"faces":{"north":{"uv":[3.25,11.5,3.5,12.5],"texture":"#1"},"east":{"uv":[10.5,9.75,11,10.75],"texture":"#1"},"south":{"uv":[3.5,11.5,3.75,12.5],"texture":"#1"},"west":{"uv":[10.75,3.75,11.25,4.75],"texture":"#1"},"up":{"uv":[11,12,10.75,11.5],"texture":"#1"},"down":{"uv":[11.25,11.5,11,12],"texture":"#1"}}},{"from":[8,-1.85336,15.23055],"to":[8,9.64664,16.23055],"rotation":{"angle":22.5,"axis":"x","origin":[8,-4.60336,15.73055]},"faces":{"north":{"uv":[0,0,0,3],"texture":"#1"},"east":{"uv":[9.25,7,9.5,10],"texture":"#1"},"south":{"uv":[0,0,0,3],"texture":"#1"},"west":{"uv":[9.5,7,9.75,10],"texture":"#1"},"up":{"uv":[0,0.25,0,0],"texture":"#1"},"down":{"uv":[0,0,0,0.25],"texture":"#1"}}},{"from":[6.98,17.40428,4.21107],"to":[9.02,20.44428,10.25107],"rotation":{"angle":-45,"axis":"x","origin":[7.995,19.81408,12.02342]},"faces":{"north":{"uv":[10.25,11.5,10.75,10.75],"texture":"#1"},"east":{"uv":[7,5.25,8.5,4.5],"texture":"#1"},"south":{"uv":[10.75,11.5,11.25,10.75],"texture":"#1"},"west":{"uv":[5.25,7.75,6.75,7],"texture":"#1"},"up":{"uv":[8.75,10.5,8.25,9],"texture":"#1"},"down":{"uv":[8.25,9,7.75,10.5],"texture":"#1"}}},{"from":[6.98,18.24912,10.67012],"to":[8.96,21.22912,17.65012],"rotation":{"angle":-22.5,"axis":"x","origin":[7.97,19.24917,16.08438]},"faces":{"north":{"uv":[2,11.75,2.5,11],"texture":"#1"},"east":{"uv":[5.5,7,7.25,6.25],"texture":"#1"},"south":{"uv":[2.5,11.75,3,11],"texture":"#1"},"west":{"uv":[2,7.75,3.75,7],"texture":"#1"},"up":{"uv":[4,10.5,3.5,8.75],"texture":"#1"},"down":{"uv":[3.5,8.75,3,10.5],"texture":"#1"}}},{"from":[7.5,18.80737,10.11516],"to":[8.5,20.80737,14.11516],"rotation":{"angle":-22.5,"axis":"x","origin":[8,19.80737,12.11516]},"faces":{"north":{"uv":[9.75,12,10,11.5],"texture":"#1"},"east":{"uv":[10,5.25,11,4.75],"texture":"#1"},"south":{"uv":[10,12,10.25,11.5],"texture":"#1"},"west":{"uv":[2,11,3,10.5],"texture":"#1"},"up":{"uv":[11.75,1,11.5,0],"texture":"#1"},"down":{"uv":[11.5,10.5,11.25,11.5],"texture":"#1"}}},{"from":[6.47,17.5329,16.04966],"to":[9.47,21.5329,20.04966],"rotation":{"angle":22.5,"axis":"x","origin":[7.97,19.5329,18.04966]},"faces":{"north":{"uv":[9.75,9.75,10.5,8.75],"texture":"#1"},"east":{"uv":[2,8.75,3,7.75],"texture":"#1"},"south":{"uv":[9.75,10.75,10.5,9.75],"texture":"#1"},"west":{"uv":[3,8.75,4,7.75],"texture":"#1"},"up":{"uv":[4.75,11,4,10],"texture":"#1"},"down":{"uv":[10.75,3.75,10,4.75],"texture":"#1"}}},{"from":[7.5,13.54422,11.35438],"to":[8.5,17.54422,13.35438],"rotation":{"angle":45,"axis":"x","origin":[7.995,20.52909,13.54276]},"faces":{"north":{"uv":[3.25,12.5,3.5,11.5],"texture":"#1"},"east":{"uv":[10.5,10.75,11,9.75],"texture":"#1"},"south":{"uv":[3.5,12.5,3.75,11.5],"texture":"#1"},"west":{"uv":[10.75,4.75,11.25,3.75],"texture":"#1"},"up":{"uv":[11.25,12,11,11.5],"texture":"#1"},"down":{"uv":[11,11.5,10.75,12],"texture":"#1"}}},{"from":[8,7.22394,15.20227],"to":[8,18.72394,16.20227],"rotation":{"angle":-22.5,"axis":"x","origin":[8,21.47394,15.70227]},"faces":{"north":{"uv":[0,3,0,0],"texture":"#1"},"east":{"uv":[9.25,10,9.5,7],"texture":"#1"},"south":{"uv":[0,3,0,0],"texture":"#1"},"west":{"uv":[9.5,10,9.75,7],"texture":"#1"},"up":{"uv":[0,0.25,0,0],"texture":"#1"},"down":{"uv":[0,0,0,0.25],"texture":"#1"}}},{"from":[6.98,15.45974,0.01652],"to":[9.02,18.49974,5.05652],"rotation":{"angle":-45,"axis":"x","origin":[7.995,17.86954,10.07887]},"faces":{"north":{"uv":[4,11,4.5,11.75],"texture":"#1"},"east":{"uv":[7.75,7.5,9,8.25],"texture":"#1"},"south":{"uv":[8.75,11,9.25,11.75],"texture":"#1"},"west":{"uv":[8,5.25,9.25,6],"texture":"#1"},"up":{"uv":[9.25,11,8.75,9.75],"texture":"#1"},"down":{"uv":[5.25,10,4.75,11.25],"texture":"#1"}}},{"from":[6.98,3.26465,2.35481],"to":[9.02,6.30465,7.39481],"rotation":{"angle":45,"axis":"x","origin":[8,4.28465,5.37481]},"faces":{"north":{"uv":[9.25,11,9.75,11.75],"texture":"#1"},"east":{"uv":[6.25,8,7.5,8.75],"texture":"#1"},"south":{"uv":[11,9.75,11.5,10.5],"texture":"#1"},"west":{"uv":[7.5,8.25,8.75,9],"texture":"#1"},"up":{"uv":[5.75,11.25,5.25,10],"texture":"#1"},"down":{"uv":[6.25,10,5.75,11.25],"texture":"#1"}}},{"from":[7.01,4.46943,9.63519],"to":[8.99,8.44943,11.61519],"rotation":{"angle":0,"axis":"y","origin":[8,4.45943,8.62519]},"faces":{"north":{"uv":[3,10.5,3.5,11.5],"texture":"#1"},"east":{"uv":[3.5,10.5,4,11.5],"texture":"#1"},"south":{"uv":[7.75,10.5,8.25,11.5],"texture":"#1"},"west":{"uv":[8.25,10.5,8.75,11.5],"texture":"#1"},"up":{"uv":[11.75,8.5,11.25,8],"texture":"#1"},"down":{"uv":[12,1,11.5,1.5],"texture":"#1"}}},{"from":[7,2.85258,5.54699],"to":[9,4.85258,11.54699],"rotation":{"angle":-22.5,"axis":"x","origin":[8,3.85258,7.54699]},"faces":{"north":{"uv":[11.5,1.5,12,2],"texture":"#1"},"east":{"uv":[8.5,4.75,10,5.25],"texture":"#1"},"south":{"uv":[11.5,2,12,2.5],"texture":"#1"},"west":{"uv":[9.25,5.25,10.75,5.75],"texture":"#1"},"up":{"uv":[10.25,7.25,9.75,5.75],"texture":"#1"},"down":{"uv":[10.25,7.25,9.75,8.75],"texture":"#1"}}},{"from":[7.5,1.43372,7.46312],"to":[8.5,4.43372,9.46312],"rotation":{"angle":22.5,"axis":"x","origin":[8,1.93372,9.06312]},"faces":{"north":{"uv":[11.5,5.25,11.75,6],"texture":"#1"},"east":{"uv":[11.25,3.75,11.75,4.5],"texture":"#1"},"south":{"uv":[11.5,6,11.75,6.75],"texture":"#1"},"west":{"uv":[4.5,11.25,5,12],"texture":"#1"},"up":{"uv":[11.75,10.5,11.5,10],"texture":"#1"},"down":{"uv":[10.5,11.5,10.25,12],"texture":"#1"}}},{"from":[7.98,5.86465,-0.92],"to":[8.02,10.90465,22.12],"rotation":{"angle":-45,"axis":"z","origin":[8,8.38465,10.9]},"faces":{"north":{"uv":[5.5,11.25,5.75,12.5],"texture":"#1"},"east":{"uv":[0,5,5.75,6.25],"texture":"#1"},"south":{"uv":[5.75,11.25,6,12.5],"texture":"#1"},"west":{"uv":[5.75,0,11.5,1.25],"texture":"#1"},"up":{"uv":[1.25,12,1,6.25],"texture":"#1"},"down":{"uv":[1.5,6.25,1.25,12],"texture":"#1"}}},{"from":[7.98,5.86465,-0.92],"to":[8.02,10.90465,22.12],"rotation":{"angle":45,"axis":"z","origin":[8,8.38465,10.9]},"faces":{"north":{"uv":[11.25,5.75,11.5,7],"texture":"#1"},"east":{"uv":[5.75,1.25,11.5,2.5],"texture":"#1"},"south":{"uv":[6,11.25,6.25,12.5],"texture":"#1"},"west":{"uv":[5.75,2.5,11.5,3.75],"texture":"#1"},"up":{"uv":[1.75,12,1.5,6.25],"texture":"#1"},"down":{"uv":[2,6.25,1.75,12],"texture":"#1"}}}],"gui_light":"front"}