{"texture_size":[64,64],"elements":[{"name":"rim","from":[3,0,3],"to":[13,2,13],"faces":{"north":{"uv":[2.5,0,5,0.5],"texture":"#0"},"east":{"uv":[0,0,2.5,0.5],"texture":"#0"},"south":{"uv":[7.5,0,10,0.5],"texture":"#0"},"west":{"uv":[5,0,7.5,0.5],"texture":"#0"},"up":{"uv":[0,0.5,2.5,3],"texture":"#0"},"down":{"uv":[2.5,0.5,5,3],"texture":"#0"}}},{"name":"brain","from":[3.5,2,3.5],"to":[12.5,5,12.5],"faces":{"north":{"uv":[0,6.5,2.25,7.25],"texture":"#0"},"east":{"uv":[6.75,6.5,9,7.25],"texture":"#0"},"south":{"uv":[4.5,6.5,6.75,7.25],"texture":"#0"},"west":{"uv":[2.25,6.5,4.5,7.25],"texture":"#0"},"up":{"uv":[0,7.25,2.25,9.5],"texture":"#0"},"down":{"uv":[2.25,7.25,4.5,9.5],"texture":"#0"}}}],"display":{"thirdperson_righthand":{"rotation":[69,40,0],"translation":[-2,3,3],"scale":[0.75,0.75,0.75]},"thirdperson_lefthand":{"rotation":[69,40,0],"translation":[-2,3,3],"scale":[0.75,0.75,0.75]},"firstperson_righthand":{"rotation":[0,12.5,0],"translation":[0,6,0],"scale":[0.6,0.6,0.6]},"firstperson_lefthand":{"rotation":[0,12.5,0],"translation":[0,6,0],"scale":[0.6,0.6,0.6]},"ground":{"translation":[0,3,0],"scale":[0.61,0.61,0.61]},"gui":{"rotation":[22.5,135,0],"translation":[0,4.5,0]},"head":{"translation":[0,14.5,0],"scale":[1.61,1.61,1.61]},"fixed":{"rotation":[-90,0,0],"translation":[0,0,-16],"scale":[2,2,2]}}}