{"texture_size":[64,64],"elements":[{"from":[0,0,5],"to":[4,7,12],"faces":{"north":{"uv":[0,4,1,5.75],"texture":"#0"},"east":{"uv":[0,0,1.75,1.75],"texture":"#0"},"south":{"uv":[4.25,0,5.25,1.75],"texture":"#0"},"west":{"uv":[0,2,1.75,3.75],"texture":"#0"},"up":{"uv":[2.25,6.25,1.25,4.5],"texture":"#0"},"down":{"uv":[5.5,2,4.5,3.75],"texture":"#0"}}},{"from":[1,6,6.5],"to":[4,13,10.5],"faces":{"north":{"uv":[5.5,4,6.25,5.75],"texture":"#0"},"east":{"uv":[2,2.5,3,4.25],"texture":"#0"},"south":{"uv":[5.75,2,6.5,3.75],"texture":"#0"},"west":{"uv":[3.25,2.5,4.25,4.25],"texture":"#0"},"up":{"uv":[2.25,7.5,1.5,6.5],"texture":"#0"},"down":{"uv":[7.25,4,6.5,5],"texture":"#0"}}},{"from":[4,10,6.5],"to":[12,13,10.5],"faces":{"north":{"uv":[5.5,0,7.5,0.75],"texture":"#0"},"east":{"uv":[6.75,2,7.75,2.75],"texture":"#0"},"south":{"uv":[5.5,1,7.5,1.75],"texture":"#0"},"west":{"uv":[6.75,3,7.75,3.75],"texture":"#0"},"up":{"uv":[4,1,2,0],"texture":"#0"},"down":{"uv":[4,1.25,2,2.25],"texture":"#0"}}},{"from":[-1,1,6],"to":[0,6,11],"faces":{"north":{"uv":[7.75,7,8,8.25],"texture":"#0"},"east":{"uv":[2.5,4.5,3.75,5.75],"texture":"#0"},"south":{"uv":[8,2,8.25,3.25],"texture":"#0"},"west":{"uv":[4,4.5,5.25,5.75],"texture":"#0"},"up":{"uv":[4,9.25,3.75,8],"texture":"#0"},"down":{"uv":[4.5,8,4.25,9.25],"texture":"#0"}}},{"from":[12,6,6.5],"to":[15,13,10.5],"rotation":{"angle":0,"axis":"y","origin":[16,0,0]},"faces":{"north":{"uv":[6.25,4,5.5,5.75],"texture":"#0"},"east":{"uv":[4.25,2.5,3.25,4.25],"texture":"#0"},"south":{"uv":[6.5,2,5.75,3.75],"texture":"#0"},"west":{"uv":[3,2.5,2,4.25],"texture":"#0"},"up":{"uv":[1.5,7.5,2.25,6.5],"texture":"#0"},"down":{"uv":[6.5,4,7.25,5],"texture":"#0"}}},{"from":[12,0,5],"to":[16,7,12],"rotation":{"angle":0,"axis":"y","origin":[16,0,0]},"faces":{"north":{"uv":[1,4,0,5.75],"texture":"#0"},"east":{"uv":[1.75,2,0,3.75],"texture":"#0"},"south":{"uv":[5.25,0,4.25,1.75],"texture":"#0"},"west":{"uv":[1.75,0,0,1.75],"texture":"#0"},"up":{"uv":[1.25,6.25,2.25,4.5],"texture":"#0"},"down":{"uv":[4.5,2,5.5,3.75],"texture":"#0"}}},{"from":[16,1,6],"to":[17,6,11],"rotation":{"angle":0,"axis":"y","origin":[16,0,0]},"faces":{"north":{"uv":[8,7,7.75,8.25],"texture":"#0"},"east":{"uv":[5.25,4.5,4,5.75],"texture":"#0"},"south":{"uv":[8.25,2,8,3.25],"texture":"#0"},"west":{"uv":[3.75,4.5,2.5,5.75],"texture":"#0"},"up":{"uv":[3.75,9.25,4,8],"texture":"#0"},"down":{"uv":[4.25,8,4.5,9.25],"texture":"#0"}}},{"from":[0.25,-1.25,-1.5],"to":[1.25,-0.25,5.5],"rotation":{"angle":-22.5,"axis":"x","origin":[0,1,1]},"faces":{"north":{"uv":[1.25,4,1.5,4.25],"texture":"#0"},"east":{"uv":[7,6.5,8.75,6.75],"texture":"#0"},"south":{"uv":[4.5,4,4.75,4.25],"texture":"#0"},"west":{"uv":[7.5,4,9.25,4.25],"texture":"#0"},"up":{"uv":[5.25,9,5,7.25],"texture":"#0"},"down":{"uv":[8,0,7.75,1.75],"texture":"#0"}}},{"from":[0,-1.5,-1.75],"to":[1.5,0,0.5],"rotation":{"angle":-22.5,"axis":"x","origin":[0,1,1]},"faces":{"north":{"uv":[8,5.25,8.5,5.75],"texture":"#0"},"east":{"uv":[6.5,8,7,8.5],"texture":"#0"},"south":{"uv":[0,8.25,0.5,8.75],"texture":"#0"},"west":{"uv":[8.25,0,8.75,0.5],"texture":"#0"},"up":{"uv":[8.75,1.25,8.25,0.75],"texture":"#0"},"down":{"uv":[2.75,8.25,2.25,8.75],"texture":"#0"}}},{"from":[-0.25,16,6.525],"to":[3.75,18,9.525],"rotation":{"angle":22.5,"axis":"z","origin":[3.5,16.5,8.025]},"faces":{"north":{"uv":[3.75,7.25,4.75,7.75],"texture":"#0"},"east":{"uv":[7.5,4.5,8.25,5],"texture":"#0"},"south":{"uv":[0,7.5,1,8],"texture":"#0"},"west":{"uv":[1.25,7.75,2,8.25],"texture":"#0"},"up":{"uv":[7.5,7.75,6.5,7],"texture":"#0"},"down":{"uv":[3.5,7.25,2.5,8],"texture":"#0"}}},{"from":[-0.25,12,6.525],"to":[4.75,16,9.525],"rotation":{"angle":22.5,"axis":"z","origin":[3.5,16.5,8.025]},"faces":{"north":{"uv":[2.5,6,3.75,7],"texture":"#0"},"east":{"uv":[7,5.25,7.75,6.25],"texture":"#0"},"south":{"uv":[4,6,5.25,7],"texture":"#0"},"west":{"uv":[5.5,7,6.25,8],"texture":"#0"},"up":{"uv":[6.75,6.75,5.5,6],"texture":"#0"},"down":{"uv":[1.25,6.5,0,7.25],"texture":"#0"}}},{"from":[12.25,16,6.525],"to":[16.25,18,9.525],"rotation":{"angle":-22.5,"axis":"z","origin":[12.5,16.5,8.025]},"faces":{"north":{"uv":[4.75,7.25,3.75,7.75],"texture":"#0"},"east":{"uv":[2,7.75,1.25,8.25],"texture":"#0"},"south":{"uv":[1,7.5,0,8],"texture":"#0"},"west":{"uv":[8.25,4.5,7.5,5],"texture":"#0"},"up":{"uv":[6.5,7.75,7.5,7],"texture":"#0"},"down":{"uv":[2.5,7.25,3.5,8],"texture":"#0"}}},{"from":[11.25,12,6.525],"to":[16.25,16,9.525],"rotation":{"angle":-22.5,"axis":"z","origin":[12.5,16.5,8.025]},"faces":{"north":{"uv":[3.75,6,2.5,7],"texture":"#0"},"east":{"uv":[6.25,7,5.5,8],"texture":"#0"},"south":{"uv":[5.25,6,4,7],"texture":"#0"},"west":{"uv":[7.75,5.25,7,6.25],"texture":"#0"},"up":{"uv":[5.5,6.75,6.75,6],"texture":"#0"},"down":{"uv":[0,6.5,1.25,7.25],"texture":"#0"}}}],"display":{"thirdperson_righthand":{"rotation":[60,10,0],"translation":[0,0,-0.5],"scale":[0.45,0.45,0.45]},"thirdperson_lefthand":{"rotation":[60,10,0],"translation":[0,0,-0.5],"scale":[0.45,0.45,0.45]},"firstperson_righthand":{"translation":[2,3,0],"scale":[0.35,0.35,0.35]},"firstperson_lefthand":{"translation":[2,3,0],"scale":[0.35,0.35,0.35]},"ground":{"translation":[0,3,0],"scale":[0.5,0.5,0.5]},"gui":{"rotation":[22.5,135,0],"translation":[0,0.75,0],"scale":[0.6,0.6,0.6]},"head":{"translation":[0,3,0],"scale":[1.1,1.1,1.1]},"fixed":{"rotation":[10,0,0],"translation":[0,0,-4],"scale":[1.2,1.2,1.2]}}}