{"texture_size":[64,64],"elements":[{"from":[3.5,2,3.5],"to":[12.5,6,12.5],"rotation":{"angle":0,"axis":"y","origin":[7,2,7]},"faces":{"north":{"uv":[6.25,0,8.5,1],"texture":"#0"},"east":{"uv":[8.5,6.25,6.25,7.25],"texture":"#0"},"south":{"uv":[6.25,5.25,8.5,6.25],"texture":"#0"},"west":{"uv":[6.25,6.25,8.5,7.25],"texture":"#0"},"up":{"uv":[2.25,2.25,0,0],"texture":"#0"},"down":{"uv":[2.25,2.25,0,4.5],"texture":"#0"}}},{"name":"straps","from":[3.5,-3,3.5],"to":[12.5,2,12.5],"rotation":{"angle":0,"axis":"y","origin":[7,-2,7]},"faces":{"north":{"uv":[4.5,3,6.75,4.25],"texture":"#0"},"east":{"uv":[6.25,5.75,4,7],"texture":"#0"},"south":{"uv":[1.75,5.75,4,7],"texture":"#0"},"west":{"uv":[4,5.75,6.25,7],"texture":"#0"},"up":{"uv":[4.5,2.25,2.25,0],"texture":"#0"},"down":{"uv":[4.5,2.25,2.25,4.5],"texture":"#0"}}},{"from":[4.5,6,4.5],"to":[11.5,7,11.5],"rotation":{"angle":0,"axis":"y","origin":[7,2,7]},"faces":{"north":{"uv":[4.5,4.25,6.25,4.5],"texture":"#0"},"east":{"uv":[2,7,3.75,7.25],"texture":"#0"},"south":{"uv":[3.75,7,5.5,7.25],"texture":"#0"},"west":{"uv":[2,7.25,3.75,7.5],"texture":"#0"},"up":{"uv":[1.75,6.25,0,4.5],"texture":"#0"},"down":{"uv":[6.25,0,4.5,1.75],"texture":"#0"}}},{"from":[3.5,0,7.5],"to":[12.5,2,12.5],"rotation":{"angle":0,"axis":"y","origin":[7,0,7]},"faces":{"north":{"uv":[6.25,1,8.5,1.5],"texture":"#0"},"east":{"uv":[1.25,6.75,0,7.25],"texture":"#0"},"south":{"uv":[6.75,1.5,9,2],"texture":"#0"},"west":{"uv":[0,6.75,1.25,7.25],"texture":"#0"},"up":{"uv":[4,5.75,1.75,4.5],"texture":"#0"},"down":{"uv":[6.75,1.75,4.5,3],"texture":"#0"}}},{"name":"straps inverted","from":[12.5,2,12.5],"to":[3.5,-3,3.5],"rotation":{"angle":0,"axis":"y","origin":[7,-2,7]},"faces":{"north":{"uv":[1.75,7,4,5.75],"texture":"#0"},"east":{"uv":[4,7,6.25,5.75],"texture":"#0"},"south":{"uv":[4.5,4.25,6.75,3],"texture":"#0"},"west":{"uv":[6.25,7,4,5.75],"texture":"#0"},"up":{"uv":[2.25,2.25,4.5,4.5],"texture":"#0"},"down":{"uv":[2.25,2.25,4.5,0],"texture":"#0"}}},{"from":[5,-0.5,-1.5],"to":[7,1.5,0.5],"rotation":{"angle":0,"axis":"y","origin":[5,-0.5,-1.5]},"faces":{"north":{"uv":[5.25,5.25,5.75,5.75],"texture":"#0"},"east":{"uv":[5.75,5.25,6.25,5.75],"texture":"#0"},"south":{"uv":[4.5,7.25,5,7.75],"texture":"#0"},"west":{"uv":[0,7.75,0.5,8.25],"texture":"#0"},"up":{"uv":[4.25,8.25,3.75,7.75],"texture":"#0"},"down":{"uv":[1.75,8,1.25,8.5],"texture":"#0"}}},{"from":[8.5,-1,0.5],"to":[11.5,2,4.5],"rotation":{"angle":0,"axis":"y","origin":[10.5,-0.5,0.5]},"faces":{"north":{"uv":[8,2.5,8.75,3.25],"texture":"#0"},"east":{"uv":[0.75,7.25,1.75,8],"texture":"#0"},"south":{"uv":[2.75,8,3.5,8.75],"texture":"#0"},"west":{"uv":[7.75,4.25,8.75,5],"texture":"#0"},"up":{"uv":[5.25,8.75,4.5,7.75],"texture":"#0"},"down":{"uv":[6,7.75,5.25,8.75],"texture":"#0"}}},{"from":[9,-0.5,-1.5],"to":[11,1.5,0.5],"rotation":{"angle":0,"axis":"y","origin":[11,-0.5,-1.5]},"faces":{"north":{"uv":[5.25,5.25,5.75,5.75],"texture":"#0"},"east":{"uv":[8,7.5,8.5,8],"texture":"#0"},"south":{"uv":[8,8,8.5,8.5],"texture":"#0"},"west":{"uv":[0,8.25,0.5,8.75],"texture":"#0"},"up":{"uv":[1,8.75,0.5,8.25],"texture":"#0"},"down":{"uv":[8.75,2,8.25,2.5],"texture":"#0"}}},{"from":[4.5,-1,0.5],"to":[7.5,2,4.5],"rotation":{"angle":0,"axis":"y","origin":[5.5,-0.5,0.5]},"faces":{"north":{"uv":[6.75,3.5,7.5,4.25],"texture":"#0"},"east":{"uv":[4,4.5,5,5.25],"texture":"#0"},"south":{"uv":[2,8,2.75,8.75],"texture":"#0"},"west":{"uv":[5,4.5,6,5.25],"texture":"#0"},"up":{"uv":[7,5.25,6.25,4.25],"texture":"#0"},"down":{"uv":[7.75,4.25,7,5.25],"texture":"#0"}}},{"from":[7.5,0,1.5],"to":[8.5,2,3.5],"rotation":{"angle":0,"axis":"y","origin":[9.5,-0.5,1.5]},"faces":{"north":{"uv":[6,4.5,6.25,5],"texture":"#0"},"east":{"uv":[8,3.25,8.5,3.75],"texture":"#0"},"south":{"uv":[1.75,7,2,7.5],"texture":"#0"},"west":{"uv":[7,8,7.5,8.5],"texture":"#0"},"up":{"uv":[3.75,8.5,3.5,8],"texture":"#0"},"down":{"uv":[7.75,8,7.5,8.5],"texture":"#0"}}},{"from":[5.5,2,2.5],"to":[10.5,3,4.5],"rotation":{"angle":0,"axis":"y","origin":[9.5,-0.5,2.5]},"faces":{"north":{"uv":[6,7.25,7.25,7.5],"texture":"#0"},"east":{"uv":[1.25,7,1.75,7.25],"texture":"#0"},"south":{"uv":[7.25,7.25,8.5,7.5],"texture":"#0"},"west":{"uv":[6,7.5,6.5,7.75],"texture":"#0"},"up":{"uv":[5.25,5.75,4,5.25],"texture":"#0"},"down":{"uv":[1.25,6.25,0,6.75],"texture":"#0"}}},{"from":[6.5,3,2.5],"to":[9.5,4,3.5],"rotation":{"angle":0,"axis":"y","origin":[9.5,0.5,2.5]},"faces":{"north":{"uv":[6.75,2,7.5,2.25],"texture":"#0"},"east":{"uv":[6,5,6.25,5.25],"texture":"#0"},"south":{"uv":[6.75,2.25,7.5,2.5],"texture":"#0"},"west":{"uv":[1.25,6.25,1.5,6.5],"texture":"#0"},"up":{"uv":[7.5,2.75,6.75,2.5],"texture":"#0"},"down":{"uv":[7.5,2.75,6.75,3],"texture":"#0"}}}],"gui_light":"front","display":{"thirdperson_righthand":{"rotation":[68,10,0],"translation":[0,0,1.5],"scale":[0.7,0.7,0.7]},"thirdperson_lefthand":{"rotation":[68,10,0],"translation":[0,0,1.5],"scale":[0.7,0.7,0.7]},"firstperson_righthand":{"rotation":[0,10,0],"translation":[0.5,6.5,0],"scale":[0.55,0.55,0.55]},"firstperson_lefthand":{"rotation":[0,10,0],"translation":[0.5,6.5,0],"scale":[0.55,0.55,0.55]},"ground":{"translation":[0,5,0.5],"scale":[0.7,0.7,0.7]},"gui":{"rotation":[22.5,135,0],"translation":[1.25,5,0],"scale":[0.95,0.95,0.95]},"head":{"translation":[0,10.5,0],"scale":[1.62,1.62,1.62]},"fixed":{"rotation":[-90,0,0],"translation":[0,4,-20],"scale":[1.8,1.8,1.8]}}}