{"texture_size":[128,128],"elements":[{"from":[0,0,-1],"to":[16,8,17],"faces":{"north":{"uv":[2.25,4.375,4.25,5.375],"texture":"#0"},"east":{"uv":[4.25,0,6.5,1],"texture":"#0"},"south":{"uv":[4.375,4.375,6.375,5.375],"texture":"#0"},"west":{"uv":[4.25,1.125,6.5,2.125],"texture":"#0"},"up":{"uv":[2,2.25,0,0],"texture":"#0"},"down":{"uv":[4.125,0,2.125,2.25],"texture":"#0"}}},{"from":[3.99,3.99,-3.01],"to":[12.01,11.01,19.01],"rotation":{"angle":0,"axis":"y","origin":[0,-3,0]},"faces":{"north":{"uv":[5,5.5,6,6.375],"texture":"#0"},"east":{"uv":[2.25,2.375,5,3.25],"texture":"#0"},"south":{"uv":[6.125,5.5,7.125,6.375],"texture":"#0"},"west":{"uv":[2.25,3.375,5,4.25],"texture":"#0"},"up":{"uv":[1,5.125,0,2.375],"texture":"#0"},"down":{"uv":[2.125,2.375,1.125,5.125],"texture":"#0"}}},{"from":[4,3.97297,-8.19419],"to":[12,10.97297,-1.19419],"rotation":{"angle":22.5,"axis":"x","origin":[8,8.57297,-1.89419]},"faces":{"north":{"uv":[1.75,6.5,2.75,7.375],"texture":"#0"},"east":{"uv":[6.75,2,7.625,2.875],"texture":"#0"},"south":{"uv":[2.875,6.5,3.875,7.375],"texture":"#0"},"west":{"uv":[6.75,3,7.625,3.875],"texture":"#0"},"up":{"uv":[5,7.375,4,6.5],"texture":"#0"},"down":{"uv":[7.5,4.25,6.5,5.125],"texture":"#0"}}},{"from":[4,3.92297,17.19419],"to":[12,10.92297,24.19419],"rotation":{"angle":-22.5,"axis":"x","origin":[8,8.57297,17.89419]},"faces":{"north":{"uv":[5.125,6.5,6.125,7.375],"texture":"#0"},"east":{"uv":[7.25,5.25,8.125,6.125],"texture":"#0"},"south":{"uv":[6.25,6.5,7.25,7.375],"texture":"#0"},"west":{"uv":[7.375,6.25,8.25,7.125],"texture":"#0"},"up":{"uv":[7.625,0.875,6.625,0],"texture":"#0"},"down":{"uv":[7.625,1,6.625,1.875],"texture":"#0"}}},{"from":[5,10.32297,17.39419],"to":[11,11.32297,22.39419],"rotation":{"angle":-22.5,"axis":"x","origin":[8,8.32297,17.89419]},"faces":{"north":{"uv":[7.625,5,8.375,5.125],"texture":"#0"},"east":{"uv":[6.5,5.25,7.125,5.375],"texture":"#0"},"south":{"uv":[0,7.75,0.75,7.875],"texture":"#0"},"west":{"uv":[7.75,0.5,8.375,0.625],"texture":"#0"},"up":{"uv":[8.125,7.875,7.375,7.25],"texture":"#0"},"down":{"uv":[2.5,7.5,1.75,8.125],"texture":"#0"}}},{"from":[5,10.32297,-6.39419],"to":[11,11.32297,-1.39419],"rotation":{"angle":22.5,"axis":"x","origin":[8,8.32297,-1.89419]},"faces":{"north":{"uv":[7.75,0,8.5,0.125],"texture":"#0"},"east":{"uv":[7.75,0.75,8.375,0.875],"texture":"#0"},"south":{"uv":[7.75,0.25,8.5,0.375],"texture":"#0"},"west":{"uv":[0.875,7.75,1.5,7.875],"texture":"#0"},"up":{"uv":[3.375,8.125,2.625,7.5],"texture":"#0"},"down":{"uv":[4.25,7.5,3.5,8.125],"texture":"#0"}}},{"from":[5,10.25,-1],"to":[11,11.25,18],"rotation":{"angle":0,"axis":"y","origin":[0,-3.25,0]},"faces":{"north":{"uv":[7.625,4.5,8.375,4.625],"texture":"#0"},"east":{"uv":[6.75,4,9.125,4.125],"texture":"#0"},"south":{"uv":[7.625,4.75,8.375,4.875],"texture":"#0"},"west":{"uv":[7.625,4.25,10,4.375],"texture":"#0"},"up":{"uv":[0.75,7.625,0,5.25],"texture":"#0"},"down":{"uv":[1.625,5.25,0.875,7.625],"texture":"#0"}}}],"display":{"thirdperson_righthand":{"rotation":[60,60,0],"translation":[0,1.5,-1],"scale":[0.4,0.4,0.4]},"thirdperson_lefthand":{"rotation":[60,60,0],"translation":[0,1.5,-1],"scale":[0.4,0.4,0.4]},"firstperson_righthand":{"translation":[0.5,3,0],"scale":[0.3,0.3,0.3]},"firstperson_lefthand":{"translation":[0.5,3,0],"scale":[0.3,0.3,0.3]},"ground":{"translation":[0,3,0],"scale":[0.4,0.4,0.4]},"gui":{"rotation":[22.5,135,0],"scale":[0.5,0.5,0.5]},"head":{"translation":[0,10,0]},"fixed":{"rotation":[-90,0,0],"translation":[0,0,-8.75],"scale":[1.1,1.1,1.1]}}}