{"texture_size":[128,128],"elements":[{"name":"spike","from":[7,11.97487,-15.63909],"to":[9,20.97487,-13.63909],"rotation":{"angle":-45,"axis":"x","origin":[8,18.47487,-14.13909]},"faces":{"north":{"uv":[4.75,3.75,5,4.875],"texture":"#0"},"east":{"uv":[4.5,3.75,4.75,4.875],"texture":"#0"},"south":{"uv":[5.25,3.75,5.5,4.875],"texture":"#0"},"west":{"uv":[5,3.75,5.25,4.875],"texture":"#0"},"up":{"uv":[5,3.75,4.75,3.5],"texture":"#0"},"down":{"uv":[5.25,3.5,5,3.75],"texture":"#0"}}},{"name":"spike","from":[7,-4.97487,-15.63909],"to":[9,4.02513,-13.63909],"rotation":{"angle":45,"axis":"x","origin":[8,-2.47487,-14.13909]},"faces":{"north":{"uv":[0.25,3.75,0.5,4.875],"texture":"#0"},"east":{"uv":[0,3.75,0.25,4.875],"texture":"#0"},"south":{"uv":[0.75,3.75,1,4.875],"texture":"#0"},"west":{"uv":[0.5,3.75,0.75,4.875],"texture":"#0"},"up":{"uv":[0.5,3.75,0.25,3.5],"texture":"#0"},"down":{"uv":[0.75,3.5,0.5,3.75],"texture":"#0"}}},{"name":"spike","from":[-4.97487,6.52513,-15.63909],"to":[4.02513,8.52513,-13.63909],"rotation":{"angle":-45,"axis":"y","origin":[-2.47487,7.52513,-14.13909]},"faces":{"north":{"uv":[5.25,1.75,6.375,2],"texture":"#0"},"east":{"uv":[5,1.75,5.25,2],"texture":"#0"},"south":{"uv":[6.625,1.75,7.75,2],"texture":"#0"},"west":{"uv":[6.375,1.75,6.625,2],"texture":"#0"},"up":{"uv":[6.375,1.75,5.25,1.5],"texture":"#0"},"down":{"uv":[7.5,1.5,6.375,1.75],"texture":"#0"}}},{"name":"spike","from":[7,11.97487,5.13909],"to":[9,20.97487,7.13909],"rotation":{"angle":45,"axis":"x","origin":[8,18.47487,5.63909]},"faces":{"north":{"uv":[5.5,3.75,5.25,4.875],"texture":"#0"},"east":{"uv":[4.75,3.75,4.5,4.875],"texture":"#0"},"south":{"uv":[5,3.75,4.75,4.875],"texture":"#0"},"west":{"uv":[5.25,3.75,5,4.875],"texture":"#0"},"up":{"uv":[5,3.5,4.75,3.75],"texture":"#0"},"down":{"uv":[5.25,3.75,5,3.5],"texture":"#0"}}},{"name":"spike","from":[17.38909,11.97487,-5],"to":[19.38909,20.97487,-3],"rotation":{"angle":-45,"axis":"z","origin":[17.88909,18.47487,-4.36091]},"faces":{"north":{"uv":[5,3.75,5.25,4.875],"texture":"#0"},"east":{"uv":[4.75,3.75,5,4.875],"texture":"#0"},"south":{"uv":[4.5,3.75,4.75,4.875],"texture":"#0"},"west":{"uv":[5.25,3.75,5.5,4.875],"texture":"#0"},"up":{"uv":[5,3.75,4.75,3.5],"rotation":90,"texture":"#0"},"down":{"uv":[5.25,3.5,5,3.75],"rotation":270,"texture":"#0"}}},{"name":"spike","from":[-3.38909,11.97487,-5],"to":[-1.38909,20.97487,-3],"rotation":{"angle":45,"axis":"z","origin":[-1.88909,18.47487,-4.36091]},"faces":{"north":{"uv":[5.25,3.75,5,4.875],"texture":"#0"},"east":{"uv":[5.5,3.75,5.25,4.875],"texture":"#0"},"south":{"uv":[4.75,3.75,4.5,4.875],"texture":"#0"},"west":{"uv":[5,3.75,4.75,4.875],"texture":"#0"},"up":{"uv":[5,3.5,4.75,3.75],"rotation":90,"texture":"#0"},"down":{"uv":[5.25,3.75,5,3.5],"rotation":270,"texture":"#0"}}},{"name":"spike","from":[17.38909,-0.97487,-5],"to":[19.38909,8.02513,-3],"rotation":{"angle":45,"axis":"z","origin":[17.88909,1.52513,-4.36091]},"faces":{"north":{"uv":[5,4.875,5.25,3.75],"texture":"#0"},"east":{"uv":[4.75,4.875,5,3.75],"texture":"#0"},"south":{"uv":[4.5,4.875,4.75,3.75],"texture":"#0"},"west":{"uv":[5.25,4.875,5.5,3.75],"texture":"#0"},"up":{"uv":[5,3.5,5.25,3.75],"rotation":270,"texture":"#0"},"down":{"uv":[4.75,3.75,5,3.5],"rotation":90,"texture":"#0"}}},{"name":"spike","from":[-3.38909,-0.97487,-5],"to":[-1.38909,8.02513,-3],"rotation":{"angle":-45,"axis":"z","origin":[-1.88909,1.52513,-4.36091]},"faces":{"north":{"uv":[5.25,4.875,5,3.75],"texture":"#0"},"east":{"uv":[5.5,4.875,5.25,3.75],"texture":"#0"},"south":{"uv":[4.75,4.875,4.5,3.75],"texture":"#0"},"west":{"uv":[5,4.875,4.75,3.75],"texture":"#0"},"up":{"uv":[5,3.75,5.25,3.5],"rotation":270,"texture":"#0"},"down":{"uv":[4.75,3.5,5,3.75],"rotation":90,"texture":"#0"}}},{"name":"spike","from":[11.97487,6.52513,5.13909],"to":[20.97487,8.52513,7.13909],"rotation":{"angle":-45,"axis":"y","origin":[18.47487,7.52513,5.63909]},"faces":{"north":{"uv":[9.5,3.5,8.375,3.75],"texture":"#0"},"east":{"uv":[7,3.5,6.75,3.75],"texture":"#0"},"south":{"uv":[8.125,3.5,7,3.75],"texture":"#0"},"west":{"uv":[8.375,3.5,8.125,3.75],"texture":"#0"},"up":{"uv":[8.125,3.25,7,3.5],"texture":"#0"},"down":{"uv":[9.25,3.5,8.125,3.25],"texture":"#0"}}},{"name":"spike","from":[7,-4.97487,5.13909],"to":[9,4.02513,7.13909],"rotation":{"angle":-45,"axis":"x","origin":[8,-2.47487,5.63909]},"faces":{"north":{"uv":[1,3.75,0.75,4.875],"texture":"#0"},"east":{"uv":[0.25,3.75,0,4.875],"texture":"#0"},"south":{"uv":[0.5,3.75,0.25,4.875],"texture":"#0"},"west":{"uv":[0.75,3.75,0.5,4.875],"texture":"#0"},"up":{"uv":[0.5,3.5,0.25,3.75],"texture":"#0"},"down":{"uv":[0.75,3.75,0.5,3.5],"texture":"#0"}}},{"name":"spike","from":[-4.97487,6.52513,5.13909],"to":[4.02513,8.52513,7.13909],"rotation":{"angle":45,"axis":"y","origin":[-2.47487,7.52513,5.63909]},"faces":{"north":{"uv":[7.75,1.75,6.625,2],"texture":"#0"},"east":{"uv":[5.25,1.75,5,2],"texture":"#0"},"south":{"uv":[6.375,1.75,5.25,2],"texture":"#0"},"west":{"uv":[6.625,1.75,6.375,2],"texture":"#0"},"up":{"uv":[6.375,1.5,5.25,1.75],"texture":"#0"},"down":{"uv":[7.5,1.75,6.375,1.5],"texture":"#0"}}},{"name":"spike","from":[11.97487,6.52513,-15.63909],"to":[20.97487,8.52513,-13.63909],"rotation":{"angle":45,"axis":"y","origin":[18.47487,7.52513,-14.13909]},"faces":{"north":{"uv":[7,3.5,8.125,3.75],"texture":"#0"},"east":{"uv":[6.75,3.5,7,3.75],"texture":"#0"},"south":{"uv":[8.375,3.5,9.5,3.75],"texture":"#0"},"west":{"uv":[8.125,3.5,8.375,3.75],"texture":"#0"},"up":{"uv":[8.125,3.5,7,3.25],"texture":"#0"},"down":{"uv":[9.25,3.25,8.125,3.5],"texture":"#0"}}},{"name":"eye","from":[6.5,6,-12.5],"to":[9.5,9,-11.5],"rotation":{"angle":0,"axis":"y","origin":[8,0,-4.25]},"faces":{"north":{"uv":[0.125,0.125,0.375,0.375],"texture":"#0"},"east":{"uv":[0,0.125,0.125,0.375],"texture":"#0"},"south":{"uv":[0.5,0.125,0.75,0.375],"texture":"#0"},"west":{"uv":[0.375,0.125,0.5,0.375],"texture":"#0"},"up":{"uv":[0.375,0.125,0.125,0],"texture":"#0"},"down":{"uv":[0.625,0,0.375,0.125],"texture":"#0"}}},{"name":"head","from":[2,14,-10.25],"to":[14,16,1.75],"rotation":{"angle":0,"axis":"y","origin":[8,0,-4.25]},"faces":{"north":{"uv":[6,5.25,7.5,5.5],"texture":"#0"},"east":{"uv":[4.5,5.25,6,5.5],"texture":"#0"},"south":{"uv":[9,5.25,10.5,5.5],"texture":"#0"},"west":{"uv":[7.5,5.25,9,5.5],"texture":"#0"},"up":{"uv":[7.5,5.25,6,3.75],"texture":"#0"},"down":{"uv":[9,3.75,7.5,5.25],"texture":"#0"}}},{"name":"head","from":[2,0,-10.25],"to":[14,2,1.75],"rotation":{"angle":0,"axis":"y","origin":[8,16,-4.25]},"faces":{"north":{"uv":[9.875,7.75,11.375,7.5],"texture":"#0"},"east":{"uv":[8.375,7.75,9.875,7.5],"texture":"#0"},"south":{"uv":[12.875,7.75,14.375,7.5],"texture":"#0"},"west":{"uv":[11.375,7.75,12.875,7.5],"texture":"#0"},"up":{"uv":[12.875,7.5,11.375,6],"texture":"#0"},"down":{"uv":[11.375,6,9.875,7.5],"texture":"#0"}}},{"name":"head","from":[0,2,-10.25],"to":[2,14,1.75],"rotation":{"angle":0,"axis":"y","origin":[8,0,-4.25]},"faces":{"north":{"uv":[1.5,6.75,1.75,8.25],"texture":"#0"},"east":{"uv":[0,6.75,1.5,8.25],"texture":"#0"},"south":{"uv":[3.25,6.75,3.5,8.25],"texture":"#0"},"west":{"uv":[1.75,6.75,3.25,8.25],"texture":"#0"},"up":{"uv":[1.75,6.75,1.5,5.25],"texture":"#0"},"down":{"uv":[2,5.25,1.75,6.75],"texture":"#0"}}},{"name":"head","from":[2,2,1.75],"to":[14,14,3.75],"rotation":{"angle":0,"axis":"y","origin":[1,8,-4.25]},"faces":{"north":{"uv":[0,10.25,1.5,11.75],"texture":"#0"},"east":{"uv":[3.25,10.25,3.5,11.75],"texture":"#0"},"south":{"uv":[1.75,10.25,3.25,11.75],"texture":"#0"},"west":{"uv":[1.5,10.25,1.75,11.75],"texture":"#0"},"up":{"uv":[1.75,10.25,1.5,8.75],"rotation":270,"texture":"#0"},"down":{"uv":[2,8.75,1.75,10.25],"rotation":90,"texture":"#0"}}},{"name":"head","from":[14,2,-10.25],"to":[16,14,1.75],"rotation":{"angle":0,"axis":"y","origin":[8,0,-4.25]},"faces":{"north":{"uv":[1.75,6.75,1.5,8.25],"texture":"#0"},"east":{"uv":[3.25,6.75,1.75,8.25],"texture":"#0"},"south":{"uv":[3.5,6.75,3.25,8.25],"texture":"#0"},"west":{"uv":[1.5,6.75,0,8.25],"texture":"#0"},"up":{"uv":[1.5,6.75,1.75,5.25],"texture":"#0"},"down":{"uv":[1.75,5.25,2,6.75],"texture":"#0"}}},{"name":"head","from":[2,2,-12.25],"to":[14,14,-10.25],"rotation":{"angle":0,"axis":"y","origin":[8,0,-4.25]},"faces":{"north":{"uv":[2,2,3.5,3.5],"texture":"#0"},"east":{"uv":[1.75,2,2,3.5],"texture":"#0"},"south":{"uv":[5.5,2,7,3.5],"texture":"#0"},"west":{"uv":[3.5,2,3.75,3.5],"texture":"#0"},"up":{"uv":[3.5,2,2,1.75],"texture":"#0"},"down":{"uv":[5,1.75,3.5,2],"texture":"#0"}}},{"name":"head","from":[3,9,-13.25],"to":[13,12,-12.25],"rotation":{"angle":0,"axis":"y","origin":[8,0,-4.25]},"faces":{"north":{"uv":[0,1,1.25,1.375],"texture":"#0"},"east":{"uv":[0,0.375,0.125,0.75],"texture":"#0"},"south":{"uv":[0,1.375,1.25,1.75],"texture":"#0"},"west":{"uv":[0.125,0.375,0.25,0.75],"texture":"#0"},"up":{"uv":[1.25,1.875,0,1.75],"texture":"#0"},"down":{"uv":[1.25,1.875,0,2],"texture":"#0"}}},{"name":"tailpart1","from":[6.5,4.81703,6.53912],"to":[9.5,7.81703,13.53912],"rotation":{"angle":45,"axis":"x","origin":[8,6,7.25]},"faces":{"north":{"uv":[6.375,6.375,6.75,6.75],"texture":"#0"},"east":{"uv":[7.625,6.375,6.75,6.75],"texture":"#0"},"south":{"uv":[7.625,6.375,8,6.75],"texture":"#0"},"west":{"uv":[6.75,6.375,7.625,6.75],"texture":"#0"},"up":{"uv":[6.75,6.375,6.375,5.5],"texture":"#0"},"down":{"uv":[7.125,5.5,6.75,6.375],"texture":"#0"}}},{"name":"tailpart2","from":[7,1.06478,11.04041],"to":[9,3.06478,17.04041],"rotation":{"angle":22.5,"axis":"x","origin":[8,2.06478,11.63356]},"faces":{"north":{"uv":[0.75,0.75,1,1],"texture":"#0"},"east":{"uv":[1.75,0.75,1,1],"texture":"#0"},"south":{"uv":[1.75,0.75,2,1],"texture":"#0"},"west":{"uv":[1,0.75,1.75,1],"texture":"#0"},"up":{"uv":[1,0.75,0.75,0],"texture":"#0"},"down":{"uv":[1.25,0,1,0.75],"texture":"#0"}}},{"name":"tailpart2","from":[8,-2.43522,14.04041],"to":[8,6.56478,23.04041],"rotation":{"angle":22.5,"axis":"x","origin":[8,2.06478,11.63356]},"faces":{"north":{"uv":[3.125,5.25,3.125,6.375],"texture":"#0"},"east":{"uv":[2,5.25,3.125,6.375],"texture":"#0"},"south":{"uv":[4.25,5.25,4.25,6.375],"texture":"#0"},"west":{"uv":[3.125,5.25,2,6.375],"texture":"#0"},"up":{"uv":[3.125,5.25,3.125,4.125],"texture":"#0"},"down":{"uv":[3.125,4.125,3.125,5.25],"texture":"#0"}}},{"name":"tailpart0","from":[6,6,0],"to":[10,10,8],"rotation":{"angle":22.5,"axis":"x","origin":[8,8,3.25]},"faces":{"north":{"uv":[6,1,6.5,1.5],"texture":"#0"},"east":{"uv":[7.5,1,6.5,1.5],"texture":"#0"},"south":{"uv":[7.5,1,8,1.5],"texture":"#0"},"west":{"uv":[6.5,1,7.5,1.5],"texture":"#0"},"up":{"uv":[6.5,1,6,0],"texture":"#0"},"down":{"uv":[7,0,6.5,1],"texture":"#0"}}}],"gui_light":"front","display":{"thirdperson_righthand":{"rotation":[68,10,0],"translation":[0,-2.5,0.5],"scale":[0.45,0.45,0.45]},"thirdperson_lefthand":{"rotation":[68,10,0],"translation":[0,-2.5,0.5],"scale":[0.45,0.45,0.45]},"firstperson_righthand":{"translation":[5.5,0,0],"scale":[0.4,0.4,0.4]},"firstperson_lefthand":{"translation":[5.5,0,0],"scale":[0.4,0.4,0.4]},"ground":{"translation":[0,4,3],"scale":[0.36,0.36,0.36]},"gui":{"rotation":[22.5,135,0],"translation":[3,1,0],"scale":[0.41,0.41,0.41]},"head":{"translation":[-0.25,-0.5,14.75],"scale":[1.18,1.18,1.18]},"fixed":{"rotation":[-90,0,0],"translation":[0,4.5,-10.5],"scale":[1.2,1.2,1.2]}}}