{"texture_size":[64,64],"elements":[{"from":[10.5,7,3.3],"to":[11.5,12,10.3],"rotation":{"angle":0,"axis":"y","origin":[6.5,1,14.3]},"faces":{"north":{"uv":[11.25,10.75,11.5,12],"texture":"#0"},"east":{"uv":[7.25,0,9,1.25],"texture":"#0"},"south":{"uv":[11.5,10.75,11.75,12],"texture":"#0"},"west":{"uv":[7.25,1.25,9,2.5],"texture":"#0"},"up":{"uv":[4.5,12.75,4.25,11],"texture":"#0"},"down":{"uv":[4.75,11,4.5,12.75],"texture":"#0"}}},{"from":[4.5,7,3.3],"to":[5.5,12,10.3],"rotation":{"angle":0,"axis":"y","origin":[6.5,1,14.3]},"faces":{"north":{"uv":[2.5,11.75,2.75,13],"texture":"#0"},"east":{"uv":[7.25,2.5,9,3.75],"texture":"#0"},"south":{"uv":[2.75,11.75,3,13],"texture":"#0"},"west":{"uv":[7.25,3.75,9,5],"texture":"#0"},"up":{"uv":[5,12.75,4.75,11],"texture":"#0"},"down":{"uv":[5.25,11,5,12.75],"texture":"#0"}}},{"from":[2.5,4,3.3],"to":[4.5,15,14.3],"rotation":{"angle":0,"axis":"y","origin":[6.5,1,17.3]},"faces":{"north":{"uv":[5.25,9.25,5.75,12],"texture":"#0"},"east":{"uv":[0,0,2.75,2.75],"texture":"#0"},"south":{"uv":[5.75,9.25,6.25,12],"texture":"#0"},"west":{"uv":[0,2.75,2.75,5.5],"texture":"#0"},"up":{"uv":[6.75,12,6.25,9.25],"texture":"#0"},"down":{"uv":[10,5,9.5,7.75],"texture":"#0"}}},{"from":[1,5,6.3],"to":[2,10,11.3],"rotation":{"angle":-45,"axis":"z","origin":[2.5,8,6.8]},"faces":{"north":{"uv":[3,11.75,3.25,13],"texture":"#0"},"east":{"uv":[9,0,10.25,1.25],"texture":"#0"},"south":{"uv":[3.25,11.75,3.5,13],"texture":"#0"},"west":{"uv":[9,1.25,10.25,2.5],"texture":"#0"},"up":{"uv":[3.75,13,3.5,11.75],"texture":"#0"},"down":{"uv":[4,11.75,3.75,13],"texture":"#0"}}},{"from":[14,5,6.3],"to":[15,10,11.3],"rotation":{"angle":45,"axis":"z","origin":[13.5,8,6.8]},"faces":{"north":{"uv":[4,11.75,4.25,13],"texture":"#0"},"east":{"uv":[9,2.5,10.25,3.75],"texture":"#0"},"south":{"uv":[11.75,10.75,12,12],"texture":"#0"},"west":{"uv":[9,3.75,10.25,5],"texture":"#0"},"up":{"uv":[5.5,13.25,5.25,12],"texture":"#0"},"down":{"uv":[5.75,12,5.5,13.25],"texture":"#0"}}},{"from":[7.5,8.8294,11.04622],"to":[8.5,13.8294,16.04622],"rotation":{"angle":22.5,"axis":"x","origin":[2,4.7294,7.54622]},"faces":{"north":{"uv":[5.75,12,6,13.25],"texture":"#0"},"east":{"uv":[2.75,9.25,4,10.5],"texture":"#0"},"south":{"uv":[6,12,6.25,13.25],"texture":"#0"},"west":{"uv":[4,9.25,5.25,10.5],"texture":"#0"},"up":{"uv":[6.5,13.25,6.25,12],"texture":"#0"},"down":{"uv":[6.75,12,6.5,13.25],"texture":"#0"}}},{"from":[4.5,4,3.3],"to":[11.5,7,14.3],"rotation":{"angle":0,"axis":"y","origin":[6.5,1,14.3]},"faces":{"north":{"uv":[2.5,11,4.25,11.75],"texture":"#0"},"east":{"uv":[7,8,9.75,8.75],"texture":"#0"},"south":{"uv":[11.25,2,13,2.75],"texture":"#0"},"west":{"uv":[0,8.25,2.75,9],"texture":"#0"},"up":{"uv":[1.75,8.25,0,5.5],"texture":"#0"},"down":{"uv":[7.25,0,5.5,2.75],"texture":"#0"}}},{"from":[11.5,4,3.3],"to":[13.5,15,14.3],"rotation":{"angle":0,"axis":"y","origin":[6.5,1,14.3]},"faces":{"north":{"uv":[6.75,9.5,7.25,12.25],"texture":"#0"},"east":{"uv":[2.75,0,5.5,2.75],"texture":"#0"},"south":{"uv":[7.25,9.5,7.75,12.25],"texture":"#0"},"west":{"uv":[2.75,2.75,5.5,5.5],"texture":"#0"},"up":{"uv":[8.25,12.25,7.75,9.5],"texture":"#0"},"down":{"uv":[8.75,9.5,8.25,12.25],"texture":"#0"}}},{"from":[4.5,7,4.3],"to":[11.5,12,14.3],"rotation":{"angle":0,"axis":"y","origin":[6.5,1,14.3]},"faces":{"north":{"uv":[3.5,8,5.25,9.25],"texture":"#0"},"east":{"uv":[7,5.5,9.5,6.75],"texture":"#0"},"south":{"uv":[5.25,8,7,9.25],"texture":"#0"},"west":{"uv":[7,6.75,9.5,8],"texture":"#0"},"up":{"uv":[5.25,8,3.5,5.5],"texture":"#0"},"down":{"uv":[7,5.5,5.25,8],"texture":"#0"}}},{"from":[4.5,12,3.3],"to":[11.5,15,14.3],"rotation":{"angle":0,"axis":"y","origin":[6.5,1,14.3]},"faces":{"north":{"uv":[11.25,2.75,13,3.5],"texture":"#0"},"east":{"uv":[7,8.75,9.75,9.5],"texture":"#0"},"south":{"uv":[11.25,3.5,13,4.25],"texture":"#0"},"west":{"uv":[0,9,2.75,9.75],"texture":"#0"},"up":{"uv":[3.5,8.25,1.75,5.5],"texture":"#0"},"down":{"uv":[7.25,2.75,5.5,5.5],"texture":"#0"}}},{"from":[3.3,12.3,3.2],"to":[4.3,13.3,3.2],"rotation":{"angle":0,"axis":"y","origin":[6.5,1,17.3]},"faces":{"north":{"uv":[7.25,5,7.5,5.25],"texture":"#0"},"east":{"uv":[0,0,0,0.25],"texture":"#0"},"south":{"uv":[7.25,5.25,7.5,5.5],"texture":"#0"},"west":{"uv":[0,0,0,0.25],"texture":"#0"},"up":{"uv":[0.25,0,0,0],"texture":"#0"},"down":{"uv":[0.25,0,0,0],"texture":"#0"}}},{"from":[11.7,12.3,3.2],"to":[12.7,13.3,3.2],"rotation":{"angle":0,"axis":"y","origin":[9.5,1,17.3]},"faces":{"north":{"uv":[7.5,5,7.75,5.25],"texture":"#0"},"east":{"uv":[0,0,0,0.25],"texture":"#0"},"south":{"uv":[7.5,5.25,7.75,5.5],"texture":"#0"},"west":{"uv":[0,0,0,0.25],"texture":"#0"},"up":{"uv":[0.25,0,0,0],"texture":"#0"},"down":{"uv":[0.25,0,0,0],"texture":"#0"}}},{"from":[2.49269,4,2.80942],"to":[4.49269,15,2.80942],"rotation":{"angle":22.5,"axis":"y","origin":[8,9.5,6.3]},"faces":{"north":{"uv":[8.75,9.5,9.25,12.25],"texture":"#0"},"east":{"uv":[0,0,0,2.75],"texture":"#0"},"south":{"uv":[9.25,9.5,9.75,12.25],"texture":"#0"},"west":{"uv":[0,0,0,2.75],"texture":"#0"},"up":{"uv":[0.5,0,0,0],"texture":"#0"},"down":{"uv":[0.5,0,0,0],"texture":"#0"}}},{"from":[1.34464,4,10.58106],"to":[3.34464,15,10.58106],"rotation":{"angle":22.5,"axis":"y","origin":[8,9.5,11.3]},"faces":{"north":{"uv":[0,9.75,0.5,12.5],"texture":"#0"},"east":{"uv":[0,0,0,2.75],"texture":"#0"},"south":{"uv":[0.5,9.75,1,12.5],"texture":"#0"},"west":{"uv":[0,0,0,2.75],"texture":"#0"},"up":{"uv":[0.5,0,0,0],"texture":"#0"},"down":{"uv":[0.5,0,0,0],"texture":"#0"}}},{"from":[2.5,13.00731,3.30942],"to":[13.5,15.00731,3.30942],"rotation":{"angle":22.5,"axis":"x","origin":[8,9.5,6.8]},"faces":{"north":{"uv":[9.75,7.75,12.5,8.25],"texture":"#0"},"east":{"uv":[0,0,0,0.5],"texture":"#0"},"south":{"uv":[9.75,8.25,12.5,8.75],"texture":"#0"},"west":{"uv":[0,0,0,0.5],"texture":"#0"},"up":{"uv":[2.75,0,0,0],"texture":"#0"},"down":{"uv":[2.75,0,0,0],"texture":"#0"}}},{"from":[2.5,14.15536,10.08106],"to":[13.5,16.15536,10.08106],"rotation":{"angle":22.5,"axis":"x","origin":[8,9.5,10.8]},"faces":{"north":{"uv":[9.75,8.75,12.5,9.25],"texture":"#0"},"east":{"uv":[0,0,0,0.5],"texture":"#0"},"south":{"uv":[9.75,9.25,12.5,9.75],"texture":"#0"},"west":{"uv":[0,0,0,0.5],"texture":"#0"},"up":{"uv":[2.75,0,0,0],"texture":"#0"},"down":{"uv":[2.75,0,0,0],"texture":"#0"}}},{"from":[2.5,13.85195,13.07164],"to":[13.5,13.85195,15.07164],"rotation":{"angle":-22.5,"axis":"x","origin":[8,13.85195,15.07164]},"faces":{"north":{"uv":[0,0,2.75,0],"texture":"#0"},"east":{"uv":[0,0,0.5,0],"texture":"#0"},"south":{"uv":[0,0,2.75,0],"texture":"#0"},"west":{"uv":[0,0,0.5,0],"texture":"#0"},"up":{"uv":[12.5,10.25,9.75,9.75],"texture":"#0"},"down":{"uv":[12.75,5,10,5.5],"texture":"#0"}}},{"from":[2.5,5.14805,13.07164],"to":[13.5,5.14805,15.07164],"rotation":{"angle":22.5,"axis":"x","origin":[8,5.14805,15.07164]},"faces":{"north":{"uv":[0,0,2.75,0],"texture":"#0"},"east":{"uv":[0,0,0.5,0],"texture":"#0"},"south":{"uv":[0,0,2.75,0],"texture":"#0"},"west":{"uv":[0,0,0.5,0],"texture":"#0"},"up":{"uv":[12.75,6,10,5.5],"texture":"#0"},"down":{"uv":[12.75,6,10,6.5],"texture":"#0"}}},{"from":[2.5,3.99269,3.30942],"to":[13.5,5.99269,3.30942],"rotation":{"angle":-22.5,"axis":"x","origin":[8,9.5,6.8]},"faces":{"north":{"uv":[10,6.5,12.75,7],"texture":"#0"},"east":{"uv":[0,0,0,0.5],"texture":"#0"},"south":{"uv":[10,7,12.75,7.5],"texture":"#0"},"west":{"uv":[0,0,0,0.5],"texture":"#0"},"up":{"uv":[2.75,0,0,0],"texture":"#0"},"down":{"uv":[2.75,0,0,0],"texture":"#0"}}},{"from":[2.5,1.59269,9.30942],"to":[13.5,3.59269,9.30942],"rotation":{"angle":-22.5,"axis":"x","origin":[8,9.5,6.8]},"faces":{"north":{"uv":[10.25,0,13,0.5],"texture":"#0"},"east":{"uv":[0,0,0,0.5],"texture":"#0"},"south":{"uv":[10.25,0.5,13,1],"texture":"#0"},"west":{"uv":[0,0,0,0.5],"texture":"#0"},"up":{"uv":[2.75,0,0,0],"texture":"#0"},"down":{"uv":[2.75,0,0,0],"texture":"#0"}}},{"from":[12.65536,4,10.58106],"to":[14.65536,15,10.58106],"rotation":{"angle":-22.5,"axis":"y","origin":[8,9.5,11.3]},"faces":{"north":{"uv":[1,9.75,1.5,12.5],"texture":"#0"},"east":{"uv":[0,0,0,2.75],"texture":"#0"},"south":{"uv":[1.5,9.75,2,12.5],"texture":"#0"},"west":{"uv":[0,0,0,2.75],"texture":"#0"},"up":{"uv":[0.5,0,0,0],"texture":"#0"},"down":{"uv":[0.5,0,0,0],"texture":"#0"}}},{"from":[2.5,2.84464,6.08106],"to":[13.5,4.84464,6.08106],"rotation":{"angle":-22.5,"axis":"x","origin":[8,9.5,6.8]},"faces":{"north":{"uv":[10.25,1,13,1.5],"texture":"#0"},"east":{"uv":[0,0,0,0.5],"texture":"#0"},"south":{"uv":[10.25,1.5,13,2],"texture":"#0"},"west":{"uv":[0,0,0,0.5],"texture":"#0"},"up":{"uv":[2.75,0,0,0],"texture":"#0"},"down":{"uv":[2.75,0,0,0],"texture":"#0"}}},{"from":[1.34464,4,6.58106],"to":[3.34464,15,6.58106],"rotation":{"angle":22.5,"axis":"y","origin":[8,9.5,7.3]},"faces":{"north":{"uv":[2,9.75,2.5,12.5],"texture":"#0"},"east":{"uv":[0,0,0,2.75],"texture":"#0"},"south":{"uv":[10.25,2,10.75,4.75],"texture":"#0"},"west":{"uv":[0,0,0,2.75],"texture":"#0"},"up":{"uv":[0.5,0,0,0],"texture":"#0"},"down":{"uv":[0.5,0,0,0],"texture":"#0"}}},{"from":[2.5,14.15536,6.08106],"to":[13.5,16.15536,6.08106],"rotation":{"angle":22.5,"axis":"x","origin":[8,9.5,6.8]},"faces":{"north":{"uv":[9.75,10.25,12.5,10.75],"texture":"#0"},"east":{"uv":[0,0,0,0.5],"texture":"#0"},"south":{"uv":[2.5,10.5,5.25,11],"texture":"#0"},"west":{"uv":[0,0,0,0.5],"texture":"#0"},"up":{"uv":[2.75,0,0,0],"texture":"#0"},"down":{"uv":[2.75,0,0,0],"texture":"#0"}}},{"from":[12.65536,4,6.58106],"to":[14.65536,15,6.58106],"rotation":{"angle":-22.5,"axis":"y","origin":[8,9.5,7.3]},"faces":{"north":{"uv":[10.75,2,11.25,4.75],"texture":"#0"},"east":{"uv":[0,0,0,2.75],"texture":"#0"},"south":{"uv":[9.75,10.75,10.25,13.5],"texture":"#0"},"west":{"uv":[0,0,0,2.75],"texture":"#0"},"up":{"uv":[0.5,0,0,0],"texture":"#0"},"down":{"uv":[0.5,0,0,0],"texture":"#0"}}},{"from":[11.50731,4,2.80942],"to":[13.50731,15,2.80942],"rotation":{"angle":-22.5,"axis":"y","origin":[8,9.5,6.3]},"faces":{"north":{"uv":[10.25,10.75,10.75,13.5],"texture":"#0"},"east":{"uv":[0,0,0,2.75],"texture":"#0"},"south":{"uv":[10.75,10.75,11.25,13.5],"texture":"#0"},"west":{"uv":[0,0,0,2.75],"texture":"#0"},"up":{"uv":[0.5,0,0,0],"texture":"#0"},"down":{"uv":[0.5,0,0,0],"texture":"#0"}}}],"gui_light":"front","display":{"thirdperson_righthand":{"rotation":[0,0,-3],"translation":[0.75,0.5,0],"scale":[0.8,0.8,0.8]},"thirdperson_lefthand":{"rotation":[0,0,-3],"translation":[0.75,0.5,0],"scale":[-0.8,0.8,0.8]},"firstperson_righthand":{"translation":[1.25,2,-0.25],"scale":[0.6,0.6,0.6]},"firstperson_lefthand":{"translation":[1.25,2,-0.25],"scale":[0.6,0.6,0.6]},"ground":{"rotation":[14,23,28],"translation":[0,1,-1.5],"scale":[0.5,0.5,0.5]},"gui":{"rotation":[22.5,135,0],"translation":[-0.5,-1.5,0],"scale":[0.85,0.85,0.85]},"head":{"translation":[0,-0.75,-1.5],"scale":[1.8,1.8,1.8]},"fixed":{"translation":[0,-1,-4.75]}}}