{"texture_size":[32,32],"elements":[{"from":[1.5,0,1.5],"to":[14.5,2,14.5],"rotation":{"angle":0,"axis":"y","origin":[7,0,7]},"faces":{"north":{"uv":[6.5,11,13,12],"texture":"#0"},"east":{"uv":[6.5,11,13,12],"texture":"#0"},"south":{"uv":[6.5,11,13,12],"texture":"#0"},"west":{"uv":[6.5,11,13,12],"texture":"#0"},"up":{"uv":[6.5,6.5,0,0],"texture":"#0"},"down":{"uv":[6.5,6.5,0,13],"texture":"#0"}}},{"from":[3.5,2,3.5],"to":[12.5,7,12.5],"rotation":{"angle":0,"axis":"y","origin":[7,2,7]},"faces":{"north":{"uv":[6.5,0,11,2.5],"texture":"#0"},"east":{"uv":[6.5,0,11,2.5],"texture":"#0"},"south":{"uv":[6.5,0,11,2.5],"texture":"#0"},"west":{"uv":[6.5,0,11,2.5],"texture":"#0"},"up":{"uv":[14.5,7,10,2.5],"texture":"#0"}}},{"from":[4.5,7,4.5],"to":[11.5,12,11.5],"rotation":{"angle":0,"axis":"y","origin":[7,7,7]},"faces":{"north":{"uv":[11,0,14.5,2.5],"texture":"#0"},"east":{"uv":[11,0,14.5,2.5],"texture":"#0"},"south":{"uv":[11,0,14.5,2.5],"texture":"#0"},"west":{"uv":[11,0,14.5,2.5],"texture":"#0"},"up":{"uv":[10,6,6.5,2.5],"texture":"#0"}}},{"from":[5.5,12,5.5],"to":[10.5,16,10.5],"rotation":{"angle":0,"axis":"y","origin":[7,12,7]},"faces":{"north":{"uv":[6.5,6,9,8],"texture":"#0"},"east":{"uv":[6.5,6,9,8],"texture":"#0"},"south":{"uv":[6.5,6,9,8],"texture":"#0"},"west":{"uv":[6.5,6,9,8],"texture":"#0"},"up":{"uv":[12,9.5,9.5,7],"texture":"#0"}}}],"gui_light":"front","display":{"thirdperson_righthand":{"rotation":[40,10,0],"translation":[0,2,0],"scale":[0.6,0.6,0.6]},"thirdperson_lefthand":{"rotation":[40,10,0],"translation":[0,2,0],"scale":[0.6,0.6,0.6]},"firstperson_righthand":{"rotation":[0,10,0],"translation":[1.5,3.5,0],"scale":[0.4,0.4,0.4]},"firstperson_lefthand":{"rotation":[0,10,0],"translation":[1.5,3.5,0],"scale":[0.4,0.4,0.4]},"ground":{"translation":[0,3,0],"scale":[0.5,0.5,0.5]},"gui":{"rotation":[22.5,135,0],"translation":[0,0.75,0],"scale":[0.72,0.72,0.72]},"head":{"rotation":[22,0,0],"translation":[0,12.75,4],"scale":[1.62,1.62,1.62]},"fixed":{"rotation":[-90,0,0],"translation":[0,0,-12.75],"scale":[1.6,1.6,1.6]}}}