{"texture_size":[64,64],"elements":[{"from":[-0.1,-2.1,-0.1],"to":[16.1,4.1,16.1],"faces":{"north":{"uv":[8,6.5,12,8],"texture":"#0"},"east":{"uv":[8,8.25,12,9.75],"texture":"#0"},"south":{"uv":[0,8.5,4,10],"texture":"#0"},"west":{"uv":[9.25,0,13.25,1.5],"texture":"#0"},"up":{"uv":[4,4,0,0],"texture":"#0"},"down":{"uv":[4,4.25,0,8.25],"texture":"#0"}}},{"from":[3,4,3],"to":[13,7,13],"faces":{"north":{"uv":[9.25,1.75,11.75,2.5],"texture":"#0"},"east":{"uv":[9.25,2.75,11.75,3.5],"texture":"#0"},"south":{"uv":[9.25,3.75,11.75,4.5],"texture":"#0"},"west":{"uv":[9.25,4.75,11.75,5.5],"texture":"#0"},"up":{"uv":[6.75,2.5,4.25,0],"texture":"#0"},"down":{"uv":[6.75,2.75,4.25,5.25],"texture":"#0"}}},{"from":[5.75,7,6],"to":[9.75,32,10],"faces":{"north":{"uv":[4.25,5.5,5.25,11.75],"texture":"#0"},"east":{"uv":[5.5,5.5,6.5,11.75],"texture":"#0"},"south":{"uv":[6.75,5.5,7.75,11.75],"texture":"#0"},"west":{"uv":[8,0,9,6.25],"texture":"#0"},"up":{"uv":[9,11,8,10],"texture":"#0"},"down":{"uv":[10.25,10,9.25,11],"texture":"#0"}}}],"display":{"thirdperson_righthand":{"rotation":[-170,0,0],"translation":[0,3,1.5],"scale":[0.4,0.4,0.4]},"thirdperson_lefthand":{"rotation":[-170,0,0],"translation":[0,3,1.5],"scale":[0.4,0.4,0.4]},"firstperson_righthand":{"rotation":[170,0,0],"translation":[2,5,0],"scale":[0.3,0.3,0.3]},"firstperson_lefthand":{"rotation":[170,0,0],"translation":[2,5,0],"scale":[0.3,0.3,0.3]},"ground":{"translation":[0,3,0],"scale":[0.4,0.4,0.4]},"gui":{"rotation":[22.5,135,0],"translation":[0,-1.75,0],"scale":[0.4,0.4,0.4]},"head":{"rotation":[6.72,0.66,5.45],"translation":[-1,12,1.25]},"fixed":{"rotation":[-90,0,0],"translation":[0,0,-12],"scale":[1.2,1.2,1.2]}}}