{"display":{"thirdperson_righthand":{"rotation":[0,0,-3],"translation":[0.75,0.5,0],"scale":[0.8,0.8,0.8]},"thirdperson_lefthand":{"rotation":[0,0,-3],"translation":[0.75,0.5,0],"scale":[0.8,0.8,0.8]},"firstperson_righthand":{"rotation":[0,-8,0],"translation":[-0.5,2,1.75],"scale":[0.6,0.6,0.6]},"firstperson_lefthand":{"rotation":[0,-8,0],"translation":[-0.5,2,1.75],"scale":[0.6,0.6,0.6]},"ground":{"rotation":[14,23,28],"translation":[-1,2,-2.25],"scale":[0.5,0.5,0.5]},"gui":{"rotation":[22.5,135,0],"translation":[-1.75,-1.25,0],"scale":[0.52,0.52,0.52]},"head":{"translation":[0,-4,-4],"scale":[1.2,1.2,1.2]},"fixed":{"translation":[0,-1,5]}},"texture_size":[128,128],"textures":{"2":"civilization:item/tools/pufferfish_cannon/default"},"elements":[{"from":[4.5,5.5,1.4],"to":[11.5,12.5,1.4],"rotation":{"angle":0,"axis":"y","origin":[8,9.5,1.9]},"faces":{"north":{"uv":[5,6,5.875,6.875],"texture":"#2"},"east":{"uv":[4.5,10.625,4.5,11.5],"texture":"#2"},"south":{"uv":[6,6,6.875,6.875],"texture":"#2"},"west":{"uv":[4.625,10.625,4.625,11.5],"texture":"#2"},"up":{"uv":[11.5,10.625,10.625,10.625],"texture":"#2"},"down":{"uv":[11.625,0.375,10.75,0.375],"texture":"#2"}}},{"from":[4.5,5.7,-0.1],"to":[11.5,12.7,-0.1],"rotation":{"angle":0,"axis":"y","origin":[8,9.5,1.9]},"faces":{"north":{"uv":[2,6,2.875,6.875],"texture":"#2"},"east":{"uv":[4.25,10.625,4.25,11.5],"texture":"#2"},"south":{"uv":[4,6,4.875,6.875],"texture":"#2"},"west":{"uv":[4.375,10.625,4.375,11.5],"texture":"#2"},"up":{"uv":[11.5,10.375,10.625,10.375],"texture":"#2"},"down":{"uv":[11.5,10.5,10.625,10.5],"texture":"#2"}}},{"from":[4.5,5.8,2.9],"to":[11.5,12.8,2.9],"rotation":{"angle":0,"axis":"y","origin":[8,9.5,1.9]},"faces":{"north":{"uv":[5.5,5,6.375,5.875],"texture":"#2"},"east":{"uv":[4,10.625,4,11.5],"texture":"#2"},"south":{"uv":[1,6,1.875,6.875],"texture":"#2"},"west":{"uv":[4.125,10.625,4.125,11.5],"texture":"#2"},"up":{"uv":[11.5,10.125,10.625,10.125],"texture":"#2"},"down":{"uv":[11.5,10.25,10.625,10.25],"texture":"#2"}}},{"from":[5.5,7,-1.1],"to":[10.5,12,3.9],"rotation":{"angle":0,"axis":"y","origin":[6.5,-12,-8.1]},"faces":{"north":{"uv":[8.25,2.25,8.875,2.875],"texture":"#2"},"east":{"uv":[2.5,8.25,3.125,8.875],"texture":"#2"},"south":{"uv":[5.375,8.25,6,8.875],"texture":"#2"},"west":{"uv":[6.125,8.25,6.75,8.875],"texture":"#2"},"up":{"uv":[7.5,8.875,6.875,8.25],"texture":"#2"},"down":{"uv":[1.375,8.375,0.75,9],"texture":"#2"}}},{"from":[4.5,11,-1.1],"to":[11.5,11,4.9],"rotation":{"angle":0,"axis":"y","origin":[8,9.5,1.9]},"faces":{"north":{"uv":[10.625,3.5,11.5,3.5],"texture":"#2"},"east":{"uv":[10.625,3.625,11.375,3.625],"texture":"#2"},"south":{"uv":[10.625,5,11.5,5],"texture":"#2"},"west":{"uv":[10.625,5.125,11.375,5.125],"texture":"#2"},"up":{"uv":[7.375,5.5,6.5,4.75],"texture":"#2"},"down":{"uv":[1.75,7,0.875,7.75],"texture":"#2"}}},{"from":[4.5,9.5,-1.1],"to":[11.5,9.5,4.9],"rotation":{"angle":0,"axis":"y","origin":[8,9.5,1.9]},"faces":{"north":{"uv":[10.625,5.25,11.5,5.25],"texture":"#2"},"east":{"uv":[10.625,5.375,11.375,5.375],"texture":"#2"},"south":{"uv":[10.625,5.5,11.5,5.5],"texture":"#2"},"west":{"uv":[10.625,5.625,11.375,5.625],"texture":"#2"},"up":{"uv":[2.75,7.75,1.875,7],"texture":"#2"},"down":{"uv":[4.75,7,3.875,7.75],"texture":"#2"}}},{"from":[4.5,8,-1.1],"to":[11.5,8,4.9],"rotation":{"angle":0,"axis":"y","origin":[8,9.5,1.9]},"faces":{"north":{"uv":[10.625,5.75,11.5,5.75],"texture":"#2"},"east":{"uv":[10.625,5.875,11.375,5.875],"texture":"#2"},"south":{"uv":[10.625,6,11.5,6],"texture":"#2"},"west":{"uv":[10.625,6.125,11.375,6.125],"texture":"#2"},"up":{"uv":[5.75,7.75,4.875,7],"texture":"#2"},"down":{"uv":[7.875,5.625,7,6.375],"texture":"#2"}}},{"from":[3.01449,8.41351,-0.1],"to":[7.01449,8.41351,2.9],"rotation":{"angle":45,"axis":"z","origin":[5.01449,8.41351,1.4]},"faces":{"north":{"uv":[1.625,10.625,2.125,10.625],"texture":"#2"},"east":{"uv":[4.125,9,4.5,9],"texture":"#2"},"south":{"uv":[10.625,3.375,11.125,3.375],"texture":"#2"},"west":{"uv":[9.5,10.5,9.875,10.5],"texture":"#2"},"up":{"uv":[6.125,10.25,5.625,9.875],"texture":"#2"},"down":{"uv":[6.75,9.875,6.25,10.25],"texture":"#2"}}},{"from":[8.01449,7.31351,2.4],"to":[8.01449,10.31351,6.4],"rotation":{"angle":0,"axis":"y","origin":[8.01449,8.41351,5.4]},"faces":{"north":{"uv":[1.25,10.875,1.25,11.25],"texture":"#2"},"east":{"uv":[10.125,0.875,10.625,1.25],"texture":"#2"},"south":{"uv":[1.375,10.875,1.375,11.25],"texture":"#2"},"west":{"uv":[1.625,10.125,2.125,10.5],"texture":"#2"},"up":{"uv":[1.5,11.375,1.5,10.875],"texture":"#2"},"down":{"uv":[10.875,4,10.875,4.5],"texture":"#2"}}},{"from":[8.98551,8.41351,-0.1],"to":[12.98551,8.41351,2.9],"rotation":{"angle":-45,"axis":"z","origin":[10.98551,8.41351,1.4]},"faces":{"north":{"uv":[10.875,1.5,11.375,1.5],"texture":"#2"},"east":{"uv":[10.875,1.625,11.25,1.625],"texture":"#2"},"south":{"uv":[10.875,3.75,11.375,3.75],"texture":"#2"},"west":{"uv":[10.875,3.875,11.25,3.875],"texture":"#2"},"up":{"uv":[7.375,10.25,6.875,9.875],"texture":"#2"},"down":{"uv":[10.625,0.375,10.125,0.75],"texture":"#2"}}},{"from":[-0.47487,14.47487,10.5],"to":[6.52513,14.47487,23.5],"rotation":{"angle":-45,"axis":"z","origin":[3.02513,14.47487,17]},"faces":{"north":{"uv":[10.5,2.875,11.375,2.875],"texture":"#2"},"east":{"uv":[10.5,8,12.125,8],"texture":"#2"},"south":{"uv":[10.5,8.125,11.375,8.125],"texture":"#2"},"west":{"uv":[10.5,8.25,12.125,8.25],"texture":"#2"},"up":{"uv":[4.375,1.625,3.5,0],"texture":"#2"},"down":{"uv":[4.375,1.75,3.5,3.375],"texture":"#2"}}},{"from":[9.47487,14.47487,10.5],"to":[16.47487,14.47487,23.5],"rotation":{"angle":45,"axis":"z","origin":[12.97487,14.47487,17]},"faces":{"north":{"uv":[9.5,8.5,10.375,8.5],"texture":"#2"},"east":{"uv":[10.125,7.875,11.75,7.875],"texture":"#2"},"south":{"uv":[10.375,7.25,11.25,7.25],"texture":"#2"},"west":{"uv":[10.375,7.375,12,7.375],"texture":"#2"},"up":{"uv":[2.375,4.875,1.5,3.25],"texture":"#2"},"down":{"uv":[3.375,3.25,2.5,4.875],"texture":"#2"}}},{"from":[4.5,5.5,1.5],"to":[11.5,8.5,14.5],"rotation":{"angle":0,"axis":"y","origin":[8,4.5,8]},"faces":{"north":{"uv":[9.375,4.5,10.25,4.875],"texture":"#2"},"east":{"uv":[7.5,3,9.125,3.375],"texture":"#2"},"south":{"uv":[5.375,9.375,6.25,9.75],"texture":"#2"},"west":{"uv":[7.5,3.5,9.125,3.875],"texture":"#2"},"up":{"uv":[4.375,5.125,3.5,3.5],"texture":"#2"},"down":{"uv":[0.875,4.5,0,6.125],"texture":"#2"}}},{"from":[4.5,10.5,1.5],"to":[11.5,13.5,14.5],"rotation":{"angle":0,"axis":"y","origin":[8,11.5,8]},"faces":{"north":{"uv":[9,9,9.875,9.375],"texture":"#2"},"east":{"uv":[5.875,7,7.5,7.375],"texture":"#2"},"south":{"uv":[9.125,0,10,0.375],"texture":"#2"},"west":{"uv":[7,6.5,8.625,6.875],"texture":"#2"},"up":{"uv":[2.375,3.125,1.5,1.5],"texture":"#2"},"down":{"uv":[3.375,1.5,2.5,3.125],"texture":"#2"}}},{"from":[3.5,7,7],"to":[12.5,12,12],"rotation":{"angle":0,"axis":"y","origin":[6.5,1,8.5]},"faces":{"north":{"uv":[6.5,0,7.625,0.625],"texture":"#2"},"east":{"uv":[0,8.25,0.625,8.875],"texture":"#2"},"south":{"uv":[6.5,0.75,7.625,1.375],"texture":"#2"},"west":{"uv":[8.25,1.5,8.875,2.125],"texture":"#2"},"up":{"uv":[7.625,2.125,6.5,1.5],"texture":"#2"},"down":{"uv":[7.625,2.25,6.5,2.875],"texture":"#2"}}},{"from":[5,10.5,19],"to":[11,12.5,23],"rotation":{"angle":0,"axis":"y","origin":[6.5,15,8.5]},"faces":{"north":{"uv":[10,9.75,10.75,10],"texture":"#2"},"east":{"uv":[10.375,6.625,10.875,6.875],"texture":"#2"},"south":{"uv":[10.125,0,10.875,0.25],"texture":"#2"},"west":{"uv":[6.875,10.375,7.375,10.625],"texture":"#2"},"up":{"uv":[9.25,5.125,8.5,4.625],"texture":"#2"},"down":{"uv":[9.375,8,8.625,8.5],"texture":"#2"}}},{"from":[5,6.5,19],"to":[11,8.5,23],"rotation":{"angle":0,"axis":"y","origin":[6.5,1,8.5]},"faces":{"north":{"uv":[10,9,10.75,9.25],"texture":"#2"},"east":{"uv":[5.625,10.375,6.125,10.625],"texture":"#2"},"south":{"uv":[10,9.375,10.75,9.625],"texture":"#2"},"west":{"uv":[6.25,10.375,6.75,10.625],"texture":"#2"},"up":{"uv":[4.875,8.875,4.125,8.375],"texture":"#2"},"down":{"uv":[9.25,4,8.5,4.5],"texture":"#2"}}},{"from":[4.5,6,24.5],"to":[11.5,13,29.5],"rotation":{"angle":0,"axis":"y","origin":[6.5,1,8.5]},"faces":{"north":{"uv":[1,5,1.875,5.875],"texture":"#2"},"east":{"uv":[0,7.25,0.625,8.125],"texture":"#2"},"south":{"uv":[2,5,2.875,5.875],"texture":"#2"},"west":{"uv":[2.875,7.25,3.5,8.125],"texture":"#2"},"up":{"uv":[8.375,4.625,7.5,4],"texture":"#2"},"down":{"uv":[8.375,4.75,7.5,5.375],"texture":"#2"}}},{"from":[10.5,7,-2.5],"to":[11.5,12,4.5],"rotation":{"angle":0,"axis":"y","origin":[6.5,1,8.5]},"faces":{"north":{"uv":[1.25,9.125,1.375,9.75],"texture":"#2"},"east":{"uv":[5.875,7.5,6.75,8.125],"texture":"#2"},"south":{"uv":[10.375,10.125,10.5,10.75],"texture":"#2"},"west":{"uv":[6.875,7.5,7.75,8.125],"texture":"#2"},"up":{"uv":[8.5,9.625,8.375,8.75],"texture":"#2"},"down":{"uv":[2.375,10.125,2.25,11],"texture":"#2"}}},{"from":[4.5,7,-2.5],"to":[5.5,12,4.5],"rotation":{"angle":0,"axis":"y","origin":[6.5,1,8.5]},"faces":{"north":{"uv":[0,10.5,0.125,11.125],"texture":"#2"},"east":{"uv":[7.75,0,8.625,0.625],"texture":"#2"},"south":{"uv":[0.25,10.5,0.375,11.125],"texture":"#2"},"west":{"uv":[7.75,0.75,8.625,1.375],"texture":"#2"},"up":{"uv":[8.875,11,8.75,10.125],"texture":"#2"},"down":{"uv":[8.125,10.25,8,11.125],"texture":"#2"}}},{"from":[2.5,4,-2.5],"to":[4.5,15,4.5],"rotation":{"angle":0,"axis":"y","origin":[6.5,1,11.5]},"faces":{"north":{"uv":[5,8.375,5.25,9.75],"texture":"#2"},"east":{"uv":[4.5,3,5.375,4.375],"texture":"#2"},"south":{"uv":[8.625,8.625,8.875,10],"texture":"#2"},"west":{"uv":[4.5,4.5,5.375,5.875],"texture":"#2"},"up":{"uv":[5.125,10.75,4.875,9.875],"texture":"#2"},"down":{"uv":[5.5,9.875,5.25,10.75],"texture":"#2"}}},{"from":[2,6,-0.5],"to":[3,10,2.5],"rotation":{"angle":0,"axis":"x","origin":[-3,8,1]},"faces":{"north":{"uv":[3.625,7.25,3.75,7.75],"texture":"#2"},"east":{"uv":[4,5.25,4.375,5.75],"texture":"#2"},"south":{"uv":[4.625,9,4.75,9.5],"texture":"#2"},"west":{"uv":[0.75,10.125,1.125,10.625],"texture":"#2"},"up":{"uv":[7.75,8.625,7.625,8.25],"texture":"#2"},"down":{"uv":[7.5,9.375,7.375,9.75],"texture":"#2"}}},{"from":[13,6,-0.5],"to":[14,10,2.5],"rotation":{"angle":0,"axis":"x","origin":[19,8,1]},"faces":{"north":{"uv":[0.5,10.5,0.625,11],"texture":"#2"},"east":{"uv":[10.125,5,10.5,5.5],"texture":"#2"},"south":{"uv":[10.5,1.375,10.625,1.875],"texture":"#2"},"west":{"uv":[10.125,5.625,10.5,6.125],"texture":"#2"},"up":{"uv":[10.625,2.375,10.5,2],"texture":"#2"},"down":{"uv":[2.625,10.5,2.5,10.875],"texture":"#2"}}},{"from":[4.5,4,-2.5],"to":[11.5,7,4.5],"rotation":{"angle":0,"axis":"y","origin":[6.5,1,8.5]},"faces":{"north":{"uv":[9.125,7.5,10,7.875],"texture":"#2"},"east":{"uv":[9.25,3,10.125,3.375],"texture":"#2"},"south":{"uv":[9.25,3.5,10.125,3.875],"texture":"#2"},"west":{"uv":[9.375,4,10.25,4.375],"texture":"#2"},"up":{"uv":[6.375,1.875,5.5,1],"texture":"#2"},"down":{"uv":[6.375,2,5.5,2.875],"texture":"#2"}}},{"from":[11.5,4,-2.5],"to":[13.5,15,4.5],"rotation":{"angle":0,"axis":"y","origin":[6.5,1,8.5]},"faces":{"north":{"uv":[3.25,8.25,3.5,9.625],"texture":"#2"},"east":{"uv":[4.5,0,5.375,1.375],"texture":"#2"},"south":{"uv":[1.5,8.375,1.75,9.75],"texture":"#2"},"west":{"uv":[4.5,1.5,5.375,2.875],"texture":"#2"},"up":{"uv":[3.5,10.625,3.25,9.75],"texture":"#2"},"down":{"uv":[1.5,9.875,1.25,10.75],"texture":"#2"}}},{"from":[4.5,6,-1.5],"to":[11.5,13,4.5],"rotation":{"angle":0,"axis":"y","origin":[6.5,1,8.5]},"faces":{"north":{"uv":[5.5,3,6.375,3.875],"texture":"#2"},"east":{"uv":[0,6.25,0.75,7.125],"texture":"#2"},"south":{"uv":[5.5,4,6.375,4.875],"texture":"#2"},"west":{"uv":[3,6.25,3.75,7.125],"texture":"#2"},"up":{"uv":[7.375,3.75,6.5,3],"texture":"#2"},"down":{"uv":[7.375,3.875,6.5,4.625],"texture":"#2"}}},{"from":[4.5,12,-2.5],"to":[11.5,15,4.5],"rotation":{"angle":0,"axis":"y","origin":[6.5,1,8.5]},"faces":{"north":{"uv":[3.625,9.125,4.5,9.5],"texture":"#2"},"east":{"uv":[9.125,5.25,10,5.625],"texture":"#2"},"south":{"uv":[9.125,5.75,10,6.125],"texture":"#2"},"west":{"uv":[9.125,6.25,10,6.625],"texture":"#2"},"up":{"uv":[3.875,6.125,3,5.25],"texture":"#2"},"down":{"uv":[6.375,0,5.5,0.875],"texture":"#2"}}},{"from":[3,12.6,-2.6],"to":[4,13.6,-2.6],"rotation":{"angle":0,"axis":"y","origin":[6.5,1,11.5]},"faces":{"north":{"uv":[3,1.25,3.125,1.375],"texture":"#2"},"east":{"uv":[2.875,7,2.875,7.125],"texture":"#2"},"south":{"uv":[3.25,1.25,3.375,1.375],"texture":"#2"},"west":{"uv":[8.125,2.75,8.125,2.875],"texture":"#2"},"up":{"uv":[8.625,5.25,8.5,5.25],"texture":"#2"},"down":{"uv":[8.625,5.375,8.5,5.375],"texture":"#2"}}},{"from":[12,12.6,-2.6],"to":[13,13.6,-2.6],"rotation":{"angle":0,"axis":"y","origin":[9.5,1,11.5]},"faces":{"north":{"uv":[3,5,3.125,5.125],"texture":"#2"},"east":{"uv":[8.75,6.75,8.75,6.875],"texture":"#2"},"south":{"uv":[3.25,5,3.375,5.125],"texture":"#2"},"west":{"uv":[1.625,9.875,1.625,10],"texture":"#2"},"up":{"uv":[10.25,6.625,10.125,6.625],"texture":"#2"},"down":{"uv":[11,4.625,10.875,4.625],"texture":"#2"}}},{"from":[2.49269,4,-2.99058],"to":[4.49269,15,-2.99058],"rotation":{"angle":22.5,"axis":"y","origin":[8,9.5,0.5]},"faces":{"north":{"uv":[8.75,0,9,1.375],"texture":"#2"},"east":{"uv":[2.75,10.5,2.75,11.875],"texture":"#2"},"south":{"uv":[8.75,5.25,9,6.625],"texture":"#2"},"west":{"uv":[2.875,10.5,2.875,11.875],"texture":"#2"},"up":{"uv":[4.25,5.875,4,5.875],"texture":"#2"},"down":{"uv":[7.75,5.5,7.5,5.5],"texture":"#2"}}},{"from":[1.34464,4,0.78106],"to":[3.34464,15,0.78106],"rotation":{"angle":22.5,"axis":"y","origin":[8,9.5,1.5]},"faces":{"north":{"uv":[7.625,8.75,7.875,10.125],"texture":"#2"},"east":{"uv":[3,10.5,3,11.875],"texture":"#2"},"south":{"uv":[8,8.75,8.25,10.125],"texture":"#2"},"west":{"uv":[3.125,10.5,3.125,11.875],"texture":"#2"},"up":{"uv":[8,2.75,7.75,2.75],"texture":"#2"},"down":{"uv":[8,2.875,7.75,2.875],"texture":"#2"}}},{"from":[2.5,13.00731,-2.49058],"to":[13.5,15.00731,-2.49058],"rotation":{"angle":22.5,"axis":"x","origin":[8,9.5,1]},"faces":{"north":{"uv":[9,2.25,10.375,2.5],"texture":"#2"},"east":{"uv":[9,10.5,9,10.75],"texture":"#2"},"south":{"uv":[9,2.625,10.375,2.875],"texture":"#2"},"west":{"uv":[9.125,10.5,9.125,10.75],"texture":"#2"},"up":{"uv":[11.875,8.875,10.5,8.875],"texture":"#2"},"down":{"uv":[12,3,10.625,3],"texture":"#2"}}},{"from":[2.5,14.15536,0.28106],"to":[13.5,16.15536,0.28106],"rotation":{"angle":22.5,"axis":"x","origin":[8,9.5,1]},"faces":{"north":{"uv":[5.375,9,6.75,9.25],"texture":"#2"},"east":{"uv":[9.25,10.5,9.25,10.75],"texture":"#2"},"south":{"uv":[9,8.625,10.375,8.875],"texture":"#2"},"west":{"uv":[9.375,10.5,9.375,10.75],"texture":"#2"},"up":{"uv":[12,3.125,10.625,3.125],"texture":"#2"},"down":{"uv":[12,3.25,10.625,3.25],"texture":"#2"}}},{"from":[2.5,3.99269,-2.49058],"to":[13.5,5.99269,-2.49058],"rotation":{"angle":-22.5,"axis":"x","origin":[8,9.5,1]},"faces":{"north":{"uv":[9,1.5,10.375,1.75],"texture":"#2"},"east":{"uv":[2.375,9.625,2.375,9.875],"texture":"#2"},"south":{"uv":[9,1.875,10.375,2.125],"texture":"#2"},"west":{"uv":[7.5,9.875,7.5,10.125],"texture":"#2"},"up":{"uv":[11.875,8.625,10.5,8.625],"texture":"#2"},"down":{"uv":[11.875,8.75,10.5,8.75],"texture":"#2"}}},{"from":[2.5,2.84464,0.28106],"to":[13.5,4.84464,0.28106],"rotation":{"angle":-22.5,"axis":"x","origin":[8,9.5,1]},"faces":{"north":{"uv":[8.875,6.75,10.25,7],"texture":"#2"},"east":{"uv":[6.875,5.625,6.875,5.875],"texture":"#2"},"south":{"uv":[8.875,7.125,10.25,7.375],"texture":"#2"},"west":{"uv":[4.875,9.5,4.875,9.75],"texture":"#2"},"up":{"uv":[11.875,8.375,10.5,8.375],"texture":"#2"},"down":{"uv":[11.875,8.5,10.5,8.5],"texture":"#2"}}},{"from":[12.65536,4,0.78106],"to":[14.65536,15,0.78106],"rotation":{"angle":-22.5,"axis":"y","origin":[8,9.5,1.5]},"faces":{"north":{"uv":[0,9,0.25,10.375],"texture":"#2"},"east":{"uv":[9.5,10.625,9.5,12],"texture":"#2"},"south":{"uv":[0.375,9,0.625,10.375],"texture":"#2"},"west":{"uv":[9.625,10.625,9.625,12],"texture":"#2"},"up":{"uv":[10.375,1.375,10.125,1.375],"texture":"#2"},"down":{"uv":[11,0.5,10.75,0.5],"texture":"#2"}}},{"from":[11.50731,4,-2.99058],"to":[13.50731,15,-2.99058],"rotation":{"angle":-22.5,"axis":"y","origin":[8,9.5,0.5]},"faces":{"north":{"uv":[2.5,9,2.75,10.375],"texture":"#2"},"east":{"uv":[9.75,10.625,9.75,12],"texture":"#2"},"south":{"uv":[2.875,9,3.125,10.375],"texture":"#2"},"west":{"uv":[9.875,10.625,9.875,12],"texture":"#2"},"up":{"uv":[11,0.625,10.75,0.625],"texture":"#2"},"down":{"uv":[1,10.75,0.75,10.75],"texture":"#2"}}},{"from":[8,2.5,4.5],"to":[8,6.5,8.5],"rotation":{"angle":0,"axis":"y","origin":[6.5,1,8.5]},"faces":{"north":{"uv":[0.875,6.25,0.875,6.75],"texture":"#2"},"east":{"uv":[3.625,9.625,4.125,10.125],"texture":"#2"},"south":{"uv":[3.875,6.25,3.875,6.75],"texture":"#2"},"west":{"uv":[4.25,9.625,4.75,10.125],"texture":"#2"},"up":{"uv":[0.75,7.75,0.75,7.25],"texture":"#2"},"down":{"uv":[1.875,8.375,1.875,8.875],"texture":"#2"}}},{"from":[7,1,8.5],"to":[9,6,10.5],"rotation":{"angle":0,"axis":"y","origin":[6.5,1,8.5]},"faces":{"north":{"uv":[8.375,10.125,8.625,10.75],"texture":"#2"},"east":{"uv":[10,10.125,10.25,10.75],"texture":"#2"},"south":{"uv":[10.25,3,10.5,3.625],"texture":"#2"},"west":{"uv":[3.625,10.25,3.875,10.875],"texture":"#2"},"up":{"uv":[6.75,5.875,6.5,5.625],"texture":"#2"},"down":{"uv":[2.75,7.875,2.5,8.125],"texture":"#2"}}},{"from":[5.5,7,2.5],"to":[10.5,12,25.5],"rotation":{"angle":0,"axis":"y","origin":[6.5,1,8.5]},"faces":{"north":{"uv":[8,5.5,8.625,6.125],"texture":"#2"},"east":{"uv":[0,0,2.875,0.625],"texture":"#2"},"south":{"uv":[7.875,8,8.5,8.625],"texture":"#2"},"west":{"uv":[0,0.75,2.875,1.375],"texture":"#2"},"up":{"uv":[0.625,4.375,0,1.5],"texture":"#2"},"down":{"uv":[1.375,1.5,0.75,4.375],"texture":"#2"}}},{"from":[-0.63773,9.90631,5],"to":[2.56227,9.90631,14],"rotation":{"angle":-22.5,"axis":"z","origin":[0.46227,11.40631,9.5]},"faces":{"north":{"uv":[10.75,0.75,11.125,0.75],"texture":"#2"},"east":{"uv":[10.75,0.875,11.875,0.875],"texture":"#2"},"south":{"uv":[10.75,1,11.125,1],"texture":"#2"},"west":{"uv":[10.75,1.125,11.875,1.125],"texture":"#2"},"up":{"uv":[3.375,1.125,3,0],"texture":"#2"},"down":{"uv":[8.125,1.5,7.75,2.625],"texture":"#2"}}},{"from":[-0.56211,13.09146,5],"to":[2.63789,13.09146,14],"rotation":{"angle":-22.5,"axis":"z","origin":[0.53789,11.59146,9.5]},"faces":{"north":{"uv":[7.375,10.75,7.75,10.75],"texture":"#2"},"east":{"uv":[10.625,10.75,11.75,10.75],"texture":"#2"},"south":{"uv":[10.875,1.25,11.25,1.25],"texture":"#2"},"west":{"uv":[10.875,1.375,12,1.375],"texture":"#2"},"up":{"uv":[2.375,9,2,7.875],"texture":"#2"},"down":{"uv":[4,7.875,3.625,9],"texture":"#2"}}},{"from":[-0.6,9.9,5],"to":[-0.6,13.1,14],"rotation":{"angle":-22.5,"axis":"z","origin":[0.5,11.5,9.5]},"faces":{"north":{"uv":[3.375,10.75,3.375,11.125],"texture":"#2"},"east":{"uv":[7.625,7,8.75,7.375],"texture":"#2"},"south":{"uv":[3.5,10.75,3.5,11.125],"texture":"#2"},"west":{"uv":[0.75,7.875,1.875,8.25],"texture":"#2"},"up":{"uv":[7.125,11.875,7.125,10.75],"texture":"#2"},"down":{"uv":[7.25,10.75,7.25,11.875],"texture":"#2"}}},{"from":[2.6,9.9,5],"to":[2.6,13.1,14],"rotation":{"angle":-22.5,"axis":"z","origin":[0.5,11.5,9.5]},"faces":{"north":{"uv":[7.875,10.75,7.875,11.125],"texture":"#2"},"east":{"uv":[4.125,7.875,5.25,8.25],"texture":"#2"},"south":{"uv":[0.75,10.875,0.75,11.25],"texture":"#2"},"west":{"uv":[7.875,7.5,9,7.875],"texture":"#2"},"up":{"uv":[0.875,12,0.875,10.875],"texture":"#2"},"down":{"uv":[1,10.875,1,12],"texture":"#2"}}},{"from":[2.9,8.7,12],"to":[7.5,10.7,13],"rotation":{"angle":-22.5,"axis":"z","origin":[4.5,11.5,9.5]},"faces":{"north":{"uv":[10.125,7.5,10.75,7.75],"texture":"#2"},"east":{"uv":[8.375,9.75,8.5,10],"texture":"#2"},"south":{"uv":[4,10.25,4.625,10.5],"texture":"#2"},"west":{"uv":[10.5,2.5,10.625,2.75],"texture":"#2"},"up":{"uv":[11,4.875,10.375,4.75],"texture":"#2"},"down":{"uv":[11,7,10.375,7.125],"texture":"#2"}}},{"from":[2.8,8.7,6],"to":[7.5,10.7,7],"rotation":{"angle":-22.5,"axis":"z","origin":[4.5,11.5,9.5]},"faces":{"north":{"uv":[6.875,9,7.5,9.25],"texture":"#2"},"east":{"uv":[5.375,7.875,5.5,8.125],"texture":"#2"},"south":{"uv":[10.125,6.25,10.75,6.5],"texture":"#2"},"west":{"uv":[5.625,7.875,5.75,8.125],"texture":"#2"},"up":{"uv":[8.625,6.375,8,6.25],"texture":"#2"},"down":{"uv":[10,5,9.375,5.125],"texture":"#2"}}},{"from":[-0.5,10,6],"to":[-0.5,13,13],"rotation":{"angle":-22.5,"axis":"z","origin":[0.5,11.5,9.5]},"faces":{"north":{"uv":[4.875,9,4.875,9.375],"texture":"#2"},"east":{"uv":[9.125,0.5,10,0.875],"texture":"#2"},"south":{"uv":[2.375,9.125,2.375,9.5],"texture":"#2"},"west":{"uv":[9.125,1,10,1.375],"texture":"#2"},"up":{"uv":[4.75,11.125,4.75,10.25],"texture":"#2"},"down":{"uv":[8.25,10.25,8.25,11.125],"texture":"#2"}}},{"from":[2.5,10,6],"to":[2.5,13,13],"rotation":{"angle":-22.5,"axis":"z","origin":[0.5,11.5,9.5]},"faces":{"north":{"uv":[1.125,10.75,1.125,11.125],"texture":"#2"},"east":{"uv":[6.375,9.375,7.25,9.75],"texture":"#2"},"south":{"uv":[10.75,1.25,10.75,1.625],"texture":"#2"},"west":{"uv":[9.5,8,10.375,8.375],"texture":"#2"},"up":{"uv":[1.625,11.625,1.625,10.75],"texture":"#2"},"down":{"uv":[1.75,10.75,1.75,11.625],"texture":"#2"}}},{"from":[-0.5,10,13],"to":[2.5,13,13],"rotation":{"angle":-22.5,"axis":"z","origin":[0.5,11.5,9.5]},"faces":{"north":{"uv":[1,4.5,1.375,4.875],"texture":"#2"},"east":{"uv":[1.875,10.75,1.875,11.125],"texture":"#2"},"south":{"uv":[7.5,10.25,7.875,10.625],"texture":"#2"},"west":{"uv":[2,10.75,2,11.125],"texture":"#2"},"up":{"uv":[11.125,2.75,10.75,2.75],"texture":"#2"},"down":{"uv":[6,10.75,5.625,10.75],"texture":"#2"}}},{"from":[-0.5,10,6],"to":[2.5,13,6],"rotation":{"angle":-22.5,"axis":"z","origin":[0.5,11.5,9.5]},"faces":{"north":{"uv":[10.375,3.75,10.75,4.125],"texture":"#2"},"east":{"uv":[2.125,10.75,2.125,11.125],"texture":"#2"},"south":{"uv":[10.375,4.25,10.75,4.625],"texture":"#2"},"west":{"uv":[3.25,10.75,3.25,11.125],"texture":"#2"},"up":{"uv":[6.5,10.75,6.125,10.75],"texture":"#2"},"down":{"uv":[7,10.75,6.625,10.75],"texture":"#2"}}},{"from":[-0.5,10,6],"to":[2.5,10,13],"rotation":{"angle":-22.5,"axis":"z","origin":[0.5,11.5,9.5]},"faces":{"north":{"uv":[10.75,1.75,11.125,1.75],"texture":"#2"},"east":{"uv":[10.75,1.875,11.625,1.875],"texture":"#2"},"south":{"uv":[10.75,2,11.125,2],"texture":"#2"},"west":{"uv":[10.75,2.125,11.625,2.125],"texture":"#2"},"up":{"uv":[1.125,10,0.75,9.125],"texture":"#2"},"down":{"uv":[2.25,9.125,1.875,10],"texture":"#2"}}},{"from":[-0.5,13,6],"to":[2.5,13,13],"rotation":{"angle":-22.5,"axis":"z","origin":[0.5,11.5,9.5]},"faces":{"north":{"uv":[10.75,2.25,11.125,2.25],"texture":"#2"},"east":{"uv":[10.75,2.375,11.625,2.375],"texture":"#2"},"south":{"uv":[10.75,2.5,11.125,2.5],"texture":"#2"},"west":{"uv":[10.75,2.625,11.625,2.625],"texture":"#2"},"up":{"uv":[9.375,10.375,9,9.5],"texture":"#2"},"down":{"uv":[9.875,9.5,9.5,10.375],"texture":"#2"}}}],"gui_light":"front"}