{"display":{"thirdperson_righthand":{"translation":[0,4.25,1.5],"scale":[0.9,0.9,0.9]},"thirdperson_lefthand":{"translation":[0,4.25,1.5],"scale":[0.9,0.9,0.9]},"firstperson_righthand":{"rotation":[6,-10,0],"translation":[2.75,2,-0.25],"scale":[0.57,0.57,0.57]},"firstperson_lefthand":{"rotation":[6,-10,0],"translation":[2.75,2,-0.25],"scale":[0.57,0.57,0.57]},"ground":{"rotation":[81,114,3],"scale":[0.5,0.5,0.5]},"gui":{"rotation":[90,-135,90],"translation":[-1,-1.5,-0.5],"scale":[0.6,0.6,0.6]},"fixed":{"rotation":[90,135,-90],"translation":[1,-1.75,-0.5],"scale":[0.7,0.7,0.7]}},"texture_size":[64,64],"textures":{"0":"civilization:item/tools/cloud_sword","particle":"civilization:item/tools/cloud_sword"},"elements":[{"from":[7,-2,7],"to":[9,5,9],"rotation":{"angle":0,"axis":"y","origin":[7,0,7]},"faces":{"north":{"uv":[2.5,4.25,3,6],"texture":"#0"},"east":{"uv":[4,4.75,4.5,6.5],"texture":"#0"},"south":{"uv":[4.5,4.75,5,6.5],"texture":"#0"},"west":{"uv":[5,2,5.5,3.75],"texture":"#0"},"up":{"uv":[3,7.25,2.5,6.75],"texture":"#0"},"down":{"uv":[3.5,6.75,3,7.25],"texture":"#0"}}},{"from":[8,-1.9,4],"to":[8,6.1,8],"rotation":{"angle":22.5,"axis":"x","origin":[8,1.1,5.5]},"faces":{"north":{"uv":[0,0,0,2],"texture":"#0"},"east":{"uv":[4,2,3,4],"texture":"#0"},"south":{"uv":[0,0,0,2],"texture":"#0"},"west":{"uv":[3,2,4,4],"texture":"#0"},"up":{"uv":[0,1,0,0],"texture":"#0"},"down":{"uv":[0,0,0,1],"texture":"#0"}}},{"from":[6.5,-4,6.5],"to":[9.5,-1,9.5],"rotation":{"angle":45,"axis":"x","origin":[8.5,-2.5,8]},"faces":{"north":{"uv":[6,5,6.75,5.75],"texture":"#0"},"east":{"uv":[5.75,6,6.5,6.75],"texture":"#0"},"south":{"uv":[6.25,1.75,7,2.5],"texture":"#0"},"west":{"uv":[6.25,2.5,7,3.25],"texture":"#0"},"up":{"uv":[7,4,6.25,3.25],"texture":"#0"},"down":{"uv":[7,4,6.25,4.75],"texture":"#0"}}},{"from":[7,-4.5,8],"to":[9,-2.5,10],"rotation":{"angle":45,"axis":"x","origin":[8,-2.5,8]},"faces":{"north":{"uv":[6,6.75,6.5,7.25],"texture":"#0"},"east":{"uv":[7,1.5,7.5,2],"texture":"#0"},"south":{"uv":[7,2,7.5,2.5],"texture":"#0"},"west":{"uv":[7,2.5,7.5,3],"texture":"#0"},"up":{"uv":[7.5,3.5,7,3],"texture":"#0"},"down":{"uv":[4,7,3.5,7.5],"texture":"#0"}}},{"from":[6.8,-1.7,6.8],"to":[9.2,4.7,9.2],"rotation":{"angle":0,"axis":"y","origin":[7,0,7]},"faces":{"north":{"uv":[5,3.75,5.5,5.25],"texture":"#0"},"east":{"uv":[0.5,5.25,1,6.75],"texture":"#0"},"south":{"uv":[1,5.25,1.5,6.75],"texture":"#0"},"west":{"uv":[1.5,5.25,2,6.75],"texture":"#0"},"up":{"uv":[7.25,5.75,6.75,5.25],"texture":"#0"},"down":{"uv":[6,6.75,5.5,7.25],"texture":"#0"}}},{"from":[6.95,4.95,4.79149],"to":[9.05,7.05,8.89149],"rotation":{"angle":-22.5,"axis":"x","origin":[8,5,7.84149]},"faces":{"north":{"uv":[6.75,4.75,7.25,5.25],"texture":"#0"},"east":{"uv":[6.5,0,7.5,0.5],"texture":"#0"},"south":{"uv":[5,6.75,5.5,7.25],"texture":"#0"},"west":{"uv":[6.5,0.5,7.5,1],"texture":"#0"},"up":{"uv":[4,7,3.5,6],"texture":"#0"},"down":{"uv":[4.5,6.5,4,7.5],"texture":"#0"}}},{"from":[6.95,4.10903,7.83634],"to":[9.05,6.20903,11.93634],"rotation":{"angle":22.5,"axis":"x","origin":[8,6.40903,10.63634]},"faces":{"north":{"uv":[6,7.25,6.5,7.75],"texture":"#0"},"east":{"uv":[6.5,1,7.5,1.5],"texture":"#0"},"south":{"uv":[6.5,7.25,7,7.75],"texture":"#0"},"west":{"uv":[6.5,5.75,7.5,6.25],"texture":"#0"},"up":{"uv":[5,7.5,4.5,6.5],"texture":"#0"},"down":{"uv":[7,6.25,6.5,7.25],"texture":"#0"}}},{"from":[6.95,6.20142,10.87461],"to":[9.05,9.30142,11.97461],"rotation":{"angle":22.5,"axis":"x","origin":[8,6.50142,10.67461]},"faces":{"north":{"uv":[2,5.25,2.5,6],"texture":"#0"},"east":{"uv":[3.5,7.5,3.75,8.25],"texture":"#0"},"south":{"uv":[1,6.75,1.5,7.5],"texture":"#0"},"west":{"uv":[3.75,7.5,4,8.25],"texture":"#0"},"up":{"uv":[6,5.25,5.5,5],"texture":"#0"},"down":{"uv":[6.25,1.75,5.75,2],"texture":"#0"}}},{"from":[6.95,4.91173,3.6991],"to":[9.05,8.01173,4.7991],"rotation":{"angle":-22.5,"axis":"x","origin":[8,4.96173,7.7491]},"faces":{"north":{"uv":[1.5,6.75,2,7.5],"texture":"#0"},"east":{"uv":[4.5,7.5,4.75,8.25],"texture":"#0"},"south":{"uv":[2,6.75,2.5,7.5],"texture":"#0"},"west":{"uv":[4.75,7.5,5,8.25],"texture":"#0"},"up":{"uv":[7,1.75,6.5,1.5],"texture":"#0"},"down":{"uv":[8.25,0.5,7.75,0.75],"texture":"#0"}}},{"from":[7.51,6.01,6.51],"to":[8.49,22.99,9.49],"rotation":{"angle":0,"axis":"y","origin":[7.5,0,6.5]},"faces":{"north":{"uv":[0,4.25,0.25,8.5],"texture":"#0"},"east":{"uv":[0,0,0.75,4.25],"texture":"#0"},"south":{"uv":[0.25,4.25,0.5,8.5],"texture":"#0"},"west":{"uv":[0.75,0,1.5,4.25],"texture":"#0"},"up":{"uv":[7.75,0.75,7.5,0],"texture":"#0"},"down":{"uv":[7.75,0.75,7.5,1.5],"texture":"#0"}}},{"from":[7.4,5.9,6.4],"to":[8.6,13.1,9.6],"rotation":{"angle":0,"axis":"y","origin":[7.5,0,6.5]},"faces":{"north":{"uv":[0.5,6.75,0.75,8.5],"texture":"#0"},"east":{"uv":[4,0,4.75,1.75],"texture":"#0"},"south":{"uv":[0.75,6.75,1,8.5],"texture":"#0"},"west":{"uv":[4,1.75,4.75,3.5],"texture":"#0"},"up":{"uv":[7.25,8,7,7.25],"texture":"#0"},"down":{"uv":[7.5,7.25,7.25,8],"texture":"#0"}}},{"from":[7.49,22.99,7.49],"to":[8.51,25.01,9.51],"rotation":{"angle":0,"axis":"y","origin":[7.5,0,6.5]},"faces":{"north":{"uv":[4.75,3,5,3.5],"texture":"#0"},"east":{"uv":[7,6.25,7.5,6.75],"texture":"#0"},"south":{"uv":[7.5,3,7.75,3.5],"texture":"#0"},"west":{"uv":[7,6.75,7.5,7.25],"texture":"#0"},"up":{"uv":[7.75,6,7.5,5.5],"texture":"#0"},"down":{"uv":[7.75,6,7.5,6.5],"texture":"#0"}}},{"from":[7.5,25,8.5],"to":[8.5,26,9.5],"rotation":{"angle":0,"axis":"y","origin":[7.5,0,6.5]},"faces":{"north":{"uv":[7.75,0.75,8,1],"texture":"#0"},"east":{"uv":[7.75,1,8,1.25],"texture":"#0"},"south":{"uv":[7.75,1.25,8,1.5],"texture":"#0"},"west":{"uv":[7.75,1.5,8,1.75],"texture":"#0"},"up":{"uv":[8,2,7.75,1.75],"texture":"#0"},"down":{"uv":[8,2,7.75,2.25],"texture":"#0"}}},{"from":[7.5,26,9],"to":[8.5,26.5,9.5],"rotation":{"angle":0,"axis":"y","origin":[7.5,0,6.5]},"faces":{"north":{"uv":[7.75,3,8,3.25],"texture":"#0"},"east":{"uv":[3.25,7.75,3.5,8],"texture":"#0"},"south":{"uv":[7.75,3.25,8,3.5],"texture":"#0"},"west":{"uv":[7.75,3.5,8,3.75],"texture":"#0"},"up":{"uv":[8,4,7.75,3.75],"texture":"#0"},"down":{"uv":[8,4,7.75,4.25],"texture":"#0"}}},{"from":[7.5,26.5,9.4],"to":[8.5,27.1,9.5],"rotation":{"angle":0,"axis":"y","origin":[7.5,0,6.5]},"faces":{"north":{"uv":[7.75,4.25,8,4.5],"texture":"#0"},"east":{"uv":[7.75,4.5,8,4.75],"texture":"#0"},"south":{"uv":[7.75,4.75,8,5],"texture":"#0"},"west":{"uv":[5,7.75,5.25,8],"texture":"#0"},"up":{"uv":[8,5.25,7.75,5],"texture":"#0"},"down":{"uv":[5.5,7.75,5.25,8],"texture":"#0"}}},{"from":[8,6,5.5],"to":[8,23,8.5],"rotation":{"angle":0,"axis":"y","origin":[7.5,0,6.5]},"faces":{"north":{"uv":[0,0,0,4.25],"texture":"#0"},"east":{"uv":[1.5,0,2.25,4.25],"texture":"#0"},"south":{"uv":[0,0,0,4.25],"texture":"#0"},"west":{"uv":[2.25,0,3,4.25],"texture":"#0"},"up":{"uv":[0,0.75,0,0],"texture":"#0"},"down":{"uv":[0,0,0,0.75],"texture":"#0"}}},{"from":[7.3,6.8,6.3],"to":[8.7,10.2,9.7],"rotation":{"angle":0,"axis":"y","origin":[7.5,0,6.5]},"faces":{"north":{"uv":[1.75,7.5,2,8.25],"texture":"#0"},"east":{"uv":[2.75,6,3.5,6.75],"texture":"#0"},"south":{"uv":[2,7.5,2.25,8.25],"texture":"#0"},"west":{"uv":[5,6,5.75,6.75],"texture":"#0"},"up":{"uv":[2.5,8.25,2.25,7.5],"texture":"#0"},"down":{"uv":[7.75,2.25,7.5,3],"texture":"#0"}}},{"from":[6.5,7,-0.36396],"to":[9.5,11,3.63604],"rotation":{"angle":45,"axis":"x","origin":[6.5,0,1.63604]},"faces":{"north":{"uv":[5.5,2,6.25,3],"texture":"#0"},"east":{"uv":[4.75,0,5.75,1],"texture":"#0"},"south":{"uv":[5.5,3,6.25,4],"texture":"#0"},"west":{"uv":[4.75,1,5.75,2],"texture":"#0"},"up":{"uv":[6.25,5,5.5,4],"texture":"#0"},"down":{"uv":[6.5,0,5.75,1],"texture":"#0"}}},{"from":[7.5,21.91421,6.87868],"to":[8.5,24.91421,9.87868],"rotation":{"angle":45,"axis":"x","origin":[8,24.41421,7.37868]},"faces":{"north":{"uv":[1,7.5,1.25,8.25],"texture":"#0"},"east":{"uv":[5.75,1,6.5,1.75],"texture":"#0"},"south":{"uv":[1.25,7.5,1.5,8.25],"texture":"#0"},"west":{"uv":[2,6,2.75,6.75],"texture":"#0"},"up":{"uv":[1.75,8.25,1.5,7.5],"texture":"#0"},"down":{"uv":[7.75,1.5,7.5,2.25],"texture":"#0"}}},{"from":[7.49,21.40421,9.84355],"to":[8.51,22.42421,10.86355],"rotation":{"angle":45,"axis":"x","origin":[8,24.41421,8.35355]},"faces":{"north":{"uv":[2.75,8,3,8.25],"texture":"#0"},"east":{"uv":[8,2.75,8.25,3],"texture":"#0"},"south":{"uv":[3,8,3.25,8.25],"texture":"#0"},"west":{"uv":[8,3,8.25,3.25],"texture":"#0"},"up":{"uv":[3.5,8.25,3.25,8],"texture":"#0"},"down":{"uv":[8.25,3.25,8,3.5],"texture":"#0"}}},{"from":[7.5,24.91421,6.87868],"to":[8.5,26.91421,7.87868],"rotation":{"angle":45,"axis":"x","origin":[8,24.41421,7.37868]},"faces":{"north":{"uv":[7.5,6.5,7.75,7],"texture":"#0"},"east":{"uv":[7.5,7,7.75,7.5],"texture":"#0"},"south":{"uv":[7.5,7.5,7.75,8],"texture":"#0"},"west":{"uv":[7.75,0,8,0.5],"texture":"#0"},"up":{"uv":[7.25,4.75,7,4.5],"texture":"#0"},"down":{"uv":[7.5,5.5,7.25,5.75],"texture":"#0"}}},{"from":[7.5,26.91421,6.87868],"to":[8.5,27.41421,7.37868],"rotation":{"angle":45,"axis":"x","origin":[8,24.41421,7.37868]},"faces":{"north":{"uv":[7.75,2.25,8,2.5],"texture":"#0"},"east":{"uv":[2.5,7.75,2.75,8],"texture":"#0"},"south":{"uv":[7.75,2.5,8,2.75],"texture":"#0"},"west":{"uv":[2.75,7.75,3,8],"texture":"#0"},"up":{"uv":[8,3,7.75,2.75],"texture":"#0"},"down":{"uv":[3.25,7.75,3,8],"texture":"#0"}}},{"from":[7.5,27.41421,6.87868],"to":[8.5,27.71421,7.07868],"rotation":{"angle":45,"axis":"x","origin":[8,24.41421,7.37868]},"faces":{"north":{"uv":[7.75,5.25,8,5.5],"texture":"#0"},"east":{"uv":[5.5,7.75,5.75,8],"texture":"#0"},"south":{"uv":[7.75,5.5,8,5.75],"texture":"#0"},"west":{"uv":[5.75,7.75,6,8],"texture":"#0"},"up":{"uv":[8,6,7.75,5.75],"texture":"#0"},"down":{"uv":[6.25,7.75,6,8],"texture":"#0"}}},{"from":[7.5,27.71421,6.87868],"to":[8.5,27.81421,6.97868],"rotation":{"angle":45,"axis":"x","origin":[8,24.41421,7.37868]},"faces":{"north":{"uv":[8,0.25,8.25,0.5],"texture":"#0"},"east":{"uv":[8,0.75,8.25,1],"texture":"#0"},"south":{"uv":[8,1,8.25,1.25],"texture":"#0"},"west":{"uv":[8,1.25,8.25,1.5],"texture":"#0"},"up":{"uv":[8.25,1.75,8,1.5],"texture":"#0"},"down":{"uv":[8.25,1.75,8,2],"texture":"#0"}}},{"from":[8,27.71421,5.87868],"to":[8,27.91421,6.97868],"rotation":{"angle":45,"axis":"x","origin":[8,24.41421,7.37868]},"faces":{"north":{"uv":[0,0,0,0.25],"texture":"#0"},"east":{"uv":[2.5,8,2.75,8.25],"texture":"#0"},"south":{"uv":[0,0,0,0.25],"texture":"#0"},"west":{"uv":[8,2.5,8.25,2.75],"texture":"#0"},"up":{"uv":[0,0.25,0,0],"texture":"#0"},"down":{"uv":[0,0,0,0.25],"texture":"#0"}}},{"from":[8,27.41421,5.87868],"to":[8,27.71421,7.07868],"rotation":{"angle":45,"axis":"x","origin":[8,24.41421,7.37868]},"faces":{"north":{"uv":[0,0,0,0.25],"texture":"#0"},"east":{"uv":[8,2,8.25,2.25],"texture":"#0"},"south":{"uv":[0,0,0,0.25],"texture":"#0"},"west":{"uv":[8,2.25,8.25,2.5],"texture":"#0"},"up":{"uv":[0,0.25,0,0],"texture":"#0"},"down":{"uv":[0,0,0,0.25],"texture":"#0"}}},{"from":[8,26.91421,5.87868],"to":[8,27.41421,7.37868],"rotation":{"angle":45,"axis":"x","origin":[8,24.41421,7.37868]},"faces":{"north":{"uv":[0,0,0,0.25],"texture":"#0"},"east":{"uv":[6,5.75,6.5,6],"texture":"#0"},"south":{"uv":[0,0,0,0.25],"texture":"#0"},"west":{"uv":[6.25,4.75,6.75,5],"texture":"#0"},"up":{"uv":[0,0.5,0,0],"texture":"#0"},"down":{"uv":[0,0,0,0.5],"texture":"#0"}}},{"from":[8,24.91421,5.87868],"to":[8,26.91421,7.87868],"rotation":{"angle":45,"axis":"x","origin":[8,24.41421,7.37868]},"faces":{"north":{"uv":[0,0,0,0.5],"texture":"#0"},"east":{"uv":[2.5,7.25,3,7.75],"texture":"#0"},"south":{"uv":[0,0,0,0.5],"texture":"#0"},"west":{"uv":[3,7.25,3.5,7.75],"texture":"#0"},"up":{"uv":[0,0.5,0,0],"texture":"#0"},"down":{"uv":[0,0,0,0.5],"texture":"#0"}}},{"from":[8,20.91421,5.87868],"to":[8,24.91421,9.87868],"rotation":{"angle":45,"axis":"x","origin":[8,24.41421,7.37868]},"faces":{"north":{"uv":[0,0,0,1],"texture":"#0"},"east":{"uv":[0.5,4.25,1.5,5.25],"texture":"#0"},"south":{"uv":[0,0,0,1],"texture":"#0"},"west":{"uv":[1.5,4.25,2.5,5.25],"texture":"#0"},"up":{"uv":[0,1,0,0],"texture":"#0"},"down":{"uv":[0,0,0,1],"texture":"#0"}}},{"from":[7.5,27.41421,7.07868],"to":[8.5,27.61421,7.17868],"rotation":{"angle":45,"axis":"x","origin":[8,24.41421,7.37868]},"faces":{"north":{"uv":[7.75,6,8,6.25],"texture":"#0"},"east":{"uv":[6.25,7.75,6.5,8],"texture":"#0"},"south":{"uv":[7.75,6.25,8,6.5],"texture":"#0"},"west":{"uv":[6.5,7.75,6.75,8],"texture":"#0"},"up":{"uv":[8,6.75,7.75,6.5],"texture":"#0"},"down":{"uv":[7,7.75,6.75,8],"texture":"#0"}}},{"from":[7.5,27.41421,7.17868],"to":[8.5,27.51421,7.27868],"rotation":{"angle":45,"axis":"x","origin":[8,24.41421,7.37868]},"faces":{"north":{"uv":[7.75,6.75,8,7],"texture":"#0"},"east":{"uv":[7.75,7,8,7.25],"texture":"#0"},"south":{"uv":[7.75,7.25,8,7.5],"texture":"#0"},"west":{"uv":[7.75,7.5,8,7.75],"texture":"#0"},"up":{"uv":[8,8,7.75,7.75],"texture":"#0"},"down":{"uv":[8.25,0,8,0.25],"texture":"#0"}}},{"from":[7.52,11.02,16.52],"to":[8.48,13.98,20.48],"rotation":{"angle":45,"axis":"x","origin":[8,24.5,8]},"faces":{"north":{"uv":[4,7.5,4.25,8.25],"texture":"#0"},"east":{"uv":[3,5.25,4,6],"texture":"#0"},"south":{"uv":[4.25,7.5,4.5,8.25],"texture":"#0"},"west":{"uv":[5,5.25,6,6],"texture":"#0"},"up":{"uv":[5,3,4.75,2],"texture":"#0"},"down":{"uv":[7.25,3.5,7,4.5],"texture":"#0"}}},{"from":[8,10,15.5],"to":[8,15,19.5],"rotation":{"angle":45,"axis":"x","origin":[7.5,24.5,8]},"faces":{"north":{"uv":[0,0,0,1.25],"texture":"#0"},"east":{"uv":[3,4,4,5.25],"texture":"#0"},"south":{"uv":[0,0,0,1.25],"texture":"#0"},"west":{"uv":[4,3.5,5,4.75],"texture":"#0"},"up":{"uv":[0,1,0,0],"texture":"#0"},"down":{"uv":[0,0,0,1],"texture":"#0"}}}],"gui_light":"front"}