{"display":{"thirdperson_righthand":{"translation":[0,0.5,0],"scale":[0.5,0.5,0.5]},"thirdperson_lefthand":{"translation":[0,0.5,0],"scale":[0.5,0.5,0.5]},"firstperson_righthand":{"translation":[1.25,0.75,0],"scale":[0.6,0.6,0.6]},"firstperson_lefthand":{"translation":[1.25,0.75,0],"scale":[0.6,0.6,0.6]},"ground":{"rotation":[14,0,39],"translation":[0,3.75,0],"scale":[0.5,0.5,0.5]},"gui":{"rotation":[22.5,135,0],"translation":[-0.25,0,0],"scale":[0.6,0.6,0.6]},"head":{"translation":[0,5.75,-1.25]},"fixed":{"translation":[0,0,-8]}},"texture_size":[128,128],"textures":{"1":"civilization:item/tools/legendary_sniffer","particle":"civilization:item/tools/legendary_sniffer"},"elements":[{"name":"head","from":[1.5,-3,7.5],"to":[14.5,15,18.5],"rotation":{"angle":0,"axis":"y","origin":[8,0,27.5]},"faces":{"north":{"uv":[1.375,1.375,3,3.625],"texture":"#1"},"east":{"uv":[0,1.375,1.375,3.625],"texture":"#1"},"south":{"uv":[4.375,1.375,6,3.625],"texture":"#1"},"west":{"uv":[3,1.375,4.375,3.625],"texture":"#1"},"up":{"uv":[3,1.375,1.375,0],"texture":"#1"},"down":{"uv":[4.625,0,3,1.375],"texture":"#1"}}},{"name":"head","from":[1.5,0,7.5],"to":[14.5,0,18.5],"rotation":{"angle":0,"axis":"y","origin":[8,0,27.5]},"faces":{"north":{"uv":[4.625,1.375,6.25,1.375],"texture":"#1"},"east":{"uv":[3.25,1.375,4.625,1.375],"texture":"#1"},"south":{"uv":[7.625,1.375,9.25,1.375],"texture":"#1"},"west":{"uv":[6.25,1.375,7.625,1.375],"texture":"#1"},"up":{"uv":[6.25,1.375,4.625,0],"texture":"#1"},"down":{"uv":[7.875,0,6.25,1.375],"texture":"#1"}}},{"name":"left_ear","from":[0.6,-4,11.5],"to":[1.6,15,18.5],"rotation":{"angle":0,"axis":"z","origin":[1.1,11.5,11]},"faces":{"north":{"uv":[0.875,7.125,1,9.5],"texture":"#1"},"east":{"uv":[0,7.125,0.875,9.5],"texture":"#1"},"south":{"uv":[1.875,7.125,2,9.5],"texture":"#1"},"west":{"uv":[1,7.125,1.875,9.5],"texture":"#1"},"up":{"uv":[1,7.125,0.875,6.25],"texture":"#1"},"down":{"uv":[1.125,6.25,1,7.125],"texture":"#1"}}},{"name":"right_ear","from":[14.4,-4,11.5],"to":[15.4,15,18.5],"rotation":{"angle":0,"axis":"y","origin":[8,0,27.5]},"faces":{"north":{"uv":[5.5,6.25,5.625,8.625],"texture":"#1"},"east":{"uv":[4.625,6.25,5.5,8.625],"texture":"#1"},"south":{"uv":[6.5,6.25,6.625,8.625],"texture":"#1"},"west":{"uv":[5.625,6.25,6.5,8.625],"texture":"#1"},"up":{"uv":[5.625,6.25,5.5,5.375],"texture":"#1"},"down":{"uv":[5.75,5.375,5.625,6.25],"texture":"#1"}}},{"name":"nose","from":[1.5,12,-1.5],"to":[14.5,14,7.5],"rotation":{"angle":0,"axis":"y","origin":[8,0,27.5]},"faces":{"north":{"uv":[6,3.625,7.625,3.875],"texture":"#1"},"east":{"uv":[4.875,3.625,6,3.875],"texture":"#1"},"south":{"uv":[8.75,3.625,10.375,3.875],"texture":"#1"},"west":{"uv":[7.625,3.625,8.75,3.875],"texture":"#1"},"up":{"uv":[7.625,3.625,6,2.5],"texture":"#1"},"down":{"uv":[9.25,2.5,7.625,3.625],"texture":"#1"}}},{"name":"lower_beak","from":[1.5,0,-1.5],"to":[14.5,12,7.5],"rotation":{"angle":0,"axis":"y","origin":[8,0,27.5]},"faces":{"north":{"uv":[1.125,4.75,2.75,6.25],"texture":"#1"},"east":{"uv":[0,4.75,1.125,6.25],"texture":"#1"},"south":{"uv":[3.875,4.75,5.5,6.25],"texture":"#1"},"west":{"uv":[2.75,4.75,3.875,6.25],"texture":"#1"},"up":{"uv":[2.75,4.75,1.125,3.625],"texture":"#1"},"down":{"uv":[4.375,3.625,2.75,4.75],"texture":"#1"}}}],"gui_light":"front"}