{"display":{"thirdperson_righthand":{"rotation":[19,-180,0],"translation":[0.5,5.5,2.5],"scale":[0.84,0.84,0.84]},"thirdperson_lefthand":{"rotation":[19,-180,0],"translation":[0.5,5.5,2.5],"scale":[0.84,0.84,0.84]},"firstperson_righthand":{"rotation":[180,0,-180],"translation":[7,2,-4],"scale":[0.75,0.75,0.75]},"firstperson_lefthand":{"rotation":[180,0,-180],"translation":[7,2,-4],"scale":[0.75,0.75,0.75]},"ground":{"rotation":[-25,0,0],"translation":[0,6.75,-4]},"gui":{"rotation":[90,-110,75],"translation":[4.25,2.5,0],"scale":[1.16,1.16,1.16]},"head":{"rotation":[0,180,0]},"fixed":{"rotation":[-90,65,90],"translation":[-5.5,3,0.5],"scale":[1.37,1.37,1.37]}},"texture_size":[32,32],"textures":{"0":"civilization:item/tools/ravager_horn","particle":"civilization:item/tools/ravager_horn"},"elements":[{"from":[6.5,0.25,7],"to":[9.5,3.25,11],"rotation":{"angle":0,"axis":"y","origin":[7,0,7]},"faces":{"north":{"uv":[9,9.5,10.5,11],"texture":"#0"},"east":{"uv":[9,8,11,9.5],"texture":"#0"},"south":{"uv":[0,10,1.5,11.5],"texture":"#0"},"west":{"uv":[4,9.5,6,11],"texture":"#0"},"up":{"uv":[7.5,11.5,6,9.5],"texture":"#0"},"down":{"uv":[9,9.5,7.5,11.5],"texture":"#0"}}},{"from":[7,1.25,4],"to":[9,3.25,7],"rotation":{"angle":22.5,"axis":"x","origin":[7,0.5,6]},"faces":{"north":{"uv":[10.5,1,11.5,2],"texture":"#0"},"east":{"uv":[1.5,10,3,11],"texture":"#0"},"south":{"uv":[10.5,2,11.5,3],"texture":"#0"},"west":{"uv":[10.5,0,12,1],"texture":"#0"},"up":{"uv":[5,9.5,4,8],"texture":"#0"},"down":{"uv":[4,10,3,11.5],"texture":"#0"}}},{"from":[7.5,3.25237,2.3757],"to":[8.5,4.25237,4.3757],"rotation":{"angle":45,"axis":"x","origin":[6.5,2.25237,3.3757]},"faces":{"north":{"uv":[10.5,10.5,11,11],"texture":"#0"},"east":{"uv":[10.5,3,11.5,3.5],"texture":"#0"},"south":{"uv":[1.5,11,2,11.5],"texture":"#0"},"west":{"uv":[10.5,3.5,11.5,4],"texture":"#0"},"up":{"uv":[11,5,10.5,4],"texture":"#0"},"down":{"uv":[11,9.5,10.5,10.5],"texture":"#0"}}},{"from":[6,0,11],"to":[10,4,15],"rotation":{"angle":-22.5,"axis":"x","origin":[7,0,11]},"faces":{"north":{"uv":[5,5.5,7,7.5],"texture":"#0"},"east":{"uv":[7,5.5,9,7.5],"texture":"#0"},"south":{"uv":[5,7.5,7,9.5],"texture":"#0"},"west":{"uv":[7,7.5,9,9.5],"texture":"#0"},"up":{"uv":[2,10,0,8],"texture":"#0"},"down":{"uv":[4,8,2,10],"texture":"#0"}}},{"from":[5.5,0.39805,14.77164],"to":[10.5,5.39805,17.77164],"rotation":{"angle":-45,"axis":"x","origin":[7.5,0.89805,13.77164]},"faces":{"north":{"uv":[0,5.5,2.5,8],"texture":"#0"},"east":{"uv":[9,0,10.5,2.5],"texture":"#0"},"south":{"uv":[2.5,5.5,5,8],"texture":"#0"},"west":{"uv":[9,2.5,10.5,5],"texture":"#0"},"up":{"uv":[11.5,6.5,9,5],"texture":"#0"},"down":{"uv":[11.5,6.5,9,8],"texture":"#0"}}},{"name":"string","from":[8,2.37369,4.0828],"to":[8,13.37369,13.0828],"rotation":{"angle":0,"axis":"y","origin":[22.5,8.74738,15.16561]},"faces":{"north":{"uv":[0,0,0,5.5],"texture":"#0"},"east":{"uv":[0,0,4.5,5.5],"texture":"#0"},"south":{"uv":[0,0,0,5.5],"texture":"#0"},"west":{"uv":[4.5,0,9,5.5],"texture":"#0"},"up":{"uv":[0,4.5,0,0],"texture":"#0"},"down":{"uv":[0,0,0,4.5],"texture":"#0"}}}],"gui_light":"front"}