{"display":{"thirdperson_righthand":{"translation":[0,7.5,0]},"thirdperson_lefthand":{"translation":[0,7.5,0]},"firstperson_righthand":{"translation":[0,2.75,0],"scale":[0.8,0.8,0.8]},"firstperson_lefthand":{"translation":[0,2.75,0],"scale":[0.8,0.8,0.8]},"ground":{"rotation":[39,39,0],"translation":[0,2.75,0],"scale":[0.6,0.6,0.6]},"gui":{"rotation":[22.5,135,0],"translation":[-1.5,1.5,0],"scale":[0.9,0.9,0.9]},"head":{"translation":[0,6.5,-4.75],"scale":[1.8,1.8,1.8]}},"texture_size":[64,64],"textures":{"2":"civilization:item/tools/tim_the_enchanter"},"elements":[{"name":"helmet","from":[3.5,0,6],"to":[12.5,11,15],"rotation":{"angle":0,"axis":"y","origin":[8,0,10.5]},"faces":{"north":{"uv":[2,6.5,4,9],"texture":"#2"},"east":{"uv":[0,6.5,2,9],"texture":"#2"},"south":{"uv":[6,6.5,8,9],"texture":"#2"},"west":{"uv":[4,6.5,6,9],"texture":"#2"},"up":{"uv":[4,6.5,2,4.5],"texture":"#2"},"down":{"uv":[6,4.5,4,6.5],"texture":"#2"}}},{"name":"nose","from":[7,-1,4.5],"to":[9,3,6.5],"rotation":{"angle":0,"axis":"y","origin":[8,0,10.5]},"faces":{"north":{"uv":[0.5,0.5,1,1.5],"texture":"#2"},"east":{"uv":[0,0.5,0.5,1.5],"texture":"#2"},"south":{"uv":[1.5,0.5,2,1.5],"texture":"#2"},"west":{"uv":[1,0.5,1.5,1.5],"texture":"#2"},"up":{"uv":[1,0.5,0.5,0],"texture":"#2"},"down":{"uv":[1.5,0,1,0.5],"texture":"#2"}}},{"name":"head","from":[4,0,6.5],"to":[12,10,14.5],"rotation":{"angle":0,"axis":"y","origin":[8,0,10.5]},"faces":{"north":{"uv":[2,2,4,4.5],"texture":"#2"},"east":{"uv":[0,2,2,4.5],"texture":"#2"},"south":{"uv":[6,2,8,4.5],"texture":"#2"},"west":{"uv":[4,2,6,4.5],"texture":"#2"},"up":{"uv":[4,2,2,0],"texture":"#2"},"down":{"uv":[6,0,4,2],"texture":"#2"}}}],"gui_light":"front"}