{"texture_size":[64,64],"elements":[{"from":[4,0,4],"to":[12,5,12],"rotation":{"angle":0,"axis":"y","origin":[5,1,5]},"faces":{"north":{"uv":[4,1.25,6,2.5],"texture":"#0"},"east":{"uv":[4,2.5,6,3.75],"texture":"#0"},"south":{"uv":[3,4,5,5.25],"texture":"#0"},"west":{"uv":[5,3.75,7,5],"texture":"#0"},"up":{"uv":[2,2,0,0],"texture":"#0"},"down":{"uv":[2,2,0,4],"texture":"#0"}}},{"from":[3.95,-0.05,3.95],"to":[12.05,5.05,12.05],"rotation":{"angle":0,"axis":"y","origin":[5,1,5]},"faces":{"north":{"uv":[5,5,7,6.25],"texture":"#0"},"east":{"uv":[0,5.25,2,6.5],"texture":"#0"},"south":{"uv":[2,5.25,4,6.5],"texture":"#0"},"west":{"uv":[6,1.25,8,2.5],"texture":"#0"},"up":{"uv":[4,2,2,0],"texture":"#0"},"down":{"uv":[4,2,2,4],"texture":"#0"}}},{"from":[5.75,2.2,3.9],"to":[7.25,4.7,3.9],"rotation":{"angle":0,"axis":"y","origin":[3.55,1,13.2]},"faces":{"north":{"uv":[8.75,1.75,9.125,2.375],"texture":"#0"},"east":{"uv":[0,0,0,0.625],"texture":"#0"},"south":{"uv":[8.75,2.5,9.125,3.125],"texture":"#0"},"west":{"uv":[0,0,0,0.625],"texture":"#0"},"up":{"uv":[0.375,0,0,0],"texture":"#0"},"down":{"uv":[0.375,0,0,0],"texture":"#0"}}},{"from":[8.05,3.1,3.9],"to":[9.55,4.6,3.9],"rotation":{"angle":0,"axis":"y","origin":[3.55,1,13.2]},"faces":{"north":{"uv":[8.75,6,9.125,6.375],"texture":"#0"},"east":{"uv":[0,0,0,0.375],"texture":"#0"},"south":{"uv":[8.75,8,9.125,8.375],"texture":"#0"},"west":{"uv":[0,0,0,0.375],"texture":"#0"},"up":{"uv":[0.375,0,0,0],"texture":"#0"},"down":{"uv":[0.375,0,0,0],"texture":"#0"}}},{"from":[8.05,4.3,3.9],"to":[8.55,4.8,3.9],"rotation":{"angle":0,"axis":"y","origin":[3.55,1,13.2]},"faces":{"north":{"uv":[4.75,5.75,4.875,5.875],"texture":"#0"},"east":{"uv":[0,0,0,0.125],"texture":"#0"},"south":{"uv":[5.75,7.25,5.875,7.375],"texture":"#0"},"west":{"uv":[0,0,0,0.125],"texture":"#0"},"up":{"uv":[0.125,0,0,0],"texture":"#0"},"down":{"uv":[0.125,0,0,0],"texture":"#0"}}},{"from":[7.85,4.1,3.9],"to":[8.35,4.6,3.9],"rotation":{"angle":0,"axis":"y","origin":[3.55,1,13.2]},"faces":{"north":{"uv":[1,9,1.125,9.125],"texture":"#0"},"east":{"uv":[0,0,0,0.125],"texture":"#0"},"south":{"uv":[1.25,9,1.375,9.125],"texture":"#0"},"west":{"uv":[0,0,0,0.125],"texture":"#0"},"up":{"uv":[0.125,0,0,0],"texture":"#0"},"down":{"uv":[0.125,0,0,0],"texture":"#0"}}},{"from":[9.05,4.3,3.9],"to":[9.55,4.8,3.9],"rotation":{"angle":0,"axis":"y","origin":[3.55,1,13.2]},"faces":{"north":{"uv":[4.75,5.25,4.875,5.375],"texture":"#0"},"east":{"uv":[0,0,0,0.125],"texture":"#0"},"south":{"uv":[4.75,5.5,4.875,5.625],"texture":"#0"},"west":{"uv":[0,0,0,0.125],"texture":"#0"},"up":{"uv":[0.125,0,0,0],"texture":"#0"},"down":{"uv":[0.125,0,0,0],"texture":"#0"}}},{"from":[9.25,4.1,3.9],"to":[9.75,4.6,3.9],"rotation":{"angle":0,"axis":"y","origin":[3.55,1,13.2]},"faces":{"north":{"uv":[8.75,8.75,8.875,8.875],"texture":"#0"},"east":{"uv":[0,0,0,0.125],"texture":"#0"},"south":{"uv":[0.75,9,0.875,9.125],"texture":"#0"},"west":{"uv":[0,0,0,0.125],"texture":"#0"},"up":{"uv":[0.125,0,0,0],"texture":"#0"},"down":{"uv":[0.125,0,0,0],"texture":"#0"}}},{"from":[7.85,3.1,3.9],"to":[8.35,3.6,3.9],"rotation":{"angle":0,"axis":"y","origin":[3.55,1,13.2]},"faces":{"north":{"uv":[1.5,9,1.625,9.125],"texture":"#0"},"east":{"uv":[0,0,0,0.125],"texture":"#0"},"south":{"uv":[1.75,9,1.875,9.125],"texture":"#0"},"west":{"uv":[0,0,0,0.125],"texture":"#0"},"up":{"uv":[0.125,0,0,0],"texture":"#0"},"down":{"uv":[0.125,0,0,0],"texture":"#0"}}},{"from":[9.25,3.1,3.9],"to":[9.75,3.6,3.9],"rotation":{"angle":0,"axis":"y","origin":[3.55,1,13.2]},"faces":{"north":{"uv":[2,9,2.125,9.125],"texture":"#0"},"east":{"uv":[0,0,0,0.125],"texture":"#0"},"south":{"uv":[2.25,9,2.375,9.125],"texture":"#0"},"west":{"uv":[0,0,0,0.125],"texture":"#0"},"up":{"uv":[0.125,0,0,0],"texture":"#0"},"down":{"uv":[0.125,0,0,0],"texture":"#0"}}},{"from":[9.05,2.9,3.9],"to":[9.55,3.4,3.9],"rotation":{"angle":0,"axis":"y","origin":[3.55,1,13.2]},"faces":{"north":{"uv":[5.75,7.5,5.875,7.625],"texture":"#0"},"east":{"uv":[0,0,0,0.125],"texture":"#0"},"south":{"uv":[5.75,7.75,5.875,7.875],"texture":"#0"},"west":{"uv":[0,0,0,0.125],"texture":"#0"},"up":{"uv":[0.125,0,0,0],"texture":"#0"},"down":{"uv":[0.125,0,0,0],"texture":"#0"}}},{"from":[8.05,2.9,3.9],"to":[8.55,3.4,3.9],"rotation":{"angle":0,"axis":"y","origin":[3.55,1,13.2]},"faces":{"north":{"uv":[8.75,6.5,8.875,6.625],"texture":"#0"},"east":{"uv":[0,0,0,0.125],"texture":"#0"},"south":{"uv":[8.75,8.5,8.875,8.625],"texture":"#0"},"west":{"uv":[0,0,0,0.125],"texture":"#0"},"up":{"uv":[0.125,0,0,0],"texture":"#0"},"down":{"uv":[0.125,0,0,0],"texture":"#0"}}},{"from":[7,5,7],"to":[9,6,9],"rotation":{"angle":0,"axis":"y","origin":[5,1,5]},"faces":{"north":{"uv":[4,3.75,4.5,4],"texture":"#0"},"east":{"uv":[4.5,3.75,5,4],"texture":"#0"},"south":{"uv":[6,3.5,6.5,3.75],"texture":"#0"},"west":{"uv":[4,6,4.5,6.25],"texture":"#0"},"up":{"uv":[4,7,3.5,6.5],"texture":"#0"},"down":{"uv":[2,7,1.5,7.5],"texture":"#0"}}},{"from":[1.4,4,7],"to":[3.4,5,9],"rotation":{"angle":0,"axis":"y","origin":[5,1,4.5]},"faces":{"north":{"uv":[4.5,6,5,6.25],"texture":"#0"},"east":{"uv":[6.5,3.5,7,3.75],"texture":"#0"},"south":{"uv":[3.5,7,4,7.25],"texture":"#0"},"west":{"uv":[7,6,7.5,6.25],"texture":"#0"},"up":{"uv":[3.5,8.25,3,7.75],"texture":"#0"},"down":{"uv":[5.75,8.5,5.25,9],"texture":"#0"}}},{"from":[0.9,-1,6.5],"to":[3.9,4,9.5],"rotation":{"angle":0,"axis":"y","origin":[5,1,4.5]},"faces":{"north":{"uv":[2,6.5,2.75,7.75],"texture":"#0"},"east":{"uv":[2.75,6.5,3.5,7.75],"texture":"#0"},"south":{"uv":[6,6.75,6.75,8],"texture":"#0"},"west":{"uv":[6.75,6.75,7.5,8],"texture":"#0"},"up":{"uv":[4.75,6,4,5.25],"texture":"#0"},"down":{"uv":[8.75,2.5,8,3.25],"texture":"#0"}}},{"from":[1.9,-6,6.7],"to":[13.9,-1,6.7],"rotation":{"angle":22.5,"axis":"x","origin":[7.9,-3.5,7.5]},"faces":{"north":{"uv":[0,4,3,5.25],"texture":"#0"},"east":{"uv":[0,0,0,1.25],"texture":"#0"},"south":{"uv":[4,0,7,1.25],"texture":"#0"},"west":{"uv":[0,0,0,1.25],"texture":"#0"},"up":{"uv":[3,0,0,0],"texture":"#0"},"down":{"uv":[3,0,0,0],"texture":"#0"}}},{"from":[0.8,-0.6,6.4],"to":[4,4.6,9.6],"rotation":{"angle":0,"axis":"y","origin":[5,1,4.5]},"faces":{"north":{"uv":[0,7,0.75,8.25],"texture":"#0"},"east":{"uv":[7,0,7.75,1.25],"texture":"#0"},"south":{"uv":[0.75,7,1.5,8.25],"texture":"#0"},"west":{"uv":[7,3.5,7.75,4.75],"texture":"#0"},"up":{"uv":[8.75,6.75,8,6],"texture":"#0"},"down":{"uv":[1.5,8.25,0.75,9],"texture":"#0"}}},{"from":[12,-0.6,6.4],"to":[15.2,4.6,9.6],"rotation":{"angle":0,"axis":"y","origin":[11,1,4.5]},"faces":{"north":{"uv":[7.5,6.75,8.25,8],"texture":"#0"},"east":{"uv":[7.75,0,8.5,1.25],"texture":"#0"},"south":{"uv":[1.5,7.75,2.25,9],"texture":"#0"},"west":{"uv":[2.25,7.75,3,9],"texture":"#0"},"up":{"uv":[3.75,9.25,3,8.5],"texture":"#0"},"down":{"uv":[9.25,3.25,8.5,4],"texture":"#0"}}},{"from":[0.7,-1.2,6.3],"to":[4.1,4.2,9.7],"rotation":{"angle":0,"axis":"y","origin":[5,1,4.5]},"faces":{"north":{"uv":[6.5,8,7.25,9.25],"texture":"#0"},"east":{"uv":[7.25,8,8,9.25],"texture":"#0"},"south":{"uv":[8,8,8.75,9.25],"texture":"#0"},"west":{"uv":[0,8.25,0.75,9.5],"texture":"#0"},"up":{"uv":[5.25,9.25,4.5,8.5],"texture":"#0"},"down":{"uv":[9.25,4.75,8.5,5.5],"texture":"#0"}}},{"from":[11.9,-1.2,6.3],"to":[15.3,4.2,9.7],"rotation":{"angle":0,"axis":"y","origin":[11,1,4.5]},"faces":{"north":{"uv":[7.75,3.5,8.5,4.75],"texture":"#0"},"east":{"uv":[7.75,4.75,8.5,6],"texture":"#0"},"south":{"uv":[8,1.25,8.75,2.5],"texture":"#0"},"west":{"uv":[5.75,8,6.5,9.25],"texture":"#0"},"up":{"uv":[4.5,9.25,3.75,8.5],"texture":"#0"},"down":{"uv":[9.25,4,8.5,4.75],"texture":"#0"}}},{"from":[12.1,-1,6.5],"to":[15.1,4,9.5],"rotation":{"angle":0,"axis":"y","origin":[11,1,4.5]},"faces":{"north":{"uv":[7,4.75,7.75,6],"texture":"#0"},"east":{"uv":[3.5,7.25,4.25,8.5],"texture":"#0"},"south":{"uv":[4.25,7.25,5,8.5],"texture":"#0"},"west":{"uv":[5,7.25,5.75,8.5],"texture":"#0"},"up":{"uv":[9,7.5,8.25,6.75],"texture":"#0"},"down":{"uv":[9.25,0,8.5,0.75],"texture":"#0"}}},{"from":[12.6,4,7],"to":[14.6,5,9],"rotation":{"angle":0,"axis":"y","origin":[11,1,4.5]},"faces":{"north":{"uv":[1.5,7.5,2,7.75],"texture":"#0"},"east":{"uv":[7.5,6,8,6.25],"texture":"#0"},"south":{"uv":[8,3.25,8.5,3.5],"texture":"#0"},"west":{"uv":[3,8.25,3.5,8.5],"texture":"#0"},"up":{"uv":[9,6,8.5,5.5],"texture":"#0"},"down":{"uv":[9.25,1.25,8.75,1.75],"texture":"#0"}}},{"from":[4,0,0],"to":[12,2,4],"rotation":{"angle":0,"axis":"y","origin":[5,1,5]},"faces":{"north":{"uv":[6,6.25,8,6.75],"texture":"#0"},"east":{"uv":[8.25,7.5,9.25,8],"texture":"#0"},"south":{"uv":[0,6.5,2,7],"texture":"#0"},"west":{"uv":[8.5,0.75,9.5,1.25],"texture":"#0"},"up":{"uv":[8,3.5,6,2.5],"texture":"#0"},"down":{"uv":[6,6.25,4,7.25],"texture":"#0"}}}],"display":{"thirdperson_righthand":{"rotation":[0,20,0],"translation":[0,6,1.25],"scale":[0.8,0.8,0.8]},"thirdperson_lefthand":{"rotation":[0,20,0],"translation":[0,6,1.25],"scale":[0.8,0.8,0.8]},"firstperson_righthand":{"rotation":[0,11,0],"translation":[2.5,4.5,-1],"scale":[0.7,0.7,0.7]},"firstperson_lefthand":{"rotation":[0,11,0],"translation":[2.5,4.5,-1],"scale":[0.7,0.7,0.7]},"ground":{"rotation":[20,64,0],"translation":[0.5,5.5,2.5],"scale":[0.7,0.7,0.7]},"gui":{"rotation":[22.5,135,0],"translation":[1,6,0],"scale":[0.9,0.9,0.9]},"head":{"rotation":[3,0,0],"translation":[0,15.25,0.5],"scale":[1.85,1.85,1.85]},"fixed":{"translation":[0,7.5,0]}}}