{"texture_size":[64,64],"elements":[{"from":[2.75,-0.5,5.5],"to":[4.75,6.5,10.5],"rotation":{"angle":-22.5,"axis":"z","origin":[3.5,5.75,8]},"faces":{"north":{"uv":[4,6,4.5,7.75],"texture":"#0"},"east":{"uv":[5,3.5,6.25,5.25],"texture":"#0"},"south":{"uv":[6.5,4.5,7,6.25],"texture":"#0"},"west":{"uv":[5,5.5,6.25,7.25],"texture":"#0"},"up":{"uv":[7,7.75,6.5,6.5],"texture":"#0"},"down":{"uv":[0.5,7,0,8.25],"texture":"#0"}}},{"from":[11.25,-0.5,5.5],"to":[13.25,6.5,10.5],"rotation":{"angle":22.5,"axis":"z","origin":[12.5,5.75,8]},"faces":{"north":{"uv":[4.5,6,4,7.75],"texture":"#0"},"east":{"uv":[6.25,5.5,5,7.25],"texture":"#0"},"south":{"uv":[7,4.5,6.5,6.25],"texture":"#0"},"west":{"uv":[6.25,3.5,5,5.25],"texture":"#0"},"up":{"uv":[6.5,7.75,7,6.5],"texture":"#0"},"down":{"uv":[0,7,0.5,8.25],"texture":"#0"}}},{"from":[2.4,2.4,5.15],"to":[3.6,3.6,7.35],"rotation":{"angle":-22.5,"axis":"z","origin":[3.5,5.75,8]},"faces":{"north":{"uv":[7.25,7,7.5,7.25],"texture":"#0"},"east":{"uv":[2.25,7,2.75,7.25],"texture":"#0"},"south":{"uv":[2.25,7.5,2.5,7.75],"texture":"#0"},"west":{"uv":[7,2.75,7.5,3],"texture":"#0"},"up":{"uv":[3.25,7.5,3,7],"texture":"#0"},"down":{"uv":[3.75,7,3.5,7.5],"texture":"#0"}}},{"from":[2.4,0.4,5.15],"to":[3.6,1.6,7.35],"rotation":{"angle":-22.5,"axis":"z","origin":[3.5,5.75,8]},"faces":{"north":{"uv":[4.75,7.5,5,7.75],"texture":"#0"},"east":{"uv":[7.25,4.5,7.75,4.75],"texture":"#0"},"south":{"uv":[5.25,7.5,5.5,7.75],"texture":"#0"},"west":{"uv":[7.25,5,7.75,5.25],"texture":"#0"},"up":{"uv":[7.5,6,7.25,5.5],"texture":"#0"},"down":{"uv":[7.5,6.25,7.25,6.75],"texture":"#0"}}},{"from":[3.5,0,3.5],"to":[12.5,7,12.5],"rotation":{"angle":0,"axis":"y","origin":[3.5,0,3.5]},"faces":{"north":{"uv":[2.5,0,4.75,1.75],"texture":"#0"},"east":{"uv":[2.25,5,0,6.75],"texture":"#0"},"south":{"uv":[2.5,4,4.75,5.75],"texture":"#0"},"west":{"uv":[0,5,2.25,6.75],"texture":"#0"},"up":{"uv":[2.25,2.25,0,0],"texture":"#0"},"down":{"uv":[2.25,2.5,0,4.75],"texture":"#0"}}},{"from":[5.5,0,1.5],"to":[10.5,3,3.5],"rotation":{"angle":0,"axis":"y","origin":[3.5,0,3.5]},"faces":{"north":{"uv":[2.5,6,3.75,6.75],"texture":"#0"},"east":{"uv":[7,0.75,7.5,1.5],"texture":"#0"},"south":{"uv":[6.5,3.5,7.75,4.25],"texture":"#0"},"west":{"uv":[7,1.75,7.5,2.5],"texture":"#0"},"up":{"uv":[8.25,0.5,7,0],"texture":"#0"},"down":{"uv":[2,7,0.75,7.5],"texture":"#0"}}},{"from":[-0.64715,-1,2.60426],"to":[6.35285,5,2.60426],"rotation":{"angle":-22.5,"axis":"y","origin":[5.85285,1.5,3.85426]},"faces":{"north":{"uv":[5,0,6.75,1.5],"texture":"#0"},"east":{"uv":[2.75,7.5,2.75,9],"texture":"#0"},"south":{"uv":[6.75,0,5,1.5],"texture":"#0"},"west":{"uv":[5.75,7.5,5.75,9],"texture":"#0"},"up":{"uv":[8.75,3.25,7,3.25],"texture":"#0"},"down":{"uv":[9,7.5,7.25,7.5],"texture":"#0"}}},{"from":[9.64715,-1,2.60426],"to":[16.64715,5,2.60426],"rotation":{"angle":22.5,"axis":"y","origin":[10.14715,1.5,3.85426]},"faces":{"north":{"uv":[6.75,0,5,1.5],"texture":"#0"},"east":{"uv":[5.75,7.5,5.75,9],"texture":"#0"},"south":{"uv":[5,0,6.75,1.5],"texture":"#0"},"west":{"uv":[2.75,7.5,2.75,9],"texture":"#0"},"up":{"uv":[7,3.25,8.75,3.25],"texture":"#0"},"down":{"uv":[7.25,7.5,9,7.5],"texture":"#0"}}},{"from":[9.64715,-1,2.60426],"to":[16.64715,5,2.60426],"rotation":{"angle":22.5,"axis":"y","origin":[10.14715,1.5,3.85426]},"faces":{"north":{"uv":[6.75,0,5,1.5],"texture":"#0"},"east":{"uv":[5.75,7.5,5.75,9],"texture":"#0"},"south":{"uv":[5,0,6.75,1.5],"texture":"#0"},"west":{"uv":[2.75,7.5,2.75,9],"texture":"#0"},"up":{"uv":[7,3.25,8.75,3.25],"texture":"#0"},"down":{"uv":[7.25,7.5,9,7.5],"texture":"#0"}}},{"from":[4.5,3,3.4],"to":[6.5,5,3.4],"faces":{"north":{"uv":[8.5,0,9,0.5],"texture":"#0"},"east":{"uv":[0,0,0,0.5],"texture":"#0"},"south":{"uv":[9.25,0,9.75,0.5],"texture":"#0"},"west":{"uv":[0,0,0,0.5],"texture":"#0"},"up":{"uv":[0,0,0.5,0],"texture":"#0"},"down":{"uv":[0,0,0.5,0],"texture":"#0"}}},{"from":[9.475,3,3.4],"to":[11.475,5,3.4],"rotation":{"angle":0,"axis":"y","origin":[16,0,0]},"faces":{"north":{"uv":[9,0,8.5,0.5],"texture":"#0"},"east":{"uv":[0,0,0,0.5],"texture":"#0"},"south":{"uv":[9.75,0,9.25,0.5],"texture":"#0"},"west":{"uv":[0,0,0,0.5],"texture":"#0"},"up":{"uv":[0.5,0,0,0],"texture":"#0"},"down":{"uv":[0.5,0,0,0],"texture":"#0"}}}],"display":{"thirdperson_righthand":{"rotation":[68,0,0],"translation":[0,0.5,1.5],"scale":[0.7,0.7,0.7]},"thirdperson_lefthand":{"rotation":[68,0,0],"translation":[0,0.5,1.5],"scale":[0.7,0.7,0.7]},"firstperson_righthand":{"translation":[0.5,5,0],"scale":[0.55,0.55,0.55]},"firstperson_lefthand":{"translation":[0.5,5,0],"scale":[0.55,0.55,0.55]},"ground":{"translation":[0,5,0],"scale":[0.75,0.75,0.75]},"gui":{"rotation":[22.5,135,0],"translation":[0,4.75,0]},"head":{"rotation":[6.25,0,0],"translation":[0,13,1.5],"scale":[1.8,1.8,1.8]}}}