{"texture_size":[64,64],"elements":[{"from":[-1,4,-1],"to":[17,7,17],"rotation":{"angle":0,"axis":"y","origin":[7,-1,7]},"faces":{"north":{"uv":[4.5,7,9,7.75],"texture":"#0"},"east":{"uv":[4.5,7,9,7.75],"texture":"#0"},"south":{"uv":[4.5,7,9,7.75],"texture":"#0"},"west":{"uv":[4.5,7,9,7.75],"texture":"#0"},"up":{"uv":[4.5,4.5,0,0],"texture":"#0"},"down":{"uv":[4.5,4.5,0,9],"texture":"#0"}}},{"from":[0.70913,-4.19448,6],"to":[1.70913,5.80552,10],"rotation":{"angle":22.5,"axis":"z","origin":[1.20913,4.30552,8]},"faces":{"north":{"uv":[3.5,9,3.75,11.5],"texture":"#0"},"east":{"uv":[8,1.5,9,4],"texture":"#0"},"south":{"uv":[3.75,9,4,11.5],"texture":"#0"},"west":{"uv":[8,4,9,6.5],"texture":"#0"},"up":{"uv":[4.25,10,4,9],"texture":"#0"},"down":{"uv":[4.5,9,4.25,10],"texture":"#0"}}},{"from":[14.29087,-4.19448,6],"to":[15.29087,5.80552,10],"rotation":{"angle":-22.5,"axis":"z","origin":[14.79087,4.30552,8]},"faces":{"north":{"uv":[3.75,9,3.5,11.5],"texture":"#0"},"east":{"uv":[9,4,8,6.5],"texture":"#0"},"south":{"uv":[4,9,3.75,11.5],"texture":"#0"},"west":{"uv":[9,1.5,8,4],"texture":"#0"},"up":{"uv":[4,10,4.25,9],"texture":"#0"},"down":{"uv":[4.25,9,4.5,10],"texture":"#0"}}},{"from":[4,-3.7388,6],"to":[12,-2.7388,10],"rotation":{"angle":0,"axis":"y","origin":[3.5,-3.2388,8]},"faces":{"north":{"uv":[9,4,11,4.25],"texture":"#0"},"east":{"uv":[9,7,10,7.25],"texture":"#0"},"south":{"uv":[9,4.25,11,4.5],"texture":"#0"},"west":{"uv":[9,7.25,10,7.5],"texture":"#0"},"up":{"uv":[6.5,9.5,4.5,8.5],"texture":"#0"},"down":{"uv":[8.5,8.5,6.5,9.5],"texture":"#0"}}},{"from":[1,7,1],"to":[15,9,15],"rotation":{"angle":0,"axis":"y","origin":[7,-1,7]},"faces":{"north":{"uv":[8,6.5,11.5,7],"texture":"#0"},"east":{"uv":[8,6.5,11.5,7],"texture":"#0"},"south":{"uv":[8,6.5,11.5,7],"texture":"#0"},"west":{"uv":[8,6.5,11.5,7],"texture":"#0"},"up":{"uv":[8,3.5,4.5,0],"texture":"#0"},"down":{"uv":[8,3.5,4.5,7],"texture":"#0"}}},{"from":[9,7.75,9],"to":[13,9.75,13],"rotation":{"angle":-22.5,"axis":"y","origin":[11,8.75,11]},"faces":{"north":{"uv":[9,4.5,10,5],"texture":"#0"},"east":{"uv":[9,5,10,5.5],"texture":"#0"},"south":{"uv":[9,5.5,10,6],"texture":"#0"},"west":{"uv":[9,6,10,6.5],"texture":"#0"},"up":{"uv":[10,3,9,2],"texture":"#0"},"down":{"uv":[10,3,9,4],"texture":"#0"}}},{"from":[8,7.75,2],"to":[12,9.75,6],"rotation":{"angle":-22.5,"axis":"x","origin":[10,8.75,4]},"faces":{"north":{"uv":[9,4.5,10,5],"texture":"#0"},"east":{"uv":[9,5,10,5.5],"texture":"#0"},"south":{"uv":[9,5.5,10,6],"texture":"#0"},"west":{"uv":[9,6,10,6.5],"texture":"#0"},"up":{"uv":[10,3,9,2],"texture":"#0"},"down":{"uv":[10,3,9,4],"texture":"#0"}}},{"from":[3.5,7.75,2],"to":[6.5,9.75,5],"rotation":{"angle":22.5,"axis":"y","origin":[5,8.75,3.5]},"faces":{"north":{"uv":[6,7.75,6.75,8.25],"texture":"#0"},"east":{"uv":[6.75,7.75,7.5,8.25],"texture":"#0"},"south":{"uv":[7.5,7.75,8.25,8.25],"texture":"#0"},"west":{"uv":[8,0,8.75,0.5],"texture":"#0"},"up":{"uv":[5.25,8.5,4.5,7.75],"texture":"#0"},"down":{"uv":[6,7.75,5.25,8.5],"texture":"#0"}}},{"from":[3.5,7.75,11],"to":[6.5,9.75,14],"rotation":{"angle":22.5,"axis":"y","origin":[5,8.75,12.5]},"faces":{"north":{"uv":[8.25,7.75,7.5,8.25],"texture":"#0"},"east":{"uv":[7.5,7.75,6.75,8.25],"texture":"#0"},"south":{"uv":[6.75,7.75,6,8.25],"texture":"#0"},"west":{"uv":[8.75,0,8,0.5],"texture":"#0"},"up":{"uv":[5.25,7.75,4.5,8.5],"texture":"#0"},"down":{"uv":[6,8.5,5.25,7.75],"texture":"#0"}}},{"from":[-0.5,7.25,6],"to":[2.5,9.25,9],"rotation":{"angle":22.5,"axis":"z","origin":[1,8.25,7.5]},"faces":{"north":{"uv":[8.25,7.75,7.5,8.25],"texture":"#0"},"east":{"uv":[7.5,7.75,6.75,8.25],"texture":"#0"},"south":{"uv":[6.75,7.75,6,8.25],"texture":"#0"},"west":{"uv":[8.75,0,8,0.5],"texture":"#0"},"up":{"uv":[5.25,7.75,4.5,8.5],"texture":"#0"},"down":{"uv":[6,8.5,5.25,7.75],"texture":"#0"}}},{"from":[13.5,7.25,4],"to":[16.5,9.25,7],"rotation":{"angle":-22.5,"axis":"z","origin":[15,8.25,5.5]},"faces":{"north":{"uv":[7.5,7.75,8.25,8.25],"texture":"#0"},"east":{"uv":[8,0,8.75,0.5],"texture":"#0"},"south":{"uv":[6,7.75,6.75,8.25],"texture":"#0"},"west":{"uv":[6.75,7.75,7.5,8.25],"texture":"#0"},"up":{"uv":[4.5,7.75,5.25,8.5],"texture":"#0"},"down":{"uv":[5.25,8.5,6,7.75],"texture":"#0"}}},{"from":[3,7.75,6],"to":[7,9.75,10],"rotation":{"angle":-22.5,"axis":"z","origin":[5,8.75,8]},"faces":{"north":{"uv":[9,4.5,10,5],"texture":"#0"},"east":{"uv":[9,5,10,5.5],"texture":"#0"},"south":{"uv":[9,5.5,10,6],"texture":"#0"},"west":{"uv":[9,6,10,6.5],"texture":"#0"},"up":{"uv":[10,3,9,2],"texture":"#0"},"down":{"uv":[10,3,9,4],"texture":"#0"}}}],"gui_light":"front","display":{"thirdperson_righthand":{"rotation":[68,40,0],"translation":[0,2,-0.5],"scale":[0.45,0.45,0.45]},"thirdperson_lefthand":{"rotation":[68,40,0],"translation":[0,2,-0.5],"scale":[0.45,0.45,0.45]},"firstperson_righthand":{"rotation":[0,30,0],"translation":[0,4,0],"scale":[0.4,0.4,0.4]},"firstperson_lefthand":{"rotation":[0,30,0],"translation":[0,4,0],"scale":[0.4,0.4,0.4]},"ground":{"translation":[0,3.5,0],"scale":[0.52,0.52,0.52]},"gui":{"rotation":[22.5,135,0],"translation":[0,2,0],"scale":[0.6,0.6,0.6]},"head":{"rotation":[10.25,0,0],"translation":[0,10.5,1.25],"scale":[1.61,1.61,1.61]},"fixed":{"rotation":[-45,0,0],"translation":[0,2,-11],"scale":[1.3,1.3,1.3]}}}