{"texture_size":[32,32],"elements":[{"from":[3.5,2.97514,7],"to":[4.5,8.97514,9],"rotation":{"angle":0,"axis":"z","origin":[8.35799,6.74843,8]},"faces":{"north":{"uv":[12,6,12.5,9],"texture":"#0"},"east":{"uv":[10.5,3,11.5,6],"texture":"#0"},"south":{"uv":[12.5,3,13,6],"texture":"#0"},"west":{"uv":[11.5,3,12.5,6],"texture":"#0"},"up":{"uv":[12,7,11.5,6],"texture":"#0"},"down":{"uv":[13.5,3,13,4],"texture":"#0"}}},{"from":[3.5,8.97514,7],"to":[12.5,9.97514,9],"rotation":{"angle":0,"axis":"z","origin":[8.35799,6.74843,8]},"faces":{"north":{"uv":[0,5,4.5,5.5],"texture":"#0"},"east":{"uv":[3,2.5,4,3],"texture":"#0"},"south":{"uv":[7.5,1,12,1.5],"texture":"#0"},"west":{"uv":[3,3,4,3.5],"texture":"#0"},"up":{"uv":[4.5,5,0,4],"texture":"#0"},"down":{"uv":[12,0,7.5,1],"texture":"#0"}}},{"from":[3.5,8.97514,8],"to":[4.5,12.97514,8],"rotation":{"angle":22.5,"axis":"z","origin":[4,13.47514,8]},"faces":{"north":{"uv":[0.5,0,1,2],"texture":"#0"},"east":{"uv":[0.5,0,0.5,2],"texture":"#0"},"south":{"uv":[0.5,0,1,2],"texture":"#0"},"west":{"uv":[0.5,0,0.5,2],"texture":"#0"},"up":{"uv":[1,0,0.5,0],"texture":"#0"},"down":{"uv":[1,0,0.5,0],"texture":"#0"}}},{"from":[11.5,9.22514,8],"to":[12.5,16.22514,8],"rotation":{"angle":-22.5,"axis":"z","origin":[12,13.97514,8]},"faces":{"north":{"uv":[0.5,0,0,3.5],"texture":"#0"},"east":{"uv":[0,0,0,3.5],"texture":"#0"},"south":{"uv":[0.5,0,0,3.5],"texture":"#0"},"west":{"uv":[0,0,0,3.5],"texture":"#0"},"up":{"uv":[0,0,0.5,0],"texture":"#0"},"down":{"uv":[0,0,0.5,0],"texture":"#0"}}},{"from":[11.5,2.97514,7],"to":[12.5,8.97514,9],"rotation":{"angle":0,"axis":"z","origin":[8.35799,6.74843,8]},"faces":{"north":{"uv":[12,6,12.5,9],"texture":"#0"},"east":{"uv":[11.5,3,12.5,6],"texture":"#0"},"south":{"uv":[12.5,3,13,6],"texture":"#0"},"west":{"uv":[10.5,3,11.5,6],"texture":"#0"},"up":{"uv":[12,7,11.5,6],"texture":"#0"},"down":{"uv":[13.5,3,13,4],"texture":"#0"}}},{"from":[2.6499,12.33827,7],"to":[5.6499,17.33827,9],"rotation":{"angle":-22.5,"axis":"z","origin":[2.8999,14.33827,8]},"faces":{"north":{"uv":[5,3,6.5,5.5],"rotation":180,"texture":"#0"},"east":{"uv":[5.5,5.5,6.5,8],"rotation":180,"texture":"#0"},"south":{"uv":[6.5,3,5,5.5],"rotation":180,"texture":"#0"},"west":{"uv":[4.5,5.5,5.5,8],"rotation":180,"texture":"#0"},"up":{"uv":[7.5,1.5,6,2.5],"rotation":180,"texture":"#0"},"down":{"uv":[7.5,1.5,6,0.5],"rotation":180,"texture":"#0"}}},{"from":[8.3999,12.83827,7],"to":[10.3999,15.83827,9],"rotation":{"angle":-45,"axis":"z","origin":[10.6499,14.83827,8]},"faces":{"north":{"uv":[3,6,4,7.5],"rotation":180,"texture":"#0"},"east":{"uv":[6.5,4,7.5,5.5],"rotation":180,"texture":"#0"},"south":{"uv":[4,6,3,7.5],"rotation":180,"texture":"#0"},"west":{"uv":[1.5,6.5,2.5,8],"rotation":180,"texture":"#0"},"up":{"uv":[7.5,6.5,6.5,7.5],"rotation":180,"texture":"#0"},"down":{"uv":[7.5,6.5,6.5,5.5],"rotation":180,"texture":"#0"}}},{"from":[10.3999,12.83827,7],"to":[13.3999,17.83827,9],"rotation":{"angle":-45,"axis":"z","origin":[10.6499,14.83827,8]},"faces":{"north":{"uv":[5,3,6.5,5.5],"rotation":180,"texture":"#0"},"east":{"uv":[5.5,5.5,6.5,8],"rotation":180,"texture":"#0"},"south":{"uv":[6.5,3,5,5.5],"rotation":180,"texture":"#0"},"west":{"uv":[4.5,5.5,5.5,8],"rotation":180,"texture":"#0"},"up":{"uv":[7.5,1.5,6,2.5],"rotation":180,"texture":"#0"},"down":{"uv":[7.5,1.5,6,0.5],"rotation":180,"texture":"#0"}}},{"from":[0.6499,12.33827,7],"to":[2.6499,15.33827,9],"rotation":{"angle":-22.5,"axis":"z","origin":[2.8999,14.33827,8]},"faces":{"north":{"uv":[3,6,4,7.5],"rotation":180,"texture":"#0"},"east":{"uv":[6.5,4,7.5,5.5],"rotation":180,"texture":"#0"},"south":{"uv":[4,6,3,7.5],"rotation":180,"texture":"#0"},"west":{"uv":[1.5,6.5,2.5,8],"rotation":180,"texture":"#0"},"up":{"uv":[7.5,6.5,6.5,7.5],"rotation":180,"texture":"#0"},"down":{"uv":[7.5,6.5,6.5,5.5],"rotation":180,"texture":"#0"}}}],"gui_light":"front","display":{"thirdperson_righthand":{"rotation":[30,0,0],"translation":[0,0,1.5],"scale":[0.6,0.6,0.6]},"thirdperson_lefthand":{"rotation":[30,0,0],"translation":[0,0,1.5],"scale":[0.6,0.6,0.6]},"firstperson_righthand":{"translation":[1.5,0.5,0],"scale":[0.6,0.6,0.6]},"firstperson_lefthand":{"translation":[1.5,0.5,0],"scale":[0.6,0.6,0.6]},"ground":{"translation":[0,2,0],"scale":[0.7,0.7,0.7]},"gui":{"rotation":[27,135,0],"translation":[-0.5,-1.75,0],"scale":[0.9,0.9,0.9]},"head":{"translation":[0,4.25,0],"scale":[1.61,1.61,1.61]},"fixed":{"translation":[0,-1.5,-1.5],"scale":[1.4,1.4,1.4]}}}