{"texture_size":[64,64],"elements":[{"from":[3,5.03817,6.40067],"to":[13,16.03817,16.40067],"rotation":{"angle":0,"axis":"y","origin":[8.5,13.30249,8.75]},"faces":{"north":{"uv":[0,0,2.5,2.75],"texture":"#0"},"east":{"uv":[2.75,0,5.25,2.75],"texture":"#0"},"south":{"uv":[0,3,2.5,5.75],"texture":"#0"},"west":{"uv":[2.75,3,5.25,5.75],"texture":"#0"},"up":{"uv":[8,2.5,5.5,0],"texture":"#0"},"down":{"uv":[8,2.75,5.5,5.25],"texture":"#0"}}},{"from":[2.5,14.53817,5.90067],"to":[7.5,15.53817,7.90067],"rotation":{"angle":-22.5,"axis":"z","origin":[4.5,14.53817,6.40067]},"faces":{"north":{"uv":[13.75,6.75,15,7],"texture":"#0"},"east":{"uv":[4.75,8,5.25,8.25],"texture":"#0"},"south":{"uv":[13.75,7.25,15,7.5],"texture":"#0"},"west":{"uv":[10.25,8,10.75,8.25],"texture":"#0"},"up":{"uv":[14.25,0.5,13,0],"texture":"#0"},"down":{"uv":[14.25,6,13,6.5],"texture":"#0"}}},{"from":[8.5,14.53817,5.90067],"to":[13.5,15.53817,7.90067],"rotation":{"angle":22.5,"axis":"z","origin":[11.5,14.53817,6.40067]},"faces":{"north":{"uv":[15,6.75,13.75,7],"texture":"#0"},"east":{"uv":[10.75,8,10.25,8.25],"texture":"#0"},"south":{"uv":[15,7.25,13.75,7.5],"texture":"#0"},"west":{"uv":[5.25,8,4.75,8.25],"texture":"#0"},"up":{"uv":[13,0.5,14.25,0],"texture":"#0"},"down":{"uv":[13,6,14.25,6.5],"texture":"#0"}}},{"from":[3.5,11.53817,6.30067],"to":[5.5,13.53817,6.30067],"rotation":{"angle":0,"axis":"y","origin":[1,14.03817,6.40067]},"faces":{"north":{"uv":[14.75,0.75,15.25,1.25],"texture":"#0"},"east":{"uv":[0,0,0,0.5],"texture":"#0"},"south":{"uv":[14.75,1.5,15.25,2],"texture":"#0"},"west":{"uv":[0,0,0,0.5],"texture":"#0"},"up":{"uv":[0,0,0.5,0],"texture":"#0"},"down":{"uv":[0,0,0.5,0],"texture":"#0"}}},{"from":[10.5,11.53817,6.30067],"to":[12.5,13.53817,6.30067],"rotation":{"angle":0,"axis":"y","origin":[15,14.03817,6.40067]},"faces":{"north":{"uv":[15.25,0.75,14.75,1.25],"texture":"#0"},"east":{"uv":[0,0,0,0.5],"texture":"#0"},"south":{"uv":[15.25,1.5,14.75,2],"texture":"#0"},"west":{"uv":[0,0,0,0.5],"texture":"#0"},"up":{"uv":[0.5,0,0,0],"texture":"#0"},"down":{"uv":[0.5,0,0,0],"texture":"#0"}}},{"from":[6,14.65705,9.01536],"to":[10,16.65705,13.01536],"rotation":{"angle":-22.5,"axis":"x","origin":[9,13.30249,8.75]},"faces":{"north":{"uv":[13.5,1.5,14.5,2],"texture":"#0"},"east":{"uv":[13.5,2.25,14.5,2.75],"texture":"#0"},"south":{"uv":[13.25,13.5,14.25,14],"texture":"#0"},"west":{"uv":[13.75,3,14.75,3.5],"texture":"#0"},"up":{"uv":[9.75,12,8.75,11],"texture":"#0"},"down":{"uv":[12,9,11,10],"texture":"#0"}}},{"from":[5.5,13.89168,10.86312],"to":[10.5,15.89168,15.86312],"rotation":{"angle":-22.5,"axis":"x","origin":[9,13.30249,8.75]},"faces":{"north":{"uv":[13.25,9.75,14.5,10.25],"texture":"#0"},"east":{"uv":[13.25,10.5,14.5,11],"texture":"#0"},"south":{"uv":[13.25,11.25,14.5,11.75],"texture":"#0"},"west":{"uv":[13.25,12,14.5,12.5],"texture":"#0"},"up":{"uv":[6,9.75,4.75,8.5],"texture":"#0"},"down":{"uv":[7.5,8.5,6.25,9.75],"texture":"#0"}}},{"from":[6,11.12632,12.71088],"to":[10,15.12632,17.71088],"rotation":{"angle":-22.5,"axis":"x","origin":[9,13.30249,8.75]},"faces":{"north":{"uv":[10,11,11,12],"texture":"#0"},"east":{"uv":[3.25,9,4.5,10],"texture":"#0"},"south":{"uv":[11.25,3.25,12.25,4.25],"texture":"#0"},"west":{"uv":[10,1.25,11.25,2.25],"texture":"#0"},"up":{"uv":[5.75,11.25,4.75,10],"texture":"#0"},"down":{"uv":[7,10,6,11.25],"texture":"#0"}}},{"from":[6,7.12632,11.71088],"to":[10,11.12632,16.71088],"rotation":{"angle":-22.5,"axis":"x","origin":[9,13.30249,8.75]},"faces":{"north":{"uv":[11.25,10.25,12.25,11.25],"texture":"#0"},"east":{"uv":[10.25,5.5,11.5,6.5],"texture":"#0"},"south":{"uv":[11.5,1.25,12.5,2.25],"texture":"#0"},"west":{"uv":[10.25,6.75,11.5,7.75],"texture":"#0"},"up":{"uv":[1,11.75,0,10.5],"texture":"#0"},"down":{"uv":[2.25,11,1.25,12.25],"texture":"#0"}}},{"from":[6,3.12632,11.71088],"to":[10,7.12632,15.71088],"rotation":{"angle":-22.5,"axis":"x","origin":[9,13.30249,8.75]},"faces":{"north":{"uv":[4.25,11.5,5.25,12.5],"texture":"#0"},"east":{"uv":[5.5,11.5,6.5,12.5],"texture":"#0"},"south":{"uv":[11.25,11.5,12.25,12.5],"texture":"#0"},"west":{"uv":[11.75,0,12.75,1],"texture":"#0"},"up":{"uv":[12.75,5.5,11.75,4.5],"texture":"#0"},"down":{"uv":[12.75,5.75,11.75,6.75],"texture":"#0"}}},{"from":[2.93378,2.03817,12.99375],"to":[4.93378,9.03817,14.99375],"rotation":{"angle":-22.5,"axis":"z","origin":[2.93378,6.53817,13.99375]},"faces":{"north":{"uv":[12.5,9.75,13,11.5],"texture":"#0"},"east":{"uv":[4.75,12.75,4.25,14.5],"texture":"#0"},"south":{"uv":[12.75,1.25,13.25,3],"texture":"#0"},"west":{"uv":[4.25,12.75,4.75,14.5],"texture":"#0"},"up":{"uv":[15,5,14.5,4.5],"texture":"#0"},"down":{"uv":[15,5.25,14.5,5.75],"texture":"#0"}}},{"from":[2.93378,1.03817,9.99375],"to":[4.93378,8.03817,11.99375],"rotation":{"angle":-22.5,"axis":"z","origin":[2.93378,6.53817,13.99375]},"faces":{"north":{"uv":[5,12.75,5.5,14.5],"texture":"#0"},"east":{"uv":[7.75,12.75,7.25,14.5],"texture":"#0"},"south":{"uv":[6.5,12.75,7,14.5],"texture":"#0"},"west":{"uv":[7.25,12.75,7.75,14.5],"texture":"#0"},"up":{"uv":[15,6.5,14.5,6],"texture":"#0"},"down":{"uv":[8.5,14.5,8,15],"texture":"#0"}}},{"from":[11.06622,2.03817,12.99375],"to":[13.06622,9.03817,14.99375],"rotation":{"angle":22.5,"axis":"z","origin":[13.06622,6.53817,13.99375]},"faces":{"north":{"uv":[13,9.75,12.5,11.5],"texture":"#0"},"east":{"uv":[4.75,12.75,4.25,14.5],"texture":"#0"},"south":{"uv":[13.25,1.25,12.75,3],"texture":"#0"},"west":{"uv":[4.25,12.75,4.75,14.5],"texture":"#0"},"up":{"uv":[14.5,5,15,4.5],"texture":"#0"},"down":{"uv":[14.5,5.25,15,5.75],"texture":"#0"}}},{"from":[11.06622,1.03817,9.99375],"to":[13.06622,8.03817,11.99375],"rotation":{"angle":22.5,"axis":"z","origin":[13.06622,6.53817,13.99375]},"faces":{"north":{"uv":[5.5,12.75,5,14.5],"texture":"#0"},"east":{"uv":[7.75,12.75,7.25,14.5],"texture":"#0"},"south":{"uv":[7,12.75,6.5,14.5],"texture":"#0"},"west":{"uv":[7.25,12.75,7.75,14.5],"texture":"#0"},"up":{"uv":[14.5,6.5,15,6],"texture":"#0"},"down":{"uv":[8,14.5,8.5,15],"texture":"#0"}}},{"from":[0.72598,10.53817,6.86061],"to":[2.72598,12.53817,16.86061],"rotation":{"angle":-22.5,"axis":"y","origin":[2.24178,9.03817,12.43927]},"faces":{"north":{"uv":[14.5,0,15,0.5],"texture":"#0"},"east":{"uv":[4,10.25,1.5,10.75],"texture":"#0"},"south":{"uv":[14.5,3.75,15,4.25],"texture":"#0"},"west":{"uv":[1.5,10.25,4,10.75],"texture":"#0"},"up":{"uv":[7.75,12.5,7.25,10],"texture":"#0"},"down":{"uv":[8.5,10,8,12.5],"texture":"#0"}}},{"from":[1.08079,8.18817,7.88405],"to":[3.08079,10.18817,14.88405],"rotation":{"angle":-22.5,"axis":"y","origin":[2.24178,9.03817,12.43927]},"faces":{"north":{"uv":[13,14.25,13.5,14.75],"texture":"#0"},"east":{"uv":[2.5,12.5,0.75,13],"texture":"#0"},"south":{"uv":[13.75,14.25,14.25,14.75],"texture":"#0"},"west":{"uv":[0.75,12.5,2.5,13],"texture":"#0"},"up":{"uv":[3.25,13.75,2.75,12],"texture":"#0"},"down":{"uv":[4,12,3.5,13.75],"texture":"#0"}}},{"from":[1.72598,5.53817,9.86061],"to":[3.72598,7.53817,16.86061],"rotation":{"angle":-22.5,"axis":"y","origin":[2.24178,9.03817,12.43927]},"faces":{"north":{"uv":[14,7.75,14.5,8.25],"texture":"#0"},"east":{"uv":[10.5,12.25,8.75,12.75],"texture":"#0"},"south":{"uv":[14.25,8.5,14.75,9],"texture":"#0"},"west":{"uv":[8.75,12.25,10.5,12.75],"texture":"#0"},"up":{"uv":[5.25,7.75,4.75,6],"texture":"#0"},"down":{"uv":[0.5,12,0,13.75],"texture":"#0"}}},{"from":[13.27402,10.53817,6.86061],"to":[15.27402,12.53817,16.86061],"rotation":{"angle":22.5,"axis":"y","origin":[13.75822,9.03817,12.43927]},"faces":{"north":{"uv":[15,0,14.5,0.5],"texture":"#0"},"east":{"uv":[4,10.25,1.5,10.75],"texture":"#0"},"south":{"uv":[15,3.75,14.5,4.25],"texture":"#0"},"west":{"uv":[1.5,10.25,4,10.75],"texture":"#0"},"up":{"uv":[7.25,12.5,7.75,10],"texture":"#0"},"down":{"uv":[8,10,8.5,12.5],"texture":"#0"}}},{"from":[12.91921,8.18817,7.88405],"to":[14.91921,10.18817,14.88405],"rotation":{"angle":22.5,"axis":"y","origin":[13.75822,9.03817,12.43927]},"faces":{"north":{"uv":[13.5,14.25,13,14.75],"texture":"#0"},"east":{"uv":[2.5,12.5,0.75,13],"texture":"#0"},"south":{"uv":[14.25,14.25,13.75,14.75],"texture":"#0"},"west":{"uv":[0.75,12.5,2.5,13],"texture":"#0"},"up":{"uv":[2.75,13.75,3.25,12],"texture":"#0"},"down":{"uv":[3.5,12,4,13.75],"texture":"#0"}}},{"from":[12.27402,5.53817,9.86061],"to":[14.27402,7.53817,16.86061],"rotation":{"angle":22.5,"axis":"y","origin":[13.75822,9.03817,12.43927]},"faces":{"north":{"uv":[14.5,7.75,14,8.25],"texture":"#0"},"east":{"uv":[10.5,12.25,8.75,12.75],"texture":"#0"},"south":{"uv":[14.75,8.5,14.25,9],"texture":"#0"},"west":{"uv":[8.75,12.25,10.5,12.75],"texture":"#0"},"up":{"uv":[4.75,7.75,5.25,6],"texture":"#0"},"down":{"uv":[0,12,0.5,13.75],"texture":"#0"}}},{"from":[3.09539,16.10845,12.07933],"to":[5.13539,22.14845,14.11933],"rotation":{"angle":0,"axis":"y","origin":[4.73206,19.04822,13.08683]},"faces":{"north":{"uv":[8.75,13,9.25,14.5],"texture":"#0"},"east":{"uv":[9.5,13,10,14.5],"texture":"#0"},"south":{"uv":[0.75,13.25,1.25,14.75],"texture":"#0"},"west":{"uv":[1.5,13.25,2,14.75],"texture":"#0"},"up":{"uv":[2.75,14.5,2.25,14],"texture":"#0"},"down":{"uv":[3.5,14,3,14.5],"texture":"#0"}}},{"from":[4.25109,15.71811,12.05433],"to":[6.29109,21.75811,14.09433],"rotation":{"angle":22.5,"axis":"z","origin":[4.73206,19.04822,13.08683]},"faces":{"north":{"uv":[8,12.75,8.5,14.25],"texture":"#0"},"east":{"uv":[10.75,12.75,11.25,14.25],"texture":"#0"},"south":{"uv":[11.5,12.75,12,14.25],"texture":"#0"},"west":{"uv":[13,4.25,13.5,5.75],"texture":"#0"},"up":{"uv":[12.75,14.25,12.25,13.75],"texture":"#0"},"down":{"uv":[0.5,14,0,14.5],"texture":"#0"}}},{"from":[10.86461,16.10845,12.07933],"to":[12.90461,22.14845,14.11933],"rotation":{"angle":0,"axis":"y","origin":[11.26794,19.04822,13.08683]},"faces":{"north":{"uv":[9.25,13,8.75,14.5],"texture":"#0"},"east":{"uv":[2,13.25,1.5,14.75],"texture":"#0"},"south":{"uv":[1.25,13.25,0.75,14.75],"texture":"#0"},"west":{"uv":[10,13,9.5,14.5],"texture":"#0"},"up":{"uv":[2.25,14.5,2.75,14],"texture":"#0"},"down":{"uv":[3,14,3.5,14.5],"texture":"#0"}}},{"from":[9.70891,15.71811,12.05433],"to":[11.74891,21.75811,14.09433],"rotation":{"angle":-22.5,"axis":"z","origin":[11.26794,19.04822,13.08683]},"faces":{"north":{"uv":[8.5,12.75,8,14.25],"texture":"#0"},"east":{"uv":[13.5,4.25,13,5.75],"texture":"#0"},"south":{"uv":[12,12.75,11.5,14.25],"texture":"#0"},"west":{"uv":[11.25,12.75,10.75,14.25],"texture":"#0"},"up":{"uv":[12.25,14.25,12.75,13.75],"texture":"#0"},"down":{"uv":[0,14,0.5,14.5],"texture":"#0"}}},{"from":[5,8.53817,0.40067],"to":[11,12.53817,6.40067],"rotation":{"angle":0,"axis":"y","origin":[9,12.30249,8.75]},"faces":{"north":{"uv":[1.5,9,3,10],"texture":"#0"},"east":{"uv":[9.25,8.5,10.75,9.5],"texture":"#0"},"south":{"uv":[9.25,9.75,10.75,10.75],"texture":"#0"},"west":{"uv":[10,0,11.5,1],"texture":"#0"},"up":{"uv":[9.75,1.5,8.25,0],"texture":"#0"},"down":{"uv":[9.75,1.75,8.25,3.25],"texture":"#0"}}},{"from":[6,10.53817,-1.09933],"to":[10,13.53817,0.90067],"rotation":{"angle":22.5,"axis":"x","origin":[8.5,10.03817,-1.09933]},"faces":{"north":{"uv":[12.5,3.25,13.5,4],"texture":"#0"},"east":{"uv":[13.75,3.75,14.25,4.5],"texture":"#0"},"south":{"uv":[12.75,7.75,13.75,8.5],"texture":"#0"},"west":{"uv":[13.75,4.75,14.25,5.5],"texture":"#0"},"up":{"uv":[14.25,13.25,13.25,12.75],"texture":"#0"},"down":{"uv":[14.5,0.75,13.5,1.25],"texture":"#0"}}},{"from":[5,7.39822,1.77893],"to":[11,10.39822,12.77893],"rotation":{"angle":-22.5,"axis":"x","origin":[8,8.92937,13.87919]},"faces":{"north":{"uv":[2.5,11,4,11.75],"texture":"#0"},"east":{"uv":[8.25,3.5,11,4.25],"texture":"#0"},"south":{"uv":[11,8,12.5,8.75],"texture":"#0"},"west":{"uv":[8.25,4.5,11,5.25],"texture":"#0"},"up":{"uv":[7,8.25,5.5,5.5],"texture":"#0"},"down":{"uv":[1.5,6,0,8.75],"texture":"#0"}}},{"from":[2.5,5.78817,5.40067],"to":[13.5,10.78817,10.40067],"rotation":{"angle":0,"axis":"y","origin":[9,13.30249,8.75]},"faces":{"north":{"uv":[1.75,6,4.5,7.25],"texture":"#0"},"east":{"uv":[7.75,8.5,9,9.75],"texture":"#0"},"south":{"uv":[7.25,5.5,10,6.75],"texture":"#0"},"west":{"uv":[0,9,1.25,10.25],"texture":"#0"},"up":{"uv":[10,8.25,7.25,7],"texture":"#0"},"down":{"uv":[4.5,7.5,1.75,8.75],"texture":"#0"}}},{"from":[-4.68198,13.03817,9.58265],"to":[4.31802,16.03817,9.58265],"rotation":{"angle":45,"axis":"y","origin":[-0.18198,14.03817,9.58265]},"faces":{"north":{"uv":[14.75,9,15.5,11.25],"rotation":270,"texture":"#0"},"east":{"uv":[0,0,0.75,0],"rotation":90,"texture":"#0"},"south":{"uv":[14.75,9,15.5,11.25],"rotation":90,"texture":"#0"},"west":{"uv":[0,0,0.75,0],"rotation":90,"texture":"#0"},"up":{"uv":[0,0,0,2.25],"rotation":90,"texture":"#0"},"down":{"uv":[0,0,0,2.25],"rotation":90,"texture":"#0"}}},{"from":[11.68198,13.03817,9.58265],"to":[20.68198,16.03817,9.58265],"rotation":{"angle":-45,"axis":"y","origin":[16.18198,14.03817,9.58265]},"faces":{"north":{"uv":[14.75,11.25,15.5,9],"rotation":270,"texture":"#0"},"east":{"uv":[0,0,0.75,0],"rotation":90,"texture":"#0"},"south":{"uv":[14.75,11.25,15.5,9],"rotation":90,"texture":"#0"},"west":{"uv":[0,0,0.75,0],"rotation":90,"texture":"#0"},"up":{"uv":[0,2.25,0,0],"rotation":90,"texture":"#0"},"down":{"uv":[0,2.25,0,0],"rotation":90,"texture":"#0"}}},{"from":[5.1,6.98734,0.65499],"to":[10.9,9.78734,6.45499],"rotation":{"angle":-22.5,"axis":"x","origin":[7,8.76234,3.55499]},"faces":{"north":{"uv":[3.5,14.75,5,15.5],"texture":"#0"},"east":{"uv":[0,14.75,1.5,15.5],"texture":"#0"},"south":{"uv":[3.5,14.75,5,15.5],"texture":"#0"},"west":{"uv":[1.75,14.75,3.25,15.5],"texture":"#0"},"up":{"uv":[6.5,14.5,8,16],"texture":"#0"},"down":{"uv":[6.5,14.5,8,16],"texture":"#0"}}},{"from":[11.3,10.2772,6.90674],"to":[5.1,7.0772,0.70674],"rotation":{"angle":-22.5,"axis":"x","origin":[8.2,8.6772,3.80674]},"faces":{"north":{"uv":[3.5,14.75,5,15.5],"rotation":180,"texture":"#0"},"east":{"uv":[0,14.75,1.5,15.5],"rotation":180,"texture":"#0"},"south":{"uv":[3.5,14.75,5,15.5],"rotation":180,"texture":"#0"},"west":{"uv":[1.75,14.75,3.25,15.5],"rotation":180,"texture":"#0"},"up":{"uv":[6.5,14.5,8,16],"texture":"#0"},"down":{"uv":[6.5,14.5,8,16],"texture":"#0"}}},{"from":[5.1,6.1876,1.7749],"to":[10.9,8.9876,7.5749],"rotation":{"angle":-22.5,"axis":"x","origin":[8.8,7.7126,4.4249]},"faces":{"north":{"uv":[3.5,14.75,5,15.5],"rotation":180,"texture":"#0"},"east":{"uv":[8.25,15,9.75,15.75],"rotation":180,"texture":"#0"},"south":{"uv":[3.5,14.75,5,15.5],"rotation":180,"texture":"#0"},"west":{"uv":[9.75,15,8.25,15.75],"rotation":180,"texture":"#0"},"up":{"uv":[6.5,14.5,8,16],"rotation":180,"texture":"#0"},"down":{"uv":[6.5,14.5,8,16],"rotation":180,"texture":"#0"}}},{"from":[11.3,12.99825,7.22686],"to":[5.1,9.79825,1.02686],"rotation":{"angle":-22.5,"axis":"x","origin":[8.2,11.39825,13.12686]},"faces":{"north":{"uv":[3.5,14.75,5,15.5],"texture":"#0"},"east":{"uv":[9.75,15,8.25,15.75],"texture":"#0"},"south":{"uv":[3.5,14.75,5,15.5],"texture":"#0"},"west":{"uv":[8.25,15,9.75,15.75],"texture":"#0"},"up":{"uv":[6.5,14.5,8,16],"rotation":180,"texture":"#0"},"down":{"uv":[6.5,14.5,8,16],"rotation":180,"texture":"#0"}}}],"gui_light":"front","display":{"thirdperson_righthand":{"rotation":[68,0,0],"translation":[0,2,-2],"scale":[0.6,0.6,0.6]},"thirdperson_lefthand":{"rotation":[68,0,0],"translation":[0,2,-2],"scale":[0.6,0.6,0.6]},"firstperson_righthand":{"rotation":[0,20,0],"translation":[0,2,0],"scale":[0.4,0.4,0.4]},"firstperson_lefthand":{"rotation":[0,20,0],"translation":[0,2,0],"scale":[0.4,0.4,0.4]},"ground":{"translation":[0,4.5,0],"scale":[0.6,0.6,0.6]},"gui":{"rotation":[22.5,135,0],"translation":[-1.25,-2.75,0],"scale":[0.65,0.65,0.65]},"head":{"translation":[0,-1.75,-6.25],"scale":[1.7,1.7,1.7]},"fixed":{"translation":[-1.25,-6.75,-15.75],"scale":[4,4,4]}}}