{"texture_size":[32,32],"elements":[{"from":[3.5,0,3.5],"to":[12.5,3,13.5],"rotation":{"angle":0,"axis":"y","origin":[7,0,7]},"faces":{"north":{"uv":[0,8.5,4.5,10],"texture":"#0"},"east":{"uv":[0,7,5,8.5],"texture":"#0"},"south":{"uv":[4.5,8.5,9,10],"texture":"#0"},"west":{"uv":[5,7,10,8.5],"texture":"#0"},"up":{"uv":[4.5,5,0,0],"texture":"#0"},"down":{"uv":[9,0,4.5,5],"texture":"#0"}}},{"from":[5.5,-0.11418,2.92597],"to":[10.5,2.88582,4.92597],"rotation":{"angle":-22.5,"axis":"x","origin":[8,1.38582,2.92597]},"faces":{"north":{"uv":[9,8.5,11.5,10],"texture":"#0"},"east":{"uv":[9,10,10,11.5],"texture":"#0"},"south":{"uv":[0,10,2.5,11.5],"texture":"#0"},"west":{"uv":[10,10,11,11.5],"texture":"#0"},"up":{"uv":[9,11,6.5,10],"texture":"#0"},"down":{"uv":[12.5,7,10,8],"texture":"#0"}}},{"from":[3.5,3,9.5],"to":[12.5,6,13.5],"rotation":{"angle":0,"axis":"y","origin":[7,3,7]},"faces":{"north":{"uv":[9,0,13.5,1.5],"texture":"#0"},"east":{"uv":[2.5,10,4.5,11.5],"texture":"#0"},"south":{"uv":[9,1.5,13.5,3],"texture":"#0"},"west":{"uv":[4.5,10,6.5,11.5],"texture":"#0"},"up":{"uv":[4.5,7,0,5],"texture":"#0"},"down":{"uv":[9,5,4.5,7],"texture":"#0"}}},{"from":[3,3.5,10.5],"to":[13,5.5,12.5],"rotation":{"angle":0,"axis":"y","origin":[7,2.5,7]},"faces":{"north":{"uv":[9,3,14,4],"texture":"#0"},"east":{"uv":[6.5,11,7.5,12],"texture":"#0"},"south":{"uv":[9,4,14,5],"texture":"#0"},"west":{"uv":[7.5,11,8.5,12],"texture":"#0"},"up":{"uv":[14,6,9,5],"texture":"#0"},"down":{"uv":[14,6,9,7],"texture":"#0"}}}],"gui_light":"front","display":{"thirdperson_righthand":{"rotation":[68,10,0],"translation":[-0.5,2,0.75],"scale":[0.7,0.7,0.7]},"thirdperson_lefthand":{"rotation":[68,10,0],"translation":[-0.5,2,0.75],"scale":[0.7,0.7,0.7]},"firstperson_righthand":{"rotation":[0,15,0],"translation":[0,6.5,0],"scale":[0.65,0.65,0.65]},"firstperson_lefthand":{"rotation":[0,15,0],"translation":[0,6.5,0],"scale":[0.65,0.65,0.65]},"ground":{"translation":[0,4,0],"scale":[0.7,0.7,0.7]},"gui":{"rotation":[22.5,135,0],"translation":[-0.5,4,0],"scale":[1.07,1.07,1.07]},"head":{"rotation":[-9,0,0],"translation":[0,3.5,-1.75],"scale":[1.62,1.62,1.62]},"fixed":{"rotation":[-90,0,0],"translation":[0,0,-16],"scale":[2,2,2]}}}