{"texture_size":[32,32],"elements":[{"from":[3.5,1.97514,3.5],"to":[3.5,6.97514,12.5],"rotation":{"angle":0,"axis":"z","origin":[8.35799,5.74843,8]},"faces":{"north":{"uv":[0,0,0,2.5],"texture":"#0"},"east":{"uv":[9.5,0,5,2.5],"texture":"#0"},"south":{"uv":[0,0,0,2.5],"texture":"#0"},"west":{"uv":[5,0,9.5,2.5],"texture":"#0"},"up":{"uv":[0,4.5,0,0],"texture":"#0"},"down":{"uv":[0,0,0,4.5],"texture":"#0"}}},{"from":[3.25,3.97514,4.5],"to":[3.25,6.97514,7.5],"rotation":{"angle":-45,"axis":"x","origin":[3.25,5.47514,6]},"faces":{"north":{"uv":[0,3,0,4.5],"texture":"#0"},"east":{"uv":[6.5,3,5,4.5],"texture":"#0"},"south":{"uv":[0,3,0,4.5],"texture":"#0"},"west":{"uv":[5,3,6.5,4.5],"texture":"#0"},"up":{"uv":[0,4.5,0,3],"texture":"#0"},"down":{"uv":[0,3,0,4.5],"texture":"#0"}}},{"from":[12.5,1.97514,3.5],"to":[12.5,6.97514,12.5],"rotation":{"angle":0,"axis":"y","origin":[7.64201,5.74843,8]},"faces":{"north":{"uv":[0,0,0,2.5],"texture":"#0"},"east":{"uv":[9.5,0,5,2.5],"texture":"#0"},"south":{"uv":[0,0,0,2.5],"texture":"#0"},"west":{"uv":[5,0,9.5,2.5],"texture":"#0"},"up":{"uv":[0,4.5,0,0],"texture":"#0"},"down":{"uv":[0,0,0,4.5],"texture":"#0"}}},{"from":[2.6499,2.58827,2],"to":[7.6499,5.58827,4],"rotation":{"angle":45,"axis":"z","origin":[4.6499,5.33827,3]},"faces":{"north":{"uv":[0,2,2.5,3.5],"texture":"#0"},"east":{"uv":[0,2,1,0.5],"texture":"#0"},"south":{"uv":[2.5,5.5,0,7],"texture":"#0"},"west":{"uv":[2.5,2,3.5,3.5],"texture":"#0"},"up":{"uv":[4,1,1.5,0],"texture":"#0"},"down":{"uv":[2.5,4.5,0,3.5],"texture":"#0"}}},{"from":[2.6499,5.58827,2],"to":[5.6499,7.58827,4],"rotation":{"angle":45,"axis":"z","origin":[4.6499,5.33827,3]},"faces":{"north":{"uv":[1,1,2.5,2],"texture":"#0"},"east":{"uv":[0,1,1,2],"texture":"#0"},"south":{"uv":[2.5,4.5,1,5.5],"texture":"#0"},"west":{"uv":[2.5,1,3.5,2],"texture":"#0"},"up":{"uv":[2.5,1,1,0],"texture":"#0"},"down":{"uv":[0,0,0,0],"texture":"#0"}}},{"from":[8.3501,2.58827,2],"to":[13.3501,5.58827,4],"rotation":{"angle":-45,"axis":"z","origin":[11.3501,5.33827,3]},"faces":{"north":{"uv":[2.5,2,0,3.5],"texture":"#0"},"east":{"uv":[3.5,2,2.5,3.5],"texture":"#0"},"south":{"uv":[0,5.5,2.5,7],"texture":"#0"},"west":{"uv":[1,2,0,0.5],"texture":"#0"},"up":{"uv":[1.5,1,4,0],"texture":"#0"},"down":{"uv":[0,4.5,2.5,3.5],"texture":"#0"}}},{"from":[10.3501,5.58827,2],"to":[13.3501,7.58827,4],"rotation":{"angle":-45,"axis":"z","origin":[11.3501,5.33827,3]},"faces":{"north":{"uv":[2.5,1,1,2],"texture":"#0"},"east":{"uv":[3.5,1,2.5,2],"texture":"#0"},"south":{"uv":[1,4.5,2.5,5.5],"texture":"#0"},"west":{"uv":[1,1,0,2],"texture":"#0"},"up":{"uv":[1,1,2.5,0],"texture":"#0"},"down":{"uv":[0,0,0,0],"texture":"#0"}}}],"gui_light":"front","display":{"thirdperson_righthand":{"rotation":[68,0,0],"translation":[0,0.5,1.5],"scale":[0.5,0.5,0.5]},"thirdperson_lefthand":{"rotation":[68,0,0],"translation":[0,0.5,1.5],"scale":[0.5,0.5,0.5]},"firstperson_righthand":{"translation":[1.5,4,0],"scale":[0.7,0.7,0.7]},"firstperson_lefthand":{"translation":[1.5,4,0],"scale":[0.7,0.7,0.7]},"ground":{"translation":[0,4,1],"scale":[0.7,0.7,0.7]},"gui":{"rotation":[27,135,0],"translation":[1.5,3.5,0],"scale":[1.07,1.07,1.07]},"head":{"translation":[0,4,0.75],"scale":[1.61,1.61,1.61]},"fixed":{"rotation":[-90,0,0],"translation":[0,0.5,-9],"scale":[1.5,1.5,1.5]}}}